cell,cell_lat,cell_lon,total_events,dom_vehicle,dom_junction,cell_junction_share,cell_sev_mean,cell_veh_mean,cell_impact_sum,train_events,dom_police_station,pred_daily_viol,actual_daily_viol,pred_total,peak_block,peak_block_label,mean_impact_per_viol,epi_raw,EPI,zone_id
100_238,12.8509053,77.65745645744681,47,SCOOTER,No Junction,0.0,0.7,0.6,23.562,47,Electronic City,0.2325399282582206,0.0,9.069057202070603,3,Afternoon (12-16),0.501,0.11650250405736852,3.2,127
102_241,12.854323651724139,77.6621129448276,29,SCOOTER,No Junction,0.0,0.6,0.6137931034482759,16.02,29,Electronic City,0.29798349564378124,0.0,11.621356330107469,2,Morning Peak (08-12),0.552,0.16448688959536725,4.4,128
103_242,12.85555155,77.66427810357142,28,SCOOTER,No Junction,0.0,0.8892857142857142,0.7928571428571428,17.104,27,Electronic City,0.2421746297324715,0.02564102564102564,9.444810559566388,0,Late Night (00-04),0.611,0.1479686987665401,4.0,129
103_243,12.85498282195122,77.66492144878049,41,SCOOTER,No Junction,0.0,0.8878048780487805,0.8048780487804879,31.272,38,Electronic City,0.35458818139266307,0.07692307692307693,13.828939074313858,2,Morning Peak (08-12),0.763,0.27055078240260194,6.9,130
104_192,12.857070259403962,77.58895029966695,21,CAR,No Junction,0.0,0.6523809523809524,0.9428571428571428,14.04,14,Hulimavu,0.11420366535430637,0.1794871794871795,4.453942948817949,2,Morning Peak (08-12),0.669,0.07640225212203097,2.1,131
105_192,12.857967199949274,77.58904821590635,26,CAR,No Junction,0.0,0.6423076923076922,0.9076923076923078,14.946,12,Hulimavu,0.1140713671085753,0.358974358974359,4.448783317234436,1,Early Morning (04-08),0.575,0.06559103608743079,1.8,132
108_153,12.862518054545456,77.53025338181818,33,CAR,No Junction,0.0,0.6484848484848484,0.9696969696969697,23.983999999999998,33,Thalagattapura,0.24041826112683276,0.0,9.376312183946478,2,Morning Peak (08-12),0.727,0.1747840758392074,4.6,133
113_235,12.870080993088111,77.6535537960076,151,SCOOTER,No Junction,0.0,0.6960264900662251,0.7132450331125828,83.959,122,Electronic City,1.3936857654211157,0.7435897435897436,54.353744851423514,3,Afternoon (12-16),0.556,0.7748892855741404,16.5,0
113_236,12.870717328939524,77.65455022050837,158,SCOOTER,No Junction,0.0,0.7056962025316456,0.7943037974683544,93.812,143,Electronic City,0.7617766052532107,0.38461538461538464,29.709287604875215,2,Morning Peak (08-12),0.594,0.4524953035204071,10.8,0
113_237,12.870575135714287,77.65596957380951,84,CAR,No Junction,0.0,0.6880952380952381,0.9511904761904763,62.993,73,Electronic City,0.5209004790720982,0.28205128205128205,20.31511868381183,2,Morning Peak (08-12),0.75,0.3906753593040737,9.5,0
113_238,12.87044040882353,77.65756005588236,34,CAR,No Junction,0.0,0.8852941176470588,1.0058823529411764,32.74,27,Electronic City,0.29372907575130075,0.1794871794871795,11.455433954300728,2,Morning Peak (08-12),0.963,0.2828610999485026,7.2,0
113_239,12.870233904347826,77.65922072173913,23,CAR,No Junction,0.0,0.6391304347826087,1.0260869565217392,10.148,20,Electronic City,0.18402343957480177,0.07692307692307693,7.176914143417269,0,Late Night (00-04),0.441,0.08115433685248759,2.2,0
114_159,12.871740748275862,77.53899599655172,29,CAR,No Junction,0.0,0.7034482758620689,1.013793103448276,24.426,29,Thalagattapura,0.25257058061118604,0.0,9.850252643836255,2,Morning Peak (08-12),0.842,0.21266442887461864,5.6,134
114_236,12.871770126923078,77.6542078423077,26,CAR,No Junction,0.0,0.7,0.9692307692307692,15.792,19,Electronic City,0.14770630498851406,0.1794871794871795,5.760545894552048,1,Early Morning (04-08),0.607,0.08965772712802803,2.5,0
115_196,12.87297133398011,77.59429457121547,35,SCOOTER,No Junction,0.0,0.6942857142857142,0.6571428571428571,14.43,26,Hulimavu,0.2565346145908795,0.23076923076923078,10.0048499690443,0,Late Night (00-04),0.412,0.10569226121144235,2.9,135
116_160,12.874230595454547,77.54081842272727,22,CAR,No Junction,0.0,0.6818181818181818,0.8727272727272727,15.34,11,Thalagattapura,0.09353439246794973,0.28205128205128205,3.647841306250039,1,Early Morning (04-08),0.697,0.06519347155016096,1.8,136
116_196,12.875322347222223,77.59519074722222,36,SCOOTER,No Junction,0.0,0.6416666666666666,0.6666666666666666,15.15,17,Hulimavu,0.10195575636153201,0.48717948717948717,3.976274498099748,2,Morning Peak (08-12),0.421,0.04292337342820497,1.2,1
116_232,12.875050483333334,77.64871859090908,66,LORRY/GOODS VEHICLE,No Junction,0.0,0.696969696969697,1.1303030303030301,45.927,50,Hulimavu,0.4701382886793961,0.41025641025641024,18.33539325849645,3,Afternoon (12-16),0.696,0.32721624892085965,8.2,2
117_162,12.875980095214596,77.54406662956704,38,CAR,No Junction,0.0,0.6815789473684211,0.9631578947368421,29.93,20,Thalagattapura,0.22334704822449433,0.46153846153846156,8.71053488075528,2,Morning Peak (08-12),0.788,0.17599747400090154,4.7,137
117_196,12.87638643537415,77.5953529244898,147,SCOOTER,No Junction,0.0,0.6170068027210884,0.6829931972789115,73.134,125,Hulimavu,1.169617300395179,0.5641025641025641,45.615074715411986,3,Afternoon (12-16),0.498,0.5824694155967992,13.2,1
117_197,12.876298112301587,77.59635622976191,252,SCOOTER,No Junction,0.0,0.6658730158730158,0.6638888888888889,119.042,104,Hulimavu,0.9617066072718049,3.7948717948717947,37.50655768360039,3,Afternoon (12-16),0.472,0.4539255186322919,10.8,1
117_198,12.876305613793104,77.59745435862068,29,CAR,No Junction,0.0,0.6103448275862069,0.9517241379310345,17.966,16,Hulimavu,0.12476965113152365,0.3333333333333333,4.8660163941294226,3,Afternoon (12-16),0.62,0.07735718370154467,2.1,1
117_211,12.875953262162163,77.61679000810811,37,CAR,No Junction,0.0,0.6054054054054053,0.7837837837837838,19.172,36,Hulimavu,0.29774596747919085,0.02564102564102564,11.612092731688444,3,Afternoon (12-16),0.518,0.15423241115422087,4.1,138
117_231,12.8763157,77.64751799120879,91,CAR,No Junction,0.0,0.7032967032967032,1.078021978021978,57.077,55,Hulimavu,0.5422080737582391,0.9230769230769231,21.146114876571325,0,Late Night (00-04),0.627,0.3399644622464159,8.4,2
117_232,12.875707489024391,77.64816074756098,82,CAR,No Junction,0.0,0.7,1.0939024390243903,49.532,50,Hulimavu,0.5535914433798167,0.8205128205128205,21.590066291812853,0,Late Night (00-04),0.604,0.33436923180140926,8.3,2
117_247,12.875866833333335,77.67128366666667,42,SCOOTER,No Junction,0.0,0.7880952380952382,0.7857142857142857,30.188,39,Electronic City,0.3524713807639229,0.07692307692307693,13.746383849792995,2,Morning Peak (08-12),0.719,0.2534269227692606,6.5,139
118_231,12.877248527272727,77.64700507575758,33,CAR,No Junction,0.0,0.7,1.087878787878788,17.913,10,Hulimavu,0.09943905543817029,0.5897435897435898,3.8781231620886416,0,Late Night (00-04),0.543,0.05399540710292647,1.5,2
119_163,12.879465282647093,77.545386367528,29,CAR,No Junction,0.0,0.6448275862068965,0.8689655172413793,20.003999999999998,15,Thalagattapura,0.1352279383511204,0.358974358974359,5.273889595693695,1,Early Morning (04-08),0.69,0.09330727746227307,2.6,140
119_230,12.879653482352941,77.64541900882352,34,CAR,No Junction,0.0,0.7,1.0970588235294116,19.901,23,Hulimavu,0.2345388403870878,0.28205128205128205,9.147014775096423,0,Late Night (00-04),0.585,0.13720522162644636,3.7,3
120_229,12.881081177777778,77.64449071481482,27,CAR,No Junction,0.0,0.7,1.0222222222222224,15.329999999999998,20,Hulimavu,0.20350128232426018,0.1794871794871795,7.9365500106461475,0,Late Night (00-04),0.568,0.11558872836017978,3.2,3
120_230,12.88083798912237,77.64531125500591,70,CAR,No Junction,0.0,0.7,1.0757142857142856,44.163,44,Electronic City,0.36195219387087696,0.6666666666666666,14.116135560964201,0,Late Night (00-04),0.631,0.22839183433252336,5.9,3
121_197,12.881818561333333,77.5958709,75,SCOOTER,No Junction,0.0,0.6866666666666666,0.7626666666666666,41.019999999999996,44,J.P. Nagar,0.4738495417302489,0.7948717948717948,18.480132127479706,1,Early Morning (04-08),0.547,0.25919569932644615,6.6,141
122_165,12.883412286363637,77.5488104,22,CAR,No Junction,0.0,0.6272727272727272,0.9090909090909091,14.888,12,Thalagattapura,0.11758118182632056,0.2564102564102564,4.585666091226502,1,Early Morning (04-08),0.677,0.07960246009641903,2.2,142
122_197,12.884067227272727,77.59627571363636,22,CAR,No Junction,0.0,0.6818181818181818,0.9454545454545454,15.468,21,J.P. Nagar,0.26267421145806036,0.02564102564102564,10.244294246864355,3,Afternoon (12-16),0.703,0.1846599706550164,4.9,143
122_198,12.884195429944171,77.59794341239204,39,MOTOR CYCLE,No Junction,0.0,0.6974358974358974,0.6487179487179487,23.046,36,Hulimavu,0.27791025613229553,0.07692307692307693,10.838499989159525,2,Morning Peak (08-12),0.591,0.16424496137418665,4.4,144
122_227,12.884174529023953,77.64136460929411,85,LORRY/GOODS VEHICLE,No Junction,0.0,0.7,1.2058823529411764,57.11299999999999,28,Hulimavu,0.36971335651881276,1.4615384615384615,14.418820904233696,3,Afternoon (12-16),0.672,0.2484473755806422,6.4,4
122_228,12.883643956,77.642920278,50,CAR,No Junction,0.0,0.7,1.146,32.836999999999996,40,Hulimavu,0.45522156436231614,0.2564102564102564,17.753641010130334,0,Late Night (00-04),0.657,0.2990805677860417,7.5,4
122_301,12.883505015541335,77.75225740940857,35,CAR,No Junction,0.0,0.7571428571428571,1.042857142857143,30.512999999999998,23,No Police Station,0.29663343184481517,0.3076923076923077,11.56870384194779,2,Morning Peak (08-12),0.872,0.2586643525686788,6.6,145
123_227,12.885558652681523,77.6415982242634,83,SCOOTER,No Junction,0.0,0.7,0.8819277108433735,37.681,41,Hulimavu,0.41830158690211977,1.0769230769230769,16.31376188918267,0,Late Night (00-04),0.454,0.1899089204535624,5.0,4
123_228,12.884890213636364,77.64241107272728,66,LORRY/GOODS VEHICLE,No Junction,0.0,0.7,1.1181818181818182,36.952999999999996,49,Electronic City,0.5199922951324399,0.4358974358974359,20.27969951016516,0,Late Night (00-04),0.56,0.2911956852741664,7.4,4
124_227,12.886966821666666,77.640974455,120,CAR,No Junction,0.0,0.6991666666666666,1.0483333333333333,71.987,51,Hulimavu,0.48222524046045817,1.7692307692307692,18.80678437795787,0,Late Night (00-04),0.6,0.2893351442762749,7.3,4
125_174,12.888266301034626,77.56227357214411,154,SCOOTER,No Junction,0.0,0.6103896103896104,0.6961038961038961,87.394,90,Thalagattapura,1.037581736732426,1.641025641025641,40.46568773256462,2,Morning Peak (08-12),0.567,0.5883088447272855,13.3,5
125_175,12.888586437662337,77.56305268441558,77,SCOOTER,No Junction,0.0,0.6077922077922078,0.6467532467532467,41.208,66,Thalagattapura,0.6979799224157637,0.28205128205128205,27.221216974214784,2,Morning Peak (08-12),0.535,0.37341925849243357,9.1,5
125_226,12.888106390560818,77.64008226881644,26,CAR,No Junction,0.0,0.7,1.0769230769230769,13.097,13,Hulimavu,0.15350963292289105,0.3333333333333333,5.986875683992752,0,Late Night (00-04),0.504,0.07736885499313709,2.1,4
125_227,12.887872237910157,77.64114452741676,42,CAR,No Junction,0.0,0.7,1.019047619047619,19.445999999999998,12,Hulimavu,0.11735480931259423,0.7692307692307693,4.576837563191175,0,Late Night (00-04),0.463,0.054335276711731134,1.5,4
126_175,12.889599708928571,77.56336045,56,SCOOTER,No Junction,0.0,0.6178571428571429,0.725,29.838,31,K.S. Layout,0.3363623188719389,0.6410256410256411,13.118130436005616,2,Morning Peak (08-12),0.533,0.17928111595874344,4.8,5
126_226,12.889785317539056,77.6396997454059,86,CAR,No Junction,0.0,0.7023255813953488,0.9813953488372092,58.586,52,HSR Layout,0.5272117645328931,0.8717948717948718,20.561258816782825,1,Early Morning (04-08),0.681,0.3590312116469002,8.8,4
127_225,12.89139968350627,77.63849023579704,197,CAR,No Junction,0.0,0.7350253807106598,0.9644670050761421,125.619,165,HSR Layout,1.5434081392242294,0.8205128205128205,60.19291742974495,0,Late Night (00-04),0.638,0.9846943928250583,19.8,4
127_226,12.890863993069976,77.63915810977653,20,CAR,No Junction,0.0,0.7899999999999999,0.86,15.588,17,HSR Layout,0.15785455687316988,0.07692307692307693,6.1563277180536256,2,Morning Peak (08-12),0.779,0.12296869980419933,3.3,4
128_224,12.893059040384616,77.63712465230769,260,CAR,No Junction,0.0,0.7,0.9907692307692308,129.51399999999998,172,Hulimavu,1.8798289452055674,2.2564102564102564,73.31332886301712,0,Late Night (00-04),0.498,0.9361548147123726,19.0,4
128_225,12.89228579882829,77.63786371177845,147,CAR,No Junction,0.0,0.7081632653061224,0.9231292517006802,72.07,110,Hulimavu,1.0706315117866756,0.9487179487179487,41.754628959680346,0,Late Night (00-04),0.49,0.524609440775471,12.2,4
129_178,12.893840655555556,77.56780148444444,45,CAR,No Junction,0.0,0.6,1.0155555555555555,38.802,36,K.S. Layout,0.392523583833419,0.23076923076923078,15.308419769503342,2,Morning Peak (08-12),0.862,0.3383553292644072,8.4,146
129_199,12.894566434246576,77.5990577890411,73,CAR,No Junction,0.0,0.6,0.8301369863013699,33.648,61,J.P. Nagar,0.7706435281176603,0.3076923076923077,30.055097596588755,1,Early Morning (04-08),0.461,0.3552666664622414,8.8,147
129_224,12.893861994689592,77.63677311969231,65,CAR,No Junction,0.0,0.6892307692307692,0.9784615384615385,32.306,27,Hulimavu,0.23544171037750422,0.9743589743589743,9.182226704722666,0,Late Night (00-04),0.497,0.1170145300576196,3.2,4
129_225,12.894629033549695,77.63772934192016,22,MAXI-CAB,No Junction,0.0,0.6,1.1181818181818182,14.268,6,HSR Layout,0.04889960734463739,0.41025641025641024,1.9070846864408582,1,Early Morning (04-08),0.649,0.03173584516666967,0.9,4
129_238,12.894441525531915,77.65727344468085,47,SCOOTER,No Junction,0.0,0.648936170212766,0.8319148936170213,29.198,40,HSR Layout,0.4238721116503984,0.1794871794871795,16.531012354365533,2,Morning Peak (08-12),0.621,0.2632245813348974,6.7,148
130_199,12.895232773076923,77.59921765769231,78,SCOOTER,No Junction,0.0,0.6012820512820513,0.6564102564102564,28.422,30,J.P. Nagar,0.4202613512690111,1.2307692307692308,16.390192699491436,0,Late Night (00-04),0.364,0.15297513186192002,4.1,149
130_223,12.895778842857142,77.6357469952381,21,CAR,No Junction,0.0,0.6714285714285714,0.8857142857142858,11.242,18,Madiwala,0.1588203699299502,0.07692307692307693,6.193994427268057,3,Afternoon (12-16),0.535,0.08496889791252335,2.4,4
130_250,12.895220490909091,77.67585026909092,55,SCOOTER,No Junction,0.0,0.7,0.6,23.94,7,Electronic City,0.07429975161995372,1.2307692307692308,2.8976903131781953,2,Morning Peak (08-12),0.435,0.03232039195467987,0.9,150
131_223,12.897209995408652,77.63509250760613,55,CAR,No Junction,0.0,0.6818181818181818,1.0454545454545454,41.080999999999996,42,HSR Layout,0.33637052370965054,0.3333333333333333,13.118450424676372,1,Early Morning (04-08),0.747,0.25126878121110896,6.5,4
131_279,12.89670911884058,77.71994146231884,69,SCOOTER,No Junction,0.0,0.6666666666666666,0.7811594202898551,41.437999999999995,36,Whitefield,0.41997317327762873,0.8461538461538461,16.37895375782752,1,Early Morning (04-08),0.601,0.25240387713985485,6.5,151
131_280,12.896655029850745,77.72010435820896,67,MOTOR CYCLE,No Junction,0.0,0.7104477611940297,0.8134328358208955,44.129,50,Whitefield,0.5597448614044814,0.4358974358974359,21.830049594774778,1,Early Morning (04-08),0.659,0.3688718636655533,9.1,152
132_222,12.8985522821058,77.63403620810669,34,CAR,No Junction,0.0,0.7058823529411765,1.011764705882353,28.665999999999997,17,Madiwala,0.19401418951939312,0.4358974358974359,7.566553391256331,0,Late Night (00-04),0.843,0.1635539617648484,4.4,4
132_250,12.898972379669715,77.67542286317375,241,CAR,No Junction,0.0,0.6545643153526971,0.8170124481327801,146.84199999999998,199,Bellandur,1.7702146610379623,1.0769230769230769,69.03837178048053,2,Morning Peak (08-12),0.609,1.078060728572119,21.1,6
133_190,12.900264413333334,77.58586421111112,45,SCOOTER,No Junction,0.0,0.6555555555555556,0.8111111111111111,24.15,33,J.P. Nagar,0.34437747384484585,0.3076923076923077,13.430721479948991,3,Afternoon (12-16),0.537,0.18493070345468224,4.9,153
133_250,12.900018421266967,77.67546235520362,221,CAR,No Junction,0.0,0.6271493212669683,0.8705882352941177,141.13,195,Bellandur,1.6653381283826478,0.6666666666666666,64.94818700692326,2,Morning Peak (08-12),0.639,1.064151064036512,20.9,6
134_195,12.901362550000002,77.59367093823529,34,CAR,No Junction,0.0,0.611764705882353,1.0558823529411765,13.92,31,J.P. Nagar,0.3045724696767909,0.07692307692307693,11.878326317394846,0,Late Night (00-04),0.409,0.12457014009780748,3.4,154
134_240,12.90159443809524,77.66050787619048,21,SCOOTER,No Junction,0.0,0.6904761904761905,0.7428571428571429,11.758000000000001,15,Bellandur,0.13864184124330534,0.15384615384615385,5.407031808488909,2,Morning Peak (08-12),0.56,0.077639431096251,2.2,155
134_250,12.901478845070423,77.67564674084507,71,CAR,No Junction,0.0,0.6084507042253521,0.8647887323943662,39.062,59,Bellandur,0.5757248161468643,0.3076923076923077,22.453267829727707,3,Afternoon (12-16),0.55,0.31664864888077543,7.9,6
135_216,12.903099628571429,77.6248345047619,21,SCOOTER,No Junction,0.0,0.6809523809523809,0.8,15.708,10,Madiwala,0.10363805814299604,0.28205128205128205,4.041884267576846,3,Afternoon (12-16),0.748,0.07752126749096104,2.2,156
135_228,12.90347888611111,77.64213762222222,36,LGV,No Junction,0.0,0.7,1.1416666666666666,39.669,19,HSR Layout,0.21731128041442643,0.4358974358974359,8.47513993616263,2,Morning Peak (08-12),1.102,0.23947703101669796,6.2,157
135_269,12.90359540833124,77.70419822620661,92,CAR,No Junction,0.0,0.6815217391304348,0.8239130434782609,61.228,79,Bellandur,0.8216199457539378,0.3333333333333333,32.043177884403576,3,Afternoon (12-16),0.666,0.5471988838721226,12.6,158
136_190,12.9047885275,77.5856989225,40,CAR,"BTP221 - 15th Cross, 24th Main, JP Nagar",1.0,0.7125,0.8400000000000001,42.346199999999996,19,J.P. Nagar,0.17116316273540255,0.5384615384615384,6.675363346680698,2,Morning Peak (08-12),1.059,0.1812617893367913,4.8,159
136_220,12.905029169444443,77.63040536388888,36,CAR,No Junction,0.0,0.6722222222222222,0.911111111111111,28.235999999999997,29,HSR Layout,0.27229158551905014,0.1794871794871795,10.619371835242953,2,Morning Peak (08-12),0.784,0.2134766030469353,5.6,7
136_250,12.904553049999999,77.67597527727273,22,SCOOTER,No Junction,0.0,0.6772727272727272,0.6818181818181818,10.874,8,Bellandur,0.07814217557510146,0.358974358974359,3.047544847428957,3,Afternoon (12-16),0.494,0.03860223473410012,1.1,160
136_268,12.90442831050929,77.70224961603009,21,CAR,No Junction,0.0,0.6952380952380952,0.9619047619047618,17.942,16,Bellandur,0.19215365572522936,0.1282051282051282,7.493992573283945,2,Morning Peak (08-12),0.854,0.16409922198934587,4.4,161
137_161,12.905941329824563,77.54232324736843,57,SCOOTER,No Junction,0.0,0.6631578947368421,0.8070175438596491,32.374,42,K.S. Layout,0.4201318995551688,0.38461538461538464,16.385144082651582,3,Afternoon (12-16),0.568,0.23863491894733585,6.2,162
137_163,12.906735285518836,77.54562130268137,38,CAR,No Junction,0.0,0.8394736842105263,0.886842105263158,33.264,37,K.S. Layout,0.3221413005378043,0.02564102564102564,12.56351072097437,3,Afternoon (12-16),0.875,0.2818736379705788,7.2,8
137_164,12.90682497603506,77.54637063824804,40,CAR,No Junction,0.0,0.9025000000000001,0.8550000000000001,35.47,38,K.S. Layout,0.27402416235857385,0.05128205128205128,10.686942331984378,3,Afternoon (12-16),0.887,0.24305943201205502,6.3,8
137_182,12.906409497297298,77.57353678108107,37,CAR,"BTP159 - JP Nagar Metro, ORR",1.0,0.6297297297297297,0.9648648648648649,30.5136,21,J.P. Nagar,0.23886971689375486,0.41025641025641024,9.315918958856438,1,Early Morning (04-08),0.825,0.19706751643734774,5.2,163
137_193,12.906384637499999,77.590502425,24,CAR,BTP222 - Delmia Circle,0.9166666666666666,0.6541666666666667,0.9833333333333334,20.180999999999997,24,J.P. Nagar,0.21103583128526282,0.0,8.230397420125252,0,Late Night (00-04),0.841,0.17748113411090602,4.7,164
137_194,12.906302796296295,77.59162295925925,27,CAR,BTP222 - Delmia Circle,1.0,0.7,1.0074074074074073,21.645,15,J.P. Nagar,0.15393945583412733,0.3076923076923077,6.003638777530966,0,Late Night (00-04),0.802,0.12345944357897012,3.4,165
137_200,12.906914662068965,77.6011037,29,SCOOTER,BTP130 - GD Mara Junction,1.0,0.6,0.6275862068965516,17.9712,22,Mico Layout,0.31214887015954196,0.1794871794871795,12.173805936222136,2,Morning Peak (08-12),0.62,0.193532299498916,5.1,9
137_218,12.906733636036037,77.62829917387387,111,SCOOTER,No Junction,0.0,0.9396396396396396,0.7405405405405405,94.598,79,Madiwala,0.795768236792351,0.8205128205128205,31.034961234901687,3,Afternoon (12-16),0.852,0.6779945377470831,14.9,7
137_219,12.90641760895321,77.62946474681524,276,CAR,No Junction,0.0,0.7115942028985507,0.9286231884057972,205.018,200,HSR Layout,2.025914577356282,1.9487179487179487,79.010668516895,3,Afternoon (12-16),0.743,1.5052545309757175,26.5,7
137_220,12.906432054042552,77.63069956042554,235,SCOOTER,No Junction,0.0,0.6970212765957446,0.7936170212765957,145.635,220,HSR Layout,1.3011261344087839,0.38461538461538464,50.74391924194257,3,Afternoon (12-16),0.62,0.806698203333446,17.1,7
137_221,12.906643215730337,77.63180627640449,89,SCOOTER,No Junction,0.0,0.6876404494382022,0.8168539325842697,53.691,86,HSR Layout,0.6560682050379402,0.07692307692307693,25.586659996479664,3,Afternoon (12-16),0.603,0.3956091276378779,9.6,7
137_222,12.90674985909091,77.63327525454545,22,CAR,No Junction,0.0,0.7,1.0363636363636364,14.91,22,HSR Layout,0.13523329462541675,0.0,5.274098490391253,1,Early Morning (04-08),0.678,0.09168817375603257,2.5,7
137_225,12.905939853571429,77.63856956428572,28,LGV,No Junction,0.0,0.6892857142857142,1.0964285714285713,19.184,19,HSR Layout,0.17599769791384803,0.23076923076923078,6.863910218640074,1,Early Morning (04-08),0.685,0.12055842307098591,3.3,166
137_264,12.906779411457167,77.69674377410564,77,SCOOTER,No Junction,0.0,0.6948051948051948,0.8389610389610389,46.422,74,Bellandur,0.5635450134258264,0.07692307692307693,21.97825552360723,1,Early Morning (04-08),0.603,0.33981764309577334,8.4,10
137_265,12.906371308723596,77.69800205217967,39,CAR,No Junction,0.0,0.6923076923076923,0.8256410256410257,25.509999999999998,22,Bellandur,0.19698068748637843,0.4358974358974359,7.682246811968759,2,Morning Peak (08-12),0.654,0.1288253696160915,3.5,10
138_155,12.907843337290936,77.53284678322579,51,MOPED,No Junction,0.0,0.9558823529411765,0.6,26.685000000000002,32,K.S. Layout,0.42024942101142354,0.48717948717948717,16.389727419445517,1,Early Morning (04-08),0.523,0.21979044718897453,5.7,167
138_164,12.907099826224417,77.54617508446202,22,SCOOTER,No Junction,0.0,0.609090909090909,0.6818181818181818,9.278,10,K.S. Layout,0.10672321289101697,0.3076923076923077,4.162205302749661,0,Late Night (00-04),0.422,0.04503719584000916,1.3,8
138_200,12.90790941734694,77.60046120442178,294,SCOOTER,BTP130 - GD Mara Junction,1.0,0.6142857142857142,0.6578231292517007,199.78920000000002,111,Mico Layout,1.4931619964852132,4.6923076923076925,58.233317862923315,2,Morning Peak (08-12),0.68,1.015350157609945,20.2,9
138_201,12.908236103797469,77.60198777974684,79,SCOOTER,BTP130 - GD Mara Junction,1.0,0.6088607594936709,0.6151898734177216,42.736200000000004,11,Mico Layout,0.11384342629909536,1.7435897435897436,4.439893625664719,1,Early Morning (04-08),0.541,0.06158929362781059,1.7,9
138_218,12.908103948148149,77.62832921111111,27,CAR,No Junction,0.0,0.7185185185185184,1.0037037037037038,24.884999999999998,13,Madiwala,0.10914867141822192,0.358974358974359,4.256798185310655,2,Morning Peak (08-12),0.922,0.10063507504760061,2.8,7
138_219,12.907335033601122,77.62892846758562,69,CAR,No Junction,0.0,0.7521739130434782,0.9101449275362319,49.266,53,HSR Layout,0.42282275138839853,0.41025641025641024,16.49008730414754,0,Late Night (00-04),0.714,0.30189544449131656,7.6,7
138_223,12.90734426521739,77.63530066521739,23,SCOOTER,No Junction,0.0,0.6782608695652174,0.8782608695652173,14.839,22,HSR Layout,0.1385577319575723,0.02564102564102564,5.403751546345319,1,Early Morning (04-08),0.645,0.08936973711263413,2.5,7
138_250,12.907778088204878,77.67589746328737,28,CAR,No Junction,0.0,0.7,0.8357142857142856,16.73,17,Bellandur,0.12786039024847753,0.28205128205128205,4.986555219690623,3,Afternoon (12-16),0.598,0.07646051336858957,2.1,168
138_263,12.90711711859879,77.6956835866674,32,SCOOTER,No Junction,0.0,0.66875,0.7374999999999999,17.736,27,Bellandur,0.20707860287998722,0.1282051282051282,8.076065512319502,2,Morning Peak (08-12),0.554,0.11472154599551293,3.1,10
139_166,12.90953660267393,77.54995741896539,64,MOPED,No Junction,0.0,0.9390625,0.80625,55.512,57,K.S. Layout,0.4627571975576957,0.1794871794871795,18.047530704750127,2,Morning Peak (08-12),0.867,0.40121049028252215,9.7,169
139_200,12.9085386518797,77.6007487443609,133,SCOOTER,BTP130 - GD Mara Junction,1.0,0.6263157894736842,0.6736842105263158,95.82300000000001,30,Mico Layout,0.4111920622373006,2.641025641025641,16.036490427254726,1,Early Morning (04-08),0.72,0.29605828481085644,7.5,9
139_229,12.909533636,77.64452790600001,50,SCOOTER,No Junction,0.0,0.604,0.7120000000000001,31.54,50,HSR Layout,0.5011647600826611,0.0,19.545425643223783,2,Morning Peak (08-12),0.631,0.31623496361215914,7.9,170
140_120,12.911153971037068,77.4802799408272,30,CAR,No Junction,0.0,0.7066666666666667,0.94,23.66,17,Kengeri,0.21310824441822973,0.3333333333333333,8.311221532310961,2,Morning Peak (08-12),0.789,0.16814240484598328,4.5,171
140_168,12.911391121286934,77.55205316638208,24,CAR,No Junction,0.0,0.9249999999999999,1.0916666666666666,24.468,9,K.S. Layout,0.10691857705361607,0.38461538461538464,4.169824505091027,0,Late Night (00-04),1.02,0.1090569485946884,3.0,172
140_182,12.911007412745098,77.5733689990196,102,GOODS AUTO,"BTP117 - 9th Cross, Kanakapura Road",1.0,0.7098039215686274,1.0009803921568627,57.863,44,J.P. Nagar,0.5288536135467206,1.4871794871794872,20.6252909283221,0,Late Night (00-04),0.567,0.2998599988809905,7.6,173
140_185,12.910984016296313,77.57832454,25,SCOOTER,BTP196 - Sarakki Main Road,1.0,0.696,0.728,16.952,22,J.P. Nagar,0.2385131319241554,0.07692307692307693,9.302012145042061,2,Morning Peak (08-12),0.678,0.16171190344457737,4.3,174
140_190,12.910613585185185,77.58544801851852,27,SCOOTER,"BTP197 - 9th Cross, 24th Main, JP Nagar",1.0,0.7,0.7185185185185184,21.8946,27,J.P. Nagar,0.18559980808527787,0.0,7.238392515325837,2,Morning Peak (08-12),0.811,0.15052144435716036,4.0,11
140_191,12.910828241935484,77.5876165967742,31,CAR,"BTP197 - 9th Cross, 24th Main, JP Nagar",1.0,0.6580645161290322,0.9548387096774194,23.4234,26,J.P. Nagar,0.2242129889287518,0.1282051282051282,8.744306568221319,1,Early Morning (04-08),0.756,0.16950501963013637,4.5,11
140_217,12.910834052727273,77.62645970909091,55,CAR,No Junction,0.0,0.6909090909090909,1.0054545454545454,42.339999999999996,42,Madiwala,0.3805364235731462,0.3333333333333333,14.840920519352702,2,Morning Peak (08-12),0.77,0.29301304615132256,7.4,12
140_225,12.911223789632107,77.63808355719063,299,SCOOTER,No Junction,0.0,0.61438127090301,0.6849498327759197,150.018,265,HSR Layout,2.222773898111412,0.8717948717948718,86.68818202634505,2,Morning Peak (08-12),0.502,1.1158324968519289,21.6,13
140_257,12.910339481578948,77.68576335526316,38,CAR,No Junction,0.0,0.6026315789473684,1.0,23.07,32,Bellandur,0.32054487900013456,0.15384615384615385,12.50125028100525,1,Early Morning (04-08),0.607,0.19457074155308168,5.1,175
141_181,12.91198818,77.57289567000001,20,SCOOTER,"BTP117 - 9th Cross, Kanakapura Road",1.0,0.625,0.89,11.0734,15,K.S. Layout,0.15911596932744893,0.1282051282051282,6.205522803770508,0,Late Night (00-04),0.554,0.08815024700740672,2.4,176
141_190,12.912262562352943,77.58574045764706,85,CAR,"BTP197 - 9th Cross, 24th Main, JP Nagar",1.0,0.6952941176470587,0.8752941176470589,82.5266,59,J.P. Nagar,0.5809238875974528,0.6666666666666666,22.656031616300663,2,Morning Peak (08-12),0.971,0.5640770948571266,12.9,11
141_216,12.912713646219874,77.62528132071833,25,SCOOTER,No Junction,0.0,0.68,0.932,14.286999999999999,13,HSR Layout,0.1277106679216159,0.3076923076923077,4.98071604894302,0,Late Night (00-04),0.571,0.07292279138324267,2.0,12
141_217,12.912142586206896,77.62586141149426,174,CAR,No Junction,0.0,0.6534482758620689,0.924712643678161,115.109,121,HSR Layout,1.1381830173282856,1.358974358974359,44.38913767580315,2,Morning Peak (08-12),0.662,0.7534771574713252,16.2,12
141_221,12.912340680229065,77.63277347294662,24,SCOOTER,No Junction,0.0,0.7000000000000001,0.7833333333333333,14.591999999999999,23,HSR Layout,0.1567606548173697,0.02564102564102564,6.113665537877418,2,Morning Peak (08-12),0.608,0.09531047812896078,2.6,13
141_222,12.91241881749578,77.63358540981882,327,SCOOTER,No Junction,0.0,0.6975535168195719,0.6256880733944954,165.56,285,HSR Layout,2.434307272429819,1.0769230769230769,94.93798362476295,3,Afternoon (12-16),0.506,1.2317594798494884,23.1,13
141_223,12.912490369682459,77.63537031855424,452,MOTOR CYCLE,No Junction,0.0,0.6331858407079646,0.6676991150442478,221.502,399,HSR Layout,2.8738785795977866,1.358974358974359,112.08126460431367,3,Afternoon (12-16),0.49,1.4082005040029153,25.3,13
141_224,12.912307904603928,77.63650106818982,41,CAR,No Junction,0.0,0.6756097560975609,0.8390243902439024,26.32,29,HSR Layout,0.227862314850768,0.3076923076923077,8.886630279179952,3,Afternoon (12-16),0.642,0.14628760613419306,3.9,13
141_225,12.912009471503957,77.63812775725593,379,SCOOTER,No Junction,0.0,0.6279683377308707,0.6926121372031663,207.186,340,HSR Layout,2.8871724721625487,1.0,112.5997264143394,2,Morning Peak (08-12),0.547,1.5792833422729142,27.3,13
141_229,12.91195961923077,77.64453426410257,78,CAR,No Junction,0.0,0.6679487179487179,0.7987179487179487,52.088,49,HSR Layout,0.4784605769333803,0.7435897435897436,18.659962500401836,3,Afternoon (12-16),0.668,0.31961166539149805,8.0,177
141_234,12.912007879661017,77.6516397762712,59,SCOOTER,No Junction,0.0,0.6152542372881356,0.6745762711864406,30.270000000000003,56,HSR Layout,0.5136742768080182,0.07692307692307693,20.03329679551271,2,Morning Peak (08-12),0.513,0.2635149040025134,6.7,178
141_253,12.912692650724637,77.68049148985507,69,CAR,No Junction,0.0,0.6420289855072463,0.9434782608695651,55.26,54,Bellandur,0.5610942000250018,0.38461538461538464,21.88267380097507,2,Morning Peak (08-12),0.801,0.4494364542200264,10.7,14
141_254,12.912177770129869,77.68153213116884,77,CAR,No Junction,0.0,0.6090909090909091,0.8,39.588,62,Bellandur,0.6338300006971281,0.38461538461538464,24.719370027187995,2,Morning Peak (08-12),0.514,0.32578862035832384,8.1,14
142_120,12.914141557478892,77.48131796024461,29,CAR,No Junction,0.0,0.6689655172413793,0.9310344827586207,17.7,16,Kengeri,0.1815995678366645,0.3333333333333333,7.082383145629915,1,Early Morning (04-08),0.61,0.11077573638036535,3.0,179
142_190,12.913868147169811,77.58580793018868,53,CAR,"BTP177 - Aurobindo Circle, ORR",1.0,0.6981132075471698,0.8528301886792453,48.461400000000005,24,J.P. Nagar,0.22838901989712704,0.7435897435897436,8.907171775987955,2,Morning Peak (08-12),0.914,0.20874756418597412,5.5,11
142_202,12.91350312295082,77.60412694590164,61,CAR,No Junction,0.0,0.6032786885245901,0.8327868852459016,30.426000000000002,59,Mico Layout,0.3899967487243578,0.05128205128205128,15.209873200249953,1,Early Morning (04-08),0.499,0.19460837761345454,5.1,15
142_203,12.913601780487806,77.60530884390244,123,SCOOTER,No Junction,0.0,0.6040650406504064,0.7024390243902439,60.03,117,Mico Layout,0.49426709545973724,0.15384615384615385,19.276416722929753,1,Early Morning (04-08),0.488,0.24120234258435178,6.2,15
142_204,12.913697818644069,77.60668329830509,177,SCOOTER,"BTP163 - 16th Main Road, BTM Layout",0.5141242937853108,0.6005649717514124,0.7152542372881355,96.92280000000001,165,Mico Layout,0.9724816919452497,0.3076923076923077,37.92678598586474,1,Early Morning (04-08),0.548,0.5329199671859969,12.3,15
142_205,12.913814963366338,77.60821858712872,101,SCOOTER,"BTP163 - 16th Main Road, BTM Layout",1.0,0.6,0.7861386138613862,69.7632,88,Mico Layout,0.5118583913304317,0.3333333333333333,19.962477261886836,3,Afternoon (12-16),0.691,0.3536941484093282,8.7,15
142_206,12.913895894594594,77.6094435108108,37,SCOOTER,"BTP163 - 16th Main Road, BTM Layout",1.0,0.6027027027027028,0.7243243243243244,23.621000000000002,23,Mico Layout,0.22358113114158146,0.358974358974359,8.719664114521677,2,Morning Peak (08-12),0.638,0.14264476166832898,3.8,15
142_216,12.913225053846153,77.62537913846154,26,SCOOTER,No Junction,0.0,0.7,0.7384615384615384,15.176,21,HSR Layout,0.17952789669110084,0.1282051282051282,7.001587970952933,2,Morning Peak (08-12),0.584,0.10484429166760288,2.9,12
142_217,12.91309801111111,77.62558174814815,27,CAR,No Junction,0.0,0.6925925925925925,0.9259259259259259,17.442,15,HSR Layout,0.13222771665816827,0.3076923076923077,5.156880949668563,3,Afternoon (12-16),0.646,0.0854191049611767,2.4,12
142_225,12.913838936363637,77.63817815454544,33,CAR,No Junction,0.0,0.6,0.8484848484848485,20.232,22,HSR Layout,0.200263412517455,0.28205128205128205,7.810273088180744,2,Morning Peak (08-12),0.613,0.12276147187319991,3.3,13
142_244,12.913777141666666,77.66655255416667,24,MOTOR CYCLE,No Junction,0.0,0.6166666666666666,0.7333333333333333,9.36,18,Bellandur,0.21826852566862803,0.15384615384615385,8.512472501076493,1,Early Morning (04-08),0.39,0.08512472501076493,2.4,180
142_251,12.913951188831362,77.67752640918874,70,SCOOTER,No Junction,0.0,0.6842857142857143,0.7714285714285715,47.37,65,Bellandur,0.5518393209008273,0.1282051282051282,21.521733515132265,2,Morning Peak (08-12),0.677,0.37359522024986014,9.2,14
142_252,12.913554555510329,77.67862820314576,73,SCOOTER,No Junction,0.0,0.6726027397260274,0.7863013698630137,48.624,65,Bellandur,0.6176768435035473,0.20512820512820512,24.08939689663834,2,Morning Peak (08-12),0.666,0.41137277777336256,9.9,14
143_182,12.915419441509433,77.57352832264151,53,SCOOTER,"BTP117 - 9th Cross, Kanakapura Road",1.0,0.620754716981132,0.6830188679245284,25.7322,32,K.S. Layout,0.37076681753641605,0.5384615384615384,14.459905883920225,1,Early Morning (04-08),0.486,0.1801926733226982,4.8,16
143_190,12.915212117948718,77.58582111794871,39,CAR,"BTP177 - Aurobindo Circle, ORR",1.0,0.7051282051282052,0.8512820512820514,40.4014,26,J.P. Nagar,0.2587258786621577,0.3333333333333333,10.090309267824148,2,Morning Peak (08-12),1.036,0.2680400102939954,6.8,11
143_210,12.915108531034484,77.6158164551724,29,SCOOTER,"BTP164 - 29th Main Road, BTM Layout",1.0,0.6827586206896551,0.6620689655172414,16.6556,0,UNKNOWN,0.0,0.7435897435897436,0.0,0,Late Night (00-04),0.574,0.0,0.0,181
143_221,12.915212614833466,77.63232801055278,22,CAR,No Junction,0.0,0.6,0.9090909090909091,16.56,20,HSR Layout,0.20421280329445,0.05128205128205128,7.964299328483549,2,Morning Peak (08-12),0.753,0.15377224088072083,4.1,182
144_133,12.917065086046511,77.50018434883721,43,SCOOTER,No Junction,0.0,0.6116279069767441,0.6,23.67,43,Kengeri,0.3267474837669532,0.0,12.743151866911173,2,Morning Peak (08-12),0.55,0.17971111607182427,4.8,183
144_182,12.917120296675535,77.57348635672413,306,SCOOTER,"BTP115 - Sahasra Hospital, Jayanagar",0.9771241830065359,0.6209150326797386,0.7852941176470588,205.1388,241,Banashankari,2.1878752694992536,1.6666666666666667,85.3271355104709,2,Morning Peak (08-12),0.67,1.4658764305645,26.0,16
144_185,12.917201898684212,77.57814733421053,76,CAR,"BTP176 - Rajalakshmi Kalyana Mantapa, JP Nagar",1.0,0.6789473684210526,0.881578947368421,65.7878,62,Jayanagara,0.5434294793356027,0.358974358974359,21.193749694088506,1,Early Morning (04-08),0.866,0.47060992910463195,11.1,17
144_186,12.917023272413793,77.57947402068964,29,SCOOTER,"BTP176 - Rajalakshmi Kalyana Mantapa, JP Nagar",1.0,0.6551724137931034,0.7034482758620689,17.854200000000002,18,Jayanagara,0.22205671816796083,0.28205128205128205,8.66021200855047,1,Early Morning (04-08),0.616,0.13678693839146386,3.7,17
144_190,12.916738623529412,77.58585219999999,34,CAR,"BTP177 - Aurobindo Circle, ORR",1.0,0.7,0.9411764705882353,31.4184,12,Jayanagara,0.07501231132163887,0.5641025641025641,2.925480141543916,2,Morning Peak (08-12),0.924,0.06931137566119432,1.9,11
144_196,12.916934304761904,77.59507144523809,42,SCOOTER,"BTP179 - 9th Block, 28th Main, Jayanagar",1.0,0.8345238095238094,0.7619047619047619,28.568800000000003,35,Jayanagara,0.2320230915080342,0.1794871794871795,9.048900568813334,3,Afternoon (12-16),0.68,0.15777570222546328,4.2,18
144_197,12.916911817204301,77.5964613655914,93,SCOOTER,"BTP202 - East End Main Road, Jayanagar",1.0,0.7655913978494624,0.7817204301075269,69.7736,72,Jayanagara,0.5178288151218358,0.5384615384615384,20.195323789751594,2,Morning Peak (08-12),0.75,0.3883716113413768,9.5,18
144_225,12.916497252459017,77.63823500163934,61,CAR,No Junction,0.0,0.6081967213114754,0.8754098360655738,29.573999999999998,54,HSR Layout,0.528515903416173,0.1794871794871795,20.612120233230744,1,Early Morning (04-08),0.485,0.2563302131568439,6.6,184
144_234,12.916521263888889,77.65173718333332,72,SCOOTER,No Junction,0.0,0.6430555555555555,0.6722222222222222,37.11,65,HSR Layout,0.5760339985746917,0.1794871794871795,22.465325944412978,2,Morning Peak (08-12),0.515,0.29665750926596623,7.5,185
144_248,12.916759059765655,77.67313923017856,112,MOTOR CYCLE,No Junction,0.0,0.6892857142857143,0.81875,70.591,62,Bellandur,0.6199306509735474,1.2820512820512822,24.17729538796835,2,Morning Peak (08-12),0.63,0.39055631011333486,9.5,19
145_182,12.917686206779662,77.57375971694914,59,SCOOTER,"BTP115 - Sahasra Hospital, Jayanagar",1.0,0.635593220338983,0.8559322033898306,41.0592,37,Jayanagara,0.3659597347908182,0.5641025641025641,14.272429656841911,0,Late Night (00-04),0.696,0.2547079754144095,6.5,16
145_185,12.917683910416665,77.57778961666666,48,CAR,"BTP176 - Rajalakshmi Kalyana Mantapa, JP Nagar",1.0,0.6583333333333333,1.01875,40.924,35,Jayanagara,0.2850376321593138,0.3333333333333333,11.11646765421324,1,Early Morning (04-08),0.853,0.2431371002318947,6.3,17
145_197,12.917927479310345,77.59689013793104,29,CAR,"BTP202 - East End Main Road, Jayanagar",1.0,0.8103448275862069,0.9862068965517242,23.1504,20,Jayanagara,0.24756423734701732,0.23076923076923078,9.655005256533675,0,Late Night (00-04),0.798,0.19755626140291985,5.2,18
145_234,12.918252652380954,77.65173679285715,42,MOTOR CYCLE,No Junction,0.0,0.669047619047619,0.6952380952380952,23.79,39,HSR Layout,0.33739944666124894,0.07692307692307693,13.158578419788707,2,Morning Peak (08-12),0.566,0.1909680868102669,5.0,186
145_246,12.918674565625,77.669789625,32,CAR,No Junction,0.0,0.653125,0.90625,16.788,11,Bellandur,0.10079305661135776,0.5384615384615384,3.9309292078429516,0,Late Night (00-04),0.525,0.05291635472096283,1.5,19
145_247,12.918109956410257,77.67116296666667,39,CAR,No Junction,0.0,0.7358974358974358,0.9179487179487179,27.782,24,Bellandur,0.19029619260193337,0.38461538461538464,7.4215515114754025,2,Morning Peak (08-12),0.712,0.13549088913257656,3.7,19
145_248,12.917770641666666,77.6723825875,24,MOTOR CYCLE,No Junction,0.0,0.85,0.7166666666666667,16.672,14,Bellandur,0.1652044307667649,0.2564102564102564,6.44297279990383,3,Afternoon (12-16),0.695,0.11481707938290159,3.1,19
146_187,12.91993752142857,77.58080773214286,28,SCOOTER,"BTP191 - 40th Cross, 4th Main, Jayanagar",1.0,0.7,0.6142857142857142,15.1242,15,Jayanagara,0.19190843359609047,0.3333333333333333,7.484428910247529,0,Late Night (00-04),0.54,0.10363055414188886,2.8,21
146_189,12.919789321212122,77.58373032575757,66,CAR,"BTP191 - 40th Cross, 4th Main, Jayanagar",1.0,0.6621212121212121,0.9272727272727274,46.5374,49,Jayanagara,0.4359377965898996,0.4358974358974359,17.001574067006086,0,Late Night (00-04),0.705,0.3073361465958792,7.7,187
146_206,12.920014745454546,77.61036006363636,44,SCOOTER,"BTP163 - 16th Main Road, BTM Layout",1.0,0.7,0.7454545454545454,33.924800000000005,26,Mico Layout,0.23576501042962428,0.46153846153846156,9.194835406755349,3,Afternoon (12-16),0.771,0.18177482304124032,4.8,188
146_213,12.920172682699285,77.620815450083,42,CAR,BTP137 - Madiwala Traffic PS Junction,1.0,0.7119047619047618,1.0071428571428571,44.4821,21,Madiwala,0.24457028538587758,0.5384615384615384,9.538241130049226,0,Late Night (00-04),1.059,0.2589999322236443,6.6,20
146_214,12.91974988830983,77.62121621261008,47,CAR,BTP137 - Madiwala Traffic PS Junction,1.0,0.725531914893617,1.0042553191489363,45.3648,25,Madiwala,0.2750514180143666,0.5641025641025641,10.727005302560297,0,Late Night (00-04),0.965,0.2654246183838638,6.8,20
146_230,12.9196682,77.64517230384615,26,CAR,No Junction,0.0,0.6038461538461538,1.0076923076923077,17.01,21,HSR Layout,0.19243242684341558,0.1282051282051282,7.504864646893209,1,Early Morning (04-08),0.654,0.1258508071555938,3.4,189
147_187,12.921752745000001,77.580669085,20,SCOOTER,"BTP190 - 36th Cross, 4th Main, Jayanagar",1.0,0.6,0.7,10.8576,19,Jayanagara,0.18200549283385026,0.02564102564102564,7.098214220520159,0,Late Night (00-04),0.543,0.0988289826087807,2.7,21
147_190,12.921746552173913,77.58585667826087,23,CAR,No Junction,0.34782608695652173,0.6913043478260869,0.9478260869565218,18.409,20,Jayanagara,0.15955165041132285,0.07692307692307693,6.222514366041591,1,Early Morning (04-08),0.8,0.12764132032905828,3.5,22
147_200,12.921005941176471,77.60059375588236,34,SCOOTER,BTP128 - Gorappanapalya Junction,1.0,0.6588235294117647,0.7294117647058824,21.5748,10,Mico Layout,0.09154685761524206,0.6153846153846154,3.5703274469944404,0,Late Night (00-04),0.635,0.05813225458567871,1.6,190
147_213,12.920967202084677,77.62045828674835,21,CAR,BTP137 - Madiwala Traffic PS Junction,1.0,0.7333333333333334,1.0380952380952382,22.8618,13,Madiwala,0.1404927142671115,0.20512820512820512,5.479215856417349,0,Late Night (00-04),1.089,0.1529965658368844,4.1,20
147_230,12.921409291666668,77.64510429583333,24,CAR,No Junction,0.0,0.6166666666666666,0.9833333333333334,16.83,18,HSR Layout,0.16203931487613668,0.15384615384615385,6.319533280169329,1,Early Morning (04-08),0.701,0.11358955972817181,3.1,191
147_243,12.920879606779549,77.66537542210892,166,SCOOTER,No Junction,0.0,0.6933734939759035,0.8036144578313253,102.726,135,Bellandur,1.2548432571469925,0.7948717948717948,48.93888702873271,2,Morning Peak (08-12),0.619,0.7767479761739884,16.6,192
147_244,12.921294205263159,77.66681738421052,38,CAR,No Junction,0.0,0.6921052631578947,1.0184210526315791,20.4,21,Bellandur,0.17990452446656996,0.4358974358974359,7.016276454196229,0,Late Night (00-04),0.537,0.09660872963854808,2.7,193
148_187,12.922481320338983,77.58075944576271,59,SCOOTER,"BTP190 - 36th Cross, 4th Main, Jayanagar",1.0,0.628813559322034,0.6067796610169491,26.325,39,Jayanagara,0.3962570282984252,0.5128205128205128,15.454024103638583,1,Early Morning (04-08),0.446,0.17673063462109764,4.7,21
148_190,12.922856165517242,77.58574934827585,29,CAR,"BTP226 - 33rd Cross, 11th Main, Jayanagar",1.0,0.7724137931034483,0.9448275862068966,31.9644,12,Jayanagara,0.11024515561086595,0.4358974358974359,4.299561068823772,3,Afternoon (12-16),1.102,0.12149016148317429,3.3,22
148_206,12.922585559999998,77.61022971999999,20,MAXI-CAB,No Junction,0.0,0.925,0.9799999999999999,19.584,13,Mico Layout,0.17465071342225166,0.1794871794871795,6.811377823467815,2,Morning Peak (08-12),0.979,0.17098304844038437,4.6,24
148_212,12.922958753682279,77.61903882739131,23,SCOOTER,BTP137 - Madiwala Traffic PS Junction,1.0,0.6173913043478261,0.7478260869565218,15.7872,21,Madiwala,0.2218768368757547,0.05128205128205128,8.653196638154434,2,Morning Peak (08-12),0.686,0.15220751009676775,4.1,25
148_214,12.922462093436245,77.62239369150619,26,SCOOTER,BTP137 - Madiwala Traffic PS Junction,1.0,0.6384615384615384,0.6499999999999999,8.9154,3,Madiwala,0.040573253297414555,0.5897435897435898,1.5823568785991675,1,Early Morning (04-08),0.343,0.013916625881013193,0.4,194
148_215,12.922621311764706,77.62277640980392,51,SCOOTER,BTP137 - Madiwala Traffic PS Junction,1.0,0.6058823529411764,0.6941176470588235,17.1288,5,Madiwala,0.07671728424643263,1.1794871794871795,2.991974085610873,0,Late Night (00-04),0.336,0.025777007506801366,0.7,195
148_234,12.922904358208957,77.65149622238806,67,CAR,No Junction,0.0,0.617910447761194,1.0044776119402985,54.506,52,HSR Layout,0.4680900921705148,0.38461538461538464,18.255513594650072,2,Morning Peak (08-12),0.814,0.38102533502679903,9.3,196
148_246,12.922713258064515,77.66972997419356,31,SCOOTER,No Junction,0.0,0.635483870967742,0.8967741935483872,15.624,22,Bellandur,0.19805709211565706,0.23076923076923078,7.724226592510625,1,Early Morning (04-08),0.504,0.09982077442629116,2.7,23
148_247,12.923068138095237,77.67101175238095,21,CAR,No Junction,0.0,0.6428571428571429,0.9904761904761905,11.772,17,Bellandur,0.16376220783175116,0.10256410256410256,6.386726105438296,1,Early Morning (04-08),0.561,0.09187059859361241,2.5,23
149_183,12.92465761817564,77.57525355326405,33,SCOOTER,"BTP114 - KR Road Junction, Near JSS",1.0,0.6060606060606061,0.6363636363636364,22.62,33,Banashankari,0.34718242469543426,0.0,13.540114563121938,2,Morning Peak (08-12),0.685,0.23781996091637247,6.2,197
149_190,12.924435437931034,77.58593057931036,29,CAR,"BTP226 - 33rd Cross, 11th Main, Jayanagar",1.0,0.8896551724137931,0.9172413793103449,38.251200000000004,17,Jayanagara,0.12095524527947828,0.3076923076923077,4.717254565899653,2,Morning Peak (08-12),1.319,0.15953996852363184,4.3,22
149_206,12.924148834782608,77.60944812608696,23,MAXI-CAB,No Junction,0.0,0.9739130434782608,1.0956521739130434,24.869999999999997,17,Mico Layout,0.14668391538956682,0.15384615384615385,5.720672700193106,2,Morning Peak (08-12),1.081,0.15856531253612172,4.2,24
149_212,12.92468154209171,77.61848689138405,166,CAR,BTP137 - Madiwala Traffic PS Junction,1.0,0.6108433734939759,1.033734939759036,135.7811,141,Madiwala,1.3156220340256408,0.6410256410256411,51.309259326999985,2,Morning Peak (08-12),0.818,1.0761788238329741,21.1,25
149_233,12.924396223809524,77.64995559047618,21,SCOOTER,No Junction,0.0,0.6142857142857142,0.7142857142857143,7.776,21,HSR Layout,0.1372238158661933,0.0,5.351728818781539,0,Late Night (00-04),0.37,0.05077281187049153,1.4,198
149_248,12.924094209765151,77.67293874734695,49,CAR,No Junction,0.0,0.6612244897959183,0.8653061224489795,35.3,37,Bellandur,0.30844666662047715,0.3076923076923077,12.029419998198609,2,Morning Peak (08-12),0.72,0.22208159996674354,5.8,23
149_249,12.92431855260637,77.67393437800759,32,CAR,No Junction,0.0,0.7531249999999999,0.853125,20.721,26,Bellandur,0.23984545683137354,0.15384615384615385,9.353972816423566,0,Late Night (00-04),0.648,0.15541985602673006,4.2,23
149_263,12.924761069444445,77.69486759444445,36,CAR,No Junction,0.0,0.8166666666666667,1.0222222222222221,25.574,34,Bellandur,0.29201964060080676,0.05128205128205128,11.388765983431465,1,Early Morning (04-08),0.71,0.2073339448265728,5.4,29
150_166,12.92581281,77.54999010666667,30,SCOOTER,BTP155 - Katriguppe Junction,1.0,0.6699999999999999,0.7533333333333333,24.1436,14,Banashankari,0.16172210688501323,0.41025641025641024,6.307162168515516,0,Late Night (00-04),0.805,0.13018629604243567,3.5,26
150_167,12.92637205,77.55062209666667,30,CAR,BTP155 - Katriguppe Junction,1.0,0.6266666666666667,0.8133333333333332,22.2768,6,Banashankari,0.07335647439204476,0.6153846153846154,2.860902501289745,0,Late Night (00-04),0.743,0.054503860473289256,1.5,26
150_189,12.926213466666665,77.58427093870968,93,CAR,"BTP226 - 33rd Cross, 11th Main, Jayanagar",1.0,0.6043010752688172,0.8709677419354839,83.8812,78,Jayanagara,0.7195805513377672,0.38461538461538464,28.063641502172924,2,Morning Peak (08-12),0.902,0.6490616573066661,14.4,22
150_190,12.926086763809524,77.58591506761906,105,CAR,"BTP226 - 33rd Cross, 11th Main, Jayanagar",1.0,0.7628571428571428,0.8095238095238095,96.5978,71,Jayanagara,0.5923870997892274,0.8717948717948718,23.10309689177987,2,Morning Peak (08-12),0.92,0.5449961318060893,12.5,22
150_205,12.925939846774193,77.60881707741935,62,MAXI-CAB,No Junction,0.0,0.9629032258064517,1.067741935483871,71.352,55,Mico Layout,0.5314743130896957,0.1794871794871795,20.727498210498133,2,Morning Peak (08-12),1.151,0.6117269343662398,13.8,24
150_211,12.92583819117647,77.61735639999999,34,CAR,BTP138 - Sarjapur Road Check Post,0.7941176470588235,0.6529411764705882,0.9676470588235294,30.2151,20,Madiwala,0.22043304891768847,0.358974358974359,8.59688890778985,2,Morning Peak (08-12),0.889,0.19596498048782507,5.2,25
150_212,12.925646099378882,77.61894102857143,161,CAR,No Junction,0.2795031055900621,0.6049689440993788,1.0490683229813664,118.6482,135,Madiwala,1.3093884588396083,0.6666666666666666,51.066149894744726,2,Morning Peak (08-12),0.737,0.9650192941647913,19.5,25
150_213,12.925623726666666,77.619832445,60,CAR,No Junction,0.4666666666666667,0.61,1.075,49.6767,52,Madiwala,0.4671367078932374,0.20512820512820512,18.21833160783626,1,Early Morning (04-08),0.828,0.38678919413560053,9.4,25
150_222,12.925463038709678,77.63363716774194,93,CAR,No Junction,0.0,0.6397849462365591,1.0225806451612902,68.976,47,Adugodi,0.482214421142031,1.1794871794871795,18.80636242453921,2,Morning Peak (08-12),0.742,0.357803100487387,8.8,27
150_223,12.925172629166667,77.63469935416667,24,CAR,No Junction,0.0,0.6041666666666666,1.0083333333333333,12.726,20,Adugodi,0.16748732906182767,0.10256410256410256,6.5320058334112785,0,Late Night (00-04),0.53,0.08876828440276867,2.5,27
150_250,12.925690965527503,77.67609432478525,217,CAR,No Junction,0.0,0.6539170506912443,0.9723502304147466,139.543,170,Bellandur,1.6246082666478678,1.205128205128205,63.35972239926684,0,Late Night (00-04),0.643,1.044623115454579,20.6,28
150_251,12.926151368106312,77.67675182558139,301,PASSENGER AUTO,No Junction,0.0,0.6548172757475083,1.0235880398671098,213.156,234,Bellandur,2.0296596732100056,1.7179487179487178,79.15672725519022,1,Early Morning (04-08),0.708,1.4369990486326838,25.7,28
150_263,12.925997666666667,77.6948315140351,57,MAXI-CAB,No Junction,0.0,0.8473684210526315,1.0701754385964912,48.306000000000004,54,Bellandur,0.5017791989179832,0.07692307692307693,19.56938875780134,1,Early Morning (04-08),0.847,0.4250069814835317,10.2,29
151_167,12.926846666108787,77.55087321924685,239,SCOOTER,BTP155 - Katriguppe Junction,1.0,0.6384937238493723,0.6489539748953974,153.79000000000002,112,Banashankari,1.3219668144657886,3.2564102564102564,51.556705764165756,0,Late Night (00-04),0.643,0.850024661701502,17.7,26
151_187,12.927748835664335,77.58080871468532,143,CAR,"BTP189 - New Diagonal Road, Jayanagar",1.0,0.616083916083916,0.8699300699300699,115.71300000000001,104,Jayanagara,1.0284090631964606,1.0,40.10795346466196,2,Morning Peak (08-12),0.809,0.8319829321259367,17.5,22
151_190,12.927283688268158,77.58626060558659,179,CAR,"BTP226 - 33rd Cross, 11th Main, Jayanagar",1.0,0.6687150837988827,0.8597765363128492,177.437,155,Jayanagara,1.3039680794155062,0.6153846153846154,50.85475509720474,2,Morning Peak (08-12),0.991,1.2922323667007667,23.9,22
151_198,12.927020315625,77.597124703125,32,CAR,"BTP127 - Sagar Hospital, Jayanagar",1.0,0.928125,1.078125,31.356,28,Jayanagara,0.1350280251955889,0.10256410256410256,5.266092982627967,0,Late Night (00-04),0.98,0.1323274646916771,3.6,199
151_206,12.92736144047619,77.60910381904762,42,CAR,No Junction,0.0,0.9071428571428571,1.0047619047619047,35.436,33,Mico Layout,0.319086168919182,0.23076923076923078,12.444360587848099,0,Late Night (00-04),0.844,0.2693087265677896,6.9,24
151_213,12.92709312,77.62069528,25,CAR,No Junction,0.0,0.6839999999999999,0.96,15.48,12,Madiwala,0.11880523161617368,0.3333333333333333,4.633404033030773,1,Early Morning (04-08),0.619,0.0735404383704115,2.0,25
151_222,12.927370713157893,77.63332108157894,38,CAR,No Junction,0.0,0.7,0.8736842105263158,26.172,8,Adugodi,0.05872919177794855,0.7692307692307693,2.2904384793399934,2,Morning Peak (08-12),0.689,0.04046441313500655,1.1,27
151_251,12.926813436536188,77.67773472851977,54,CAR,No Junction,0.0,0.6703703703703703,1.0222222222222221,27.980999999999998,53,Bellandur,0.5409832194578632,0.02564102564102564,21.098345558856664,0,Late Night (00-04),0.518,0.28022930767917315,7.1,28
151_252,12.926952792051,77.67898008757128,323,MAXI-CAB,No Junction,0.0,0.6424148606811145,0.9907120743034056,162.006,227,Bellandur,2.137044179503172,2.4615384615384617,83.3447230006237,0,Late Night (00-04),0.502,1.0727961781105924,21.0,28
151_253,12.927474343456838,77.68025416681041,545,MAXI-CAB,No Junction,0.0,0.6853211009174311,1.106788990825688,350.874,407,Bellandur,3.875169363469897,3.5384615384615383,151.13160517532597,0,Late Night (00-04),0.644,2.4956090700746136,36.1,28
151_254,12.927776740909092,77.68148007727272,22,MAXI-CAB,No Junction,0.0,0.7045454545454545,1.0772727272727272,20.372999999999998,14,HAL Old Airport,0.1701402617165696,0.20512820512820512,6.6354702069462155,2,Morning Peak (08-12),0.926,0.15754988234954345,4.2,28
151_263,12.927281274034513,77.69483173027845,93,CAR,No Junction,0.0,0.8365591397849462,0.9387096774193548,82.974,64,Bellandur,0.5106075972969701,0.7435897435897436,19.913696294581836,1,Early Morning (04-08),0.892,0.4554619767888974,10.8,29
152_187,12.92861589005964,77.58087766023857,503,SCOOTER,"BTP189 - New Diagonal Road, Jayanagar",1.0,0.6065606361829026,0.6960238568588468,323.2762,332,Jayanagara,2.969522817047667,4.384615384615385,115.81138986485901,2,Morning Peak (08-12),0.643,1.90940317136165,30.8,22
152_188,12.92887414516129,77.58242257526882,93,CAR,BTP220 - Puttanna Junction,1.0,0.6118279569892473,0.9806451612903226,85.6986,81,Jayanagara,0.7355343197313113,0.3076923076923077,28.68583846952114,2,Morning Peak (08-12),0.921,0.6774271084725377,14.9,22
152_189,12.92891375131579,77.58390248157895,76,SCOOTER,BTP220 - Puttanna Junction,1.0,0.6144736842105263,0.7736842105263158,60.333,56,Jayanagara,0.6032020930455904,0.5128205128205128,23.524881628778026,2,Morning Peak (08-12),0.794,0.4789424618781988,11.3,22
152_190,12.928539569945354,77.58569829836065,183,SCOOTER,BTP225 - Geetha Junction,1.0,0.6169398907103825,0.7344262295081968,141.5414,139,Jayanagara,1.3519499715403287,1.1282051282051282,52.72604889007281,2,Morning Peak (08-12),0.773,1.045057328000674,20.6,22
152_206,12.92880985,77.609335925,24,CAR,No Junction,0.0,0.9125,1.0333333333333334,24.646,23,Mico Layout,0.18300333975155583,0.02564102564102564,7.137130250310678,2,Morning Peak (08-12),1.027,0.18794442992484783,5.0,24
152_253,12.928236741201546,77.67993470289704,129,MAXI-CAB,No Junction,0.0,0.6434108527131783,1.1317829457364341,81.876,104,Bellandur,1.0828535680353828,0.6410256410256411,42.23128915337994,1,Early Morning (04-08),0.635,0.6876120157024681,15.1,28
152_254,12.928403403846154,77.68163818269231,52,CAR,No Junction,0.0,0.6788461538461538,0.9923076923076923,32.346,43,HAL Old Airport,0.36072622250609215,0.23076923076923078,14.068322677737596,1,Early Morning (04-08),0.622,0.2243717103987893,5.8,28
152_256,12.929316451428571,77.68444722857143,35,PASSENGER AUTO,No Junction,0.0,0.6285714285714286,0.9600000000000001,20.784,23,HAL Old Airport,0.22458320920987587,0.3076923076923077,8.758745159185159,1,Early Morning (04-08),0.594,0.13340242627066626,3.6,30
152_263,12.928736141025642,77.6947191102564,39,CAR,No Junction,0.0,0.782051282051282,1.082051282051282,36.226,30,Bellandur,0.23336010332297774,0.23076923076923078,9.101044029596132,1,Early Morning (04-08),0.929,0.21679153598704634,5.7,29
153_186,12.930354815384616,77.57977706153846,26,CAR,"BTP188 - 27th Cross, 4th Main, Jayanagar",1.0,0.7153846153846153,0.8076923076923077,19.453200000000002,5,Jayanagara,0.04824811954141114,0.5384615384615384,1.881676662115034,1,Early Morning (04-08),0.748,0.036089593416975534,1.0,22
153_187,12.92970076095238,77.58067769809524,105,SCOOTER,"BTP188 - 27th Cross, 4th Main, Jayanagar",1.0,0.6038095238095238,0.6419047619047619,67.84440000000001,31,Jayanagara,0.32965987830056104,1.8974358974358974,12.85673525372188,2,Morning Peak (08-12),0.646,0.21296028138216244,5.6,22
153_188,12.930275452941176,77.58315162941176,34,CAR,BTP219 - Canara Bank Junction,1.0,0.6470588235294118,0.9176470588235294,33.4152,30,Jayanagara,0.25460126886405643,0.10256410256410256,9.9294494856982,2,Morning Peak (08-12),0.983,0.25027304729336747,6.4,22
153_189,12.930402648648649,77.58383105405406,74,CAR,BTP219 - Canara Bank Junction,1.0,0.6378378378378378,0.8729729729729729,66.4586,44,Jayanagara,0.4189593471284567,0.7692307692307693,16.339414538009816,2,Morning Peak (08-12),0.898,0.37622549372135417,9.2,22
153_203,12.930855440740741,77.60570130555556,54,SCOOTER,No Junction,0.0,0.6425925925925925,0.6925925925925925,22.704,47,Mico Layout,0.39120498765312167,0.1794871794871795,15.256994518471744,0,Late Night (00-04),0.42,0.1643060948143111,4.4,31
153_204,12.930870439923954,77.60671379163497,263,SCOOTER,No Junction,0.0,0.6288973384030419,0.623574144486692,97.79,243,Mico Layout,1.6707358172022764,0.5128205128205128,65.15869687088879,0,Late Night (00-04),0.372,0.6215137239992468,13.9,31
153_206,12.930442629921261,77.60973889212599,127,CAR,BTP140 - Madiwala Check Post,0.968503937007874,0.8614173228346457,1.0188976377952756,131.1102,104,Mico Layout,1.0042983111853117,0.5897435897435898,39.16763413622716,0,Late Night (00-04),1.032,1.0364358571432417,20.5,24
153_221,12.930443723076923,77.63278234615385,26,CAR,No Junction,0.0,0.6846153846153846,0.8769230769230769,20.016,6,Adugodi,0.03673257159776576,0.5128205128205128,1.4325702923128647,2,Morning Peak (08-12),0.77,0.028284080130279634,0.8,32
153_222,12.930192965306121,77.63346238979592,49,CAR,No Junction,0.0,0.673469387755102,0.8448979591836734,37.525999999999996,26,Adugodi,0.20974709703364872,0.5897435897435898,8.1801367843123,2,Morning Peak (08-12),0.766,0.16066627632777492,4.3,32
153_256,12.930191164191806,77.68517639842551,493,CAR,No Junction,0.0,0.7354969574036511,0.9862068965517241,425.492,293,HAL Old Airport,2.7569713994567637,5.128205128205129,107.52188457881378,1,Early Morning (04-08),0.863,2.379266317731187,35.1,30
153_257,12.930495755205415,77.68572228955878,342,CAR,No Junction,0.0,0.7074561403508771,1.0333333333333332,296.911,224,HAL Old Airport,2.1925083400142378,3.0256410256410255,85.5078252605553,2,Morning Peak (08-12),0.868,1.9030972391323584,30.7,30
153_263,12.929997820895522,77.69489544626865,67,MAXI-CAB,No Junction,0.0,0.8671641791044776,1.146268656716418,64.434,64,Bellandur,0.7372427988734711,0.07692307692307693,28.75246915606537,1,Early Morning (04-08),0.962,0.7092275725162792,15.5,29
154_143,12.931780511252606,77.51554253495173,63,CAR,No Junction,0.0,0.753968253968254,1.0,52.262,44,Kengeri,0.4441089396211235,0.48717948717948717,17.320248645223817,2,Morning Peak (08-12),0.83,0.3686104198855325,9.0,200
154_189,12.93154557878788,77.5838574739394,165,CAR,BTP219 - Canara Bank Junction,1.0,0.6436363636363636,0.8193939393939393,142.4696,93,Jayanagara,0.9025825175531974,1.8461538461538463,35.2007181845747,2,Morning Peak (08-12),0.863,0.7789287126484093,16.6,22
154_190,12.931592342201835,77.58605768623853,109,CAR,BTP219 - Canara Bank Junction,1.0,0.6155963302752293,0.8807339449541285,105.3858,97,Jayanagara,0.8640922220885534,0.3076923076923077,33.699596661453576,2,Morning Peak (08-12),0.967,0.8355771787596311,17.5,22
154_195,12.931528373333332,77.59256666333334,30,SCOOTER,No Junction,0.0,0.7,0.6666666666666666,13.272,30,Jayanagara,0.12931525179710357,0.0,5.04329482008704,0,Late Night (00-04),0.442,0.05715734129431978,1.6,201
154_204,12.93117000967742,77.6071627483871,31,MOTOR CYCLE,BTP136 - Hosur-Tavarkere Road Junction,0.7096774193548387,0.6258064516129032,0.6387096774193549,17.0304,21,Mico Layout,0.2248271530727613,0.2564102564102564,8.768258969837692,3,Afternoon (12-16),0.549,0.12343010703694596,3.4,31
154_206,12.931311808695652,77.60996015434783,46,CAR,BTP136 - Hosur-Tavarkere Road Junction,1.0,0.7130434782608696,0.9413043478260869,36.9174,30,Mico Layout,0.2585210745445426,0.41025641025641024,10.08232190723716,0,Late Night (00-04),0.803,0.2075924228592677,5.4,24
154_209,12.93178156,77.613833344,25,PASSENGER AUTO,BTP140 - Madiwala Check Post,1.0,0.632,1.068,22.373,19,Adugodi,0.1958616632353246,0.15384615384615385,7.63860486617766,1,Early Morning (04-08),0.895,0.17529618859561552,4.7,33
154_215,12.931578113333332,77.62310243666666,30,CAR,No Junction,0.0,0.6799999999999999,0.9733333333333333,22.026,11,Adugodi,0.08021171837704602,0.48717948717948717,3.128257016704795,1,Early Morning (04-08),0.734,0.05887540128875178,1.6,34
154_221,12.93201773277027,77.63207367736487,296,CAR,No Junction,0.0,0.6331081081081081,0.8297297297297297,164.838,136,Adugodi,1.7878158228015961,4.102564102564102,69.72481708926225,0,Late Night (00-04),0.557,0.9958134133004891,19.9,32
154_256,12.931600909656417,77.68490125987236,73,CAR,No Junction,0.0,0.6328767123287671,0.9041095890410958,39.708,72,HAL Old Airport,0.5901636474141095,0.02564102564102564,23.01638224915027,1,Early Morning (04-08),0.544,0.32104902419327563,8.0,30
154_257,12.931475536593052,77.68611132102588,107,CAR,No Junction,0.0,0.6719626168224299,0.8981308411214953,76.541,94,HAL Old Airport,0.7725859746594603,0.3333333333333333,30.13085301171896,2,Morning Peak (08-12),0.715,0.5523989718815141,12.7,30
154_258,12.932001037579193,77.68790107181462,280,CAR,No Junction,0.0,0.8142857142857143,1.029642857142857,272.991,183,HAL Old Airport,1.847739545260814,2.4871794871794872,72.06184226517175,2,Morning Peak (08-12),0.975,1.8015460566292938,29.7,30
154_259,12.93221184624823,77.6888516703455,25,PASSENGER AUTO,No Junction,0.0,0.672,1.056,18.096,15,HAL Old Airport,0.12322308701328587,0.2564102564102564,4.805700393518149,1,Early Morning (04-08),0.724,0.08921351499761897,2.5,30
154_260,12.932340124615385,77.69138589076924,65,SCOOTER,No Junction,0.0,0.6138461538461538,0.6707692307692308,32.526,61,HAL Old Airport,0.3372150305946791,0.10256410256410256,13.151386193192485,1,Early Morning (04-08),0.5,0.16860751529733956,4.5,30
154_261,12.931982620187862,77.69179253796709,201,SCOOTER,No Junction,0.0,0.7328358208955223,0.736318407960199,129.597,163,HAL Old Airport,1.2534153466618296,0.9743589743589743,48.883198519811344,2,Morning Peak (08-12),0.645,0.8084528985968802,17.1,30
154_263,12.931707924271844,77.6954972737864,103,MAXI-CAB,No Junction,0.0,0.9087378640776699,1.1048543689320387,111.072,78,Bellandur,0.8283211305085783,0.6410256410256411,32.30452408983455,1,Early Morning (04-08),1.078,0.8929301786882474,18.4,29
154_264,12.93210562827669,77.69624660548972,46,MAXI-CAB,No Junction,0.0,0.8021739130434782,1.1434782608695653,42.506,27,Bellandur,0.2431785011857211,0.48717948717948717,9.483961546243123,1,Early Morning (04-08),0.924,0.22469693509560631,5.8,29
155_189,12.932961724675325,77.58370006753246,77,SCOOTER,BTP218 - Syndicate Bank Junction,1.0,0.648051948051948,0.7116883116883117,52.026,41,Jayanagara,0.2993648284855778,0.9230769230769231,11.675228310937536,2,Morning Peak (08-12),0.676,0.20237062405625061,5.3,22
155_208,12.933154117307692,77.61319281730769,52,CAR,BTP140 - Madiwala Check Post,1.0,0.7115384615384616,0.8500000000000001,49.0516,40,Adugodi,0.416428967972213,0.3076923076923077,16.24072975091631,3,Afternoon (12-16),0.943,0.3926925167977969,9.5,33
155_210,12.933477812195123,77.61552138536585,41,MOTOR CYCLE,BTP140 - Madiwala Check Post,1.0,0.6146341463414634,0.7219512195121951,27.807000000000002,36,Adugodi,0.2289041732451807,0.1282051282051282,8.927262756562046,2,Morning Peak (08-12),0.678,0.15519702946023253,4.2,33
155_215,12.933435230434782,77.6229952478261,23,CAR,No Junction,0.0,0.6434782608695652,0.8956521739130435,14.081999999999999,11,Adugodi,0.07985444991063524,0.3076923076923077,3.1143235465147745,2,Morning Peak (08-12),0.612,0.048870923345308764,1.4,34
155_220,12.9330613555,77.631080555,200,CAR,No Junction,0.0,0.602,0.813,93.342,122,Adugodi,1.4176106114866815,2.0,55.28681384798058,0,Late Night (00-04),0.467,0.6620241555642803,14.6,32
155_221,12.932645163636364,77.63160573636364,22,SCOOTER,No Junction,0.0,0.6,0.7454545454545454,9.828,15,Adugodi,0.17733424790892816,0.1794871794871795,6.916035668448198,3,Afternoon (12-16),0.447,0.07926840881529089,2.2,32
155_258,12.932713318541873,77.68834917239,269,PASSENGER AUTO,No Junction,0.0,0.7773234200743494,1.013011152416357,253.938,202,HAL Old Airport,1.7713549867544636,1.7179487179487178,69.0828444834241,2,Morning Peak (08-12),0.944,1.6721591074962134,28.3,30
155_259,12.93314656508033,77.68894206236213,240,PASSENGER AUTO,No Junction,0.0,0.7145833333333333,0.99625,190.875,184,HAL Old Airport,1.6200285712421014,1.435897435897436,63.181114278441946,2,Morning Peak (08-12),0.795,1.2879227141374707,23.9,30
155_260,12.933464509285217,77.69106562496549,4168,SCOOTER,No Junction,0.0,0.6909069097888675,0.641890595009597,2026.761,3279,HAL Old Airport,26.096647970210444,22.794871794871796,1017.7692708382074,1,Early Morning (04-08),0.486,12.682970913522276,75.4,30
155_261,12.93269345892857,77.69159297738095,168,SCOOTER,No Junction,0.0,0.669047619047619,0.6297619047619047,74.538,165,HAL Old Airport,0.916394637317845,0.07692307692307693,35.73939085539595,1,Early Morning (04-08),0.444,0.40687921896912316,9.8,30
156_145,12.935322996428571,77.5179942482143,56,SCOOTER,No Junction,0.0,0.6982142857142856,0.75,31.305,24,Byatarayanapura,0.1800066446679566,0.8205128205128205,7.020259142050307,1,Early Morning (04-08),0.559,0.10062371436938775,2.8,202
156_157,12.934975307575758,77.53647978939394,198,SCOOTER,No Junction,0.0,0.601010101010101,0.6151515151515151,51.93,189,Banashankari,1.54166618043083,0.23076923076923078,60.12498103680236,0,Late Night (00-04),0.262,0.40391653927287746,9.8,203
156_205,12.935431907692307,77.60818384615385,26,SCOOTER,BTP136 - Hosur-Tavarkere Road Junction,1.0,0.8153846153846154,0.7846153846153846,16.1772,26,Mico Layout,0.19493546968719408,0.0,7.602483317800569,0,Late Night (00-04),0.622,0.12124986214543472,3.3,35
156_207,12.93511125,77.61176784583334,24,PASSENGER AUTO,BTP135 - UCO Bank Junction,1.0,0.8875000000000001,0.9333333333333332,33.189,6,Adugodi,0.07475011913921764,0.46153846153846156,2.9152546464294886,2,Morning Peak (08-12),1.383,0.10337941476953799,2.8,33
156_208,12.93447435376344,77.6126842827957,93,SCOOTER,BTP135 - UCO Bank Junction,1.0,0.689247311827957,0.8032258064516129,89.3854,44,Adugodi,0.45805913411404986,1.2564102564102564,17.864306230447944,3,Afternoon (12-16),0.961,0.4401948278836019,10.5,33
156_209,12.93514830140845,77.6139776140845,71,SCOOTER,BTP135 - UCO Bank Junction,1.0,0.6605633802816901,0.7352112676056338,55.559400000000004,22,Adugodi,0.19998609634879105,1.2564102564102564,7.799457757602851,3,Afternoon (12-16),0.783,0.1565891134411034,4.2,33
156_210,12.934891331914894,77.61596090691489,188,SCOOTER,BTP135 - UCO Bank Junction,1.0,0.6180851063829786,0.7382978723404254,136.981,119,Adugodi,1.0702508541033706,1.7692307692307692,41.739783310031456,3,Afternoon (12-16),0.729,0.7802128726413572,16.6,33
156_211,12.934241477586207,77.61673548793104,58,SCOOTER,BTP140 - Madiwala Check Post,1.0,0.6224137931034484,0.6896551724137931,44.226,31,Adugodi,0.2795006590202603,0.6923076923076923,10.900525701790151,4,Evening Peak (16-20),0.763,0.2132590028324586,5.6,33
156_215,12.934758413636365,77.62322563636364,22,CAR,No Junction,0.0,0.609090909090909,0.8090909090909091,12.738,19,Adugodi,0.14041919917892368,0.07692307692307693,5.476348767978023,2,Morning Peak (08-12),0.579,0.0813027163245968,2.3,34
156_259,12.934232611504981,77.68962166614273,98,SCOOTER,No Junction,0.0,0.8795918367346939,0.7959183673469388,68.565,29,HAL Old Airport,0.2668383505761986,1.7692307692307692,10.406695672471747,2,Morning Peak (08-12),0.7,0.186786845403339,4.9,30
156_260,12.934485577755215,77.69057874089019,1191,SCOOTER,No Junction,0.0,0.7723761544920235,0.6840470193115029,572.162,853,HAL Old Airport,8.92120620217422,8.666666666666666,347.9270418847946,1,Early Morning (04-08),0.48,4.282178977043626,48.0,30
157_145,12.936139027225131,77.51799500261781,191,SCOOTER,No Junction,0.0,0.700523560209424,0.7178010471204188,115.77,127,Byatarayanapura,1.3523016864392365,1.641025641025641,52.739765771130216,2,Morning Peak (08-12),0.606,0.8194948219821773,17.3,204
157_189,12.936630737254902,77.58443270784313,102,SCOOTER,BTP218 - Syndicate Bank Junction,1.0,0.6617647058823529,0.6313725490196077,55.185,88,Wilson Garden,0.7922957719624691,0.358974358974359,30.899535106536295,1,Early Morning (04-08),0.541,0.4286320126316958,10.3,36
157_201,12.936601678048781,77.60174493089431,123,SCOOTER,BTP126 - Dairy Circle,1.0,0.8853658536585365,0.8325203252032519,118.90320000000001,103,Mico Layout,1.0900222883444322,0.5128205128205128,42.51086924543286,1,Early Morning (04-08),0.967,1.054051552829066,20.8,205
157_203,12.93662627027027,77.6055444162162,37,CAR,BTP126 - Dairy Circle,1.0,0.7945945945945946,1.0729729729729731,33.033,36,Mico Layout,0.3345486011273891,0.02564102564102564,13.047395443968174,0,Late Night (00-04),0.893,0.29875190080675845,7.5,35
157_204,12.936422058333333,77.60645080625,48,PASSENGER AUTO,BTP136 - Hosur-Tavarkere Road Junction,1.0,0.7999999999999999,0.9249999999999999,39.7098,33,Mico Layout,0.30211617843041305,0.38461538461538464,11.782530958786111,1,Early Morning (04-08),0.827,0.24985007956195157,6.4,35
157_205,12.935685677777778,77.6080580888889,63,CAR,BTP136 - Hosur-Tavarkere Road Junction,1.0,0.9301587301587302,0.9682539682539683,64.5164,61,Mico Layout,0.558333157286583,0.05128205128205128,21.774993134176732,0,Late Night (00-04),1.024,0.571733153061461,13.0,35
157_207,12.935906177192983,77.61145585438595,57,SCOOTER,BTP135 - UCO Bank Junction,1.0,0.6175438596491227,0.6666666666666666,39.930800000000005,38,Adugodi,0.3402248101768717,0.48717948717948717,13.268767596897995,2,Morning Peak (08-12),0.701,0.23849759193398704,6.2,33
157_209,12.935880706666667,77.61478465666667,30,CAR,BTP135 - UCO Bank Junction,1.0,0.6,0.7933333333333333,23.946,26,Adugodi,0.2582657419423781,0.10256410256410256,10.072363935752747,2,Morning Peak (08-12),0.798,0.20609606207001774,5.4,33
157_210,12.936097307103825,77.61577437978143,549,SCOOTER,BTP135 - UCO Bank Junction,1.0,0.6364298724954462,0.7519125683060109,417.8018,382,Adugodi,3.8219288350522,4.282051282051282,149.05522456703576,2,Morning Peak (08-12),0.761,2.9084878434747243,39.3,33
157_211,12.936314807936506,77.61712047222223,126,CAR,No Junction,0.06349206349206349,0.6515873015873015,0.9087301587301587,80.4264,79,Adugodi,0.7005080909984743,1.205128205128205,27.319815548940497,3,Afternoon (12-16),0.638,0.4469241620570266,10.7,33
157_260,12.935679399729544,77.69036450108561,134,SCOOTER,No Junction,0.0,0.6582089552238806,0.6835820895522388,64.818,104,HAL Old Airport,0.873436330681709,0.7692307692307693,34.06401689658666,2,Morning Peak (08-12),0.484,0.42274318404994715,10.2,30
157_261,12.936308066021148,77.69238922222537,551,MAXI-CAB,No Junction,0.0,0.7557168784029038,0.9090744101633393,302.984,427,HAL Old Airport,3.6651433660939596,3.1794871794871793,142.9405912776644,1,Early Morning (04-08),0.55,2.015828851351678,31.8,30
157_262,12.936224223809523,77.69333064761905,21,MAXI-CAB,No Junction,0.0,0.7809523809523808,1.0285714285714285,12.774000000000001,17,HAL Old Airport,0.18384569775980925,0.10256410256410256,7.1699822126325605,0,Late Night (00-04),0.608,0.11177818423796401,3.1,30
157_269,12.936558586325782,77.70402852486251,40,SCOOTER,No Junction,0.0,0.7899999999999999,0.8275,31.006,36,HAL Old Airport,0.37632205679065533,0.10256410256410256,14.676560214835558,2,Morning Peak (08-12),0.775,0.2916495940127579,7.4,30
158_128,12.937673833333333,77.4926896857143,21,CAR,No Junction,0.0,0.6761904761904761,0.8761904761904761,14.645999999999999,20,Kengeri,0.20637829001633753,0.02564102564102564,8.048753310637164,3,Afternoon (12-16),0.697,0.14384566814138725,3.9,206
158_155,12.938139685365854,77.53323880731708,41,SCOOTER,No Junction,0.0,0.6926829268292682,0.948780487804878,26.96,6,Banashankari,0.052858460825985554,0.8974358974358975,2.0614799722134367,3,Afternoon (12-16),0.658,0.0347808672234985,1.0,207
158_171,12.937948171126848,77.5573720172229,25,CAR,No Junction,0.0,0.7559999999999999,0.848,21.738,16,Basavanagudi,0.16891982647620657,0.23076923076923078,6.587873232572056,2,Morning Peak (08-12),0.87,0.14696024903429972,4.0,208
158_184,12.937775760747662,77.57692155233644,107,CAR,BTP216 - Yediyur Junction,1.0,0.6635514018691588,1.0037383177570094,84.5364,53,Basavanagudi,0.4963256506380041,1.3846153846153846,19.35670037488216,1,Early Morning (04-08),0.79,0.3920972640040233,9.5,37
158_186,12.93808436111111,77.579921275,36,CAR,"BTP186 - 9th Cross, 4th Main, Jayanagar",1.0,0.6111111111111112,0.9777777777777779,31.433999999999997,16,Basavanagudi,0.17445154214142533,0.5128205128205128,6.803610143515588,1,Early Morning (04-08),0.873,0.1522961962894643,4.1,37
158_189,12.937646406976743,77.58446260930232,43,SCOOTER,BTP187 - South End Circle,0.7906976744186046,0.6627906976744186,0.7302325581395348,31.3302,25,Wilson Garden,0.28540252742537703,0.46153846153846156,11.130698569589704,2,Morning Peak (08-12),0.729,0.20805844249309985,5.4,36
158_190,12.937405370819091,77.58516690081483,256,SCOOTER,No Junction,0.19140625,0.629296875,0.6671874999999999,139.683,220,Wilson Garden,1.8720516148801432,0.9230769230769231,73.01001298032558,2,Morning Peak (08-12),0.546,1.0221401817245583,20.3,36
158_195,12.938217710810811,77.5926537054054,74,CAR,No Junction,0.0,0.6067567567567568,1.008108108108108,59.016,39,Wilson Garden,0.4192379618239607,0.8974358974358975,16.350280511134468,2,Morning Peak (08-12),0.798,0.3345518935355207,8.3,209
158_201,12.9374211475,77.60182313499999,40,SCOOTER,BTP126 - Dairy Circle,1.0,0.6649999999999999,0.755,23.686,31,Adugodi,0.30338370347541865,0.23076923076923078,11.831964435541328,1,Early Morning (04-08),0.592,0.17960315245744785,4.8,210
158_207,12.937465656521738,77.61070166521739,23,SCOOTER,BTP136 - Hosur-Tavarkere Road Junction,1.0,0.6826086956521739,0.6956521739130435,14.7056,8,Adugodi,0.08762361426354456,0.38461538461538464,3.417320956278238,1,Early Morning (04-08),0.639,0.055991489514404975,1.6,33
158_217,12.937505652,77.626692044,25,SCOOTER,No Junction,0.0,0.672,0.632,11.046000000000001,18,Adugodi,0.22169743307726172,0.1794871794871795,8.646199890013207,1,Early Morning (04-08),0.442,0.09799026542014969,2.7,38
158_218,12.937192931276755,77.62714461198803,68,MOTOR CYCLE,No Junction,0.0,0.6911764705882353,0.6529411764705882,31.524,51,Adugodi,0.6233378437424949,0.4358974358974359,24.3101759059573,3,Afternoon (12-16),0.464,0.28922875949651766,7.3,38
158_262,12.93767007725833,77.69358854663935,47,PASSENGER AUTO,No Junction,0.0,0.727659574468085,1.0340425531914894,34.554,40,HAL Old Airport,0.3422131713692224,0.1794871794871795,13.346313683399673,1,Early Morning (04-08),0.735,0.2515266809563785,6.5,30
158_265,12.938091099183678,77.69818030266741,172,CAR,No Junction,0.0,0.7343023255813953,0.9220930232558139,129.983,138,HAL Old Airport,1.4131545696730892,0.8717948717948718,55.113028217250466,2,Morning Peak (08-12),0.756,1.0683448546728553,21.0,30
158_266,12.93788626303297,77.69977071847828,90,CAR,No Junction,0.0,0.7144444444444444,0.8366666666666667,61.903,67,HAL Old Airport,0.7079510121499055,0.5897435897435898,27.610089473846315,2,Morning Peak (08-12),0.688,0.48707029635913496,11.4,30
158_267,12.937571635307746,77.70109528579206,94,CAR,No Junction,0.0,0.7436170212765957,0.8872340425531916,72.826,91,HAL Old Airport,0.9758303050840444,0.07692307692307693,38.05738189827774,1,Early Morning (04-08),0.775,0.7562684864401344,16.2,30
158_268,12.937149850633766,77.70244801426908,23,SCOOTER,No Junction,0.0,0.6956521739130435,0.6913043478260869,13.407,20,HAL Old Airport,0.23387817908263125,0.07692307692307693,9.12124898422262,3,Afternoon (12-16),0.583,0.13635097840517402,3.7,30
158_297,12.938060121951219,77.74670455121951,41,SCOOTER,No Junction,0.0,0.8658536585365854,0.8365853658536585,31.592,31,Whitefield,0.2658189817769229,0.2564102564102564,10.366940289299995,0,Late Night (00-04),0.771,0.20494643495000758,5.4,211
159_128,12.93950147142857,77.49302706190477,21,CAR,No Junction,0.0,0.6047619047619047,0.8285714285714285,11.406,17,Jnanabharathi,0.22656908876342763,0.10256410256410256,8.836194461773678,2,Morning Peak (08-12),0.543,0.12302701519854121,3.3,212
159_148,12.939130474999999,77.52297225,20,CAR,No Junction,0.0,0.7,1.08,15.47,6,Byatarayanapura,0.07939884179983535,0.358974358974359,3.0965548301935786,2,Morning Peak (08-12),0.774,0.06145470355307256,1.7,39
159_149,12.939546595,77.523894835,20,SCOOTER,No Junction,0.0,0.735,0.9799999999999999,14.664,12,Byatarayanapura,0.10828569206417388,0.20512820512820512,4.223141990502781,3,Afternoon (12-16),0.733,0.07937341228303946,2.2,39
159_182,12.939833695454546,77.57324941818182,22,SCOOTER,BTP109 - Dewan Madhava Rao Junction,1.0,0.609090909090909,0.7363636363636363,12.987,22,Basavanagudi,0.1400985353176415,0.0,5.463842877388017,1,Early Morning (04-08),0.59,0.08265813583740847,2.3,40
159_184,12.939247886440677,77.57690542203389,59,CAR,BTP216 - Yediyur Junction,1.0,0.6440677966101694,1.0033898305084745,50.1852,32,Basavanagudi,0.3259471229848837,0.6923076923076923,12.711937796410462,1,Early Morning (04-08),0.851,0.277381001660136,7.1,37
159_185,12.938772555999998,77.578378564,25,SCOOTER,"BTP186 - 9th Cross, 4th Main, Jayanagar",1.0,0.6,0.672,13.4784,17,Basavanagudi,0.2127234169632721,0.20512820512820512,8.296213261567612,1,Early Morning (04-08),0.539,0.11465792174320368,3.1,37
159_186,12.938936711387978,77.58003067798623,42,CAR,"BTP186 - 9th Cross, 4th Main, Jayanagar",1.0,0.6357142857142857,0.8380952380952381,33.0954,19,Basavanagudi,0.16516763638647225,0.5897435897435898,6.441537819072417,0,Late Night (00-04),0.788,0.13015209747254014,3.5,37
159_189,12.939373750728155,77.58402592524273,412,SCOOTER,"BTP186 - 9th Cross, 4th Main, Jayanagar",0.9611650485436893,0.6752427184466019,0.6320388349514563,235.7656,88,Wilson Garden,1.5675987723041236,8.307692307692308,61.13635211986083,4,Evening Peak (16-20),0.572,0.8966664977579586,18.5,36
159_217,12.939248821428572,77.6257487857143,28,CAR,No Junction,0.0,0.6107142857142857,0.9428571428571428,15.174,20,Adugodi,0.17198056791024965,0.20512820512820512,6.707242148499735,0,Late Night (00-04),0.542,0.09321346780735532,2.6,38
159_262,12.939675943749998,77.69410626666667,48,MAXI-CAB,No Junction,0.0,0.65,1.0708333333333333,36.648,45,HAL Old Airport,0.5021894922362521,0.07692307692307693,19.585390197213833,1,Early Morning (04-08),0.764,0.3836727720684966,9.4,30
159_263,12.939721476606492,77.69554393328286,1234,CAR,No Junction,0.0,0.9731766612641816,1.0090761750405186,1470.086,928,HAL Old Airport,7.502414346016451,7.846153846153846,292.5941594946416,2,Morning Peak (08-12),1.191,8.935375486105594,66.2,30
159_264,12.93882569676796,77.69683332523492,261,SCOOTER,No Junction,0.0,0.7965517241379311,0.8839080459770114,222.97,225,HAL Old Airport,2.0394729582168916,0.9230769230769231,79.53944537045878,2,Morning Peak (08-12),0.854,1.7417099063172254,29.1,30
159_265,12.93860545909091,77.69780744545454,22,SCOOTER,No Junction,0.0,0.8227272727272726,0.7727272727272727,14.904,19,HAL Old Airport,0.2159174772449989,0.07692307692307693,8.420781612554958,1,Early Morning (04-08),0.677,0.14617613209486427,3.9,30
160_149,12.940584146666668,77.52463473142858,105,SCOOTER,No Junction,0.0,0.7133333333333333,0.739047619047619,70.675,91,Byatarayanapura,0.8044267900593509,0.358974358974359,31.372644812314686,2,Morning Peak (08-12),0.673,0.5413792297099432,12.5,39
160_177,12.940841592590314,77.56666427681363,180,CAR,No Junction,0.0,0.6327777777777778,0.8411111111111111,96.705,117,Basavanagudi,1.015241611805806,1.6153846153846154,39.59442286042645,0,Late Night (00-04),0.537,0.5451847455397179,12.5,41
160_180,12.941054879069767,77.57112310232559,43,SCOOTER,BTP109 - Dewan Madhava Rao Junction,1.0,0.686046511627907,0.7162790697674418,29.354,22,Basavanagudi,0.23715825812362126,0.5384615384615384,9.24917206682123,1,Early Morning (04-08),0.683,0.16197909029843333,4.3,40
160_181,12.940323026595745,77.57289748829788,94,SCOOTER,BTP109 - Dewan Madhava Rao Junction,1.0,0.6031914893617021,0.7148936170212766,59.927400000000006,86,Basavanagudi,0.8050459785891185,0.20512820512820512,31.396793164975623,1,Early Morning (04-08),0.638,0.5136193343398576,12.0,40
160_182,12.940509941666667,77.57327173750001,24,SCOOTER,BTP109 - Dewan Madhava Rao Junction,1.0,0.6375,0.75,13.7306,21,Basavanagudi,0.2060275469108194,0.07692307692307693,8.035074329521956,1,Early Morning (04-08),0.572,0.11784775683298869,3.2,40
160_189,12.940836657692309,77.58406428461538,26,CAR,"BTP186 - 9th Cross, 4th Main, Jayanagar",0.9615384615384616,0.6269230769230769,0.9538461538461539,23.6812,0,UNKNOWN,0.0,0.6666666666666666,0.0,0,Late Night (00-04),0.911,0.0,0.0,36
160_206,12.940213095833334,77.6092963375,24,CAR,BTP133 - Adugodi Junction,1.0,0.6124999999999999,0.9416666666666668,11.817,9,Adugodi,0.0794465773897204,0.38461538461538464,3.098416518199096,0,Late Night (00-04),0.492,0.039087716075742435,1.1,213
160_213,12.940505835294118,77.62020658235294,34,SCOOTER,No Junction,0.0,0.6852941176470587,0.7294117647058824,15.444,7,Adugodi,0.07164971873100645,0.6923076923076923,2.7943390305092515,0,Late Night (00-04),0.454,0.03252897230387693,0.9,214
160_216,12.940429420000001,77.62494513499999,20,MOTOR CYCLE,No Junction,0.0,0.655,0.72,9.19,18,Adugodi,0.16910867221245454,0.05128205128205128,6.595238216285727,3,Afternoon (12-16),0.459,0.07762088054551664,2.2,38
160_264,12.941277811593267,77.69641904773098,33,CAR,No Junction,0.0,0.7999999999999999,0.9636363636363636,31.062,32,HAL Old Airport,0.28106633152958255,0.02564102564102564,10.961586929653722,2,Morning Peak (08-12),0.941,0.26448341796933716,6.8,30
161_150,12.942316076,77.52550072,25,CAR,BTP098 - Nayandahalli Junction,0.76,0.772,1.124,27.7949,10,Byatarayanapura,0.12877096737672145,0.38461538461538464,5.022067727692137,2,Morning Peak (08-12),1.112,0.14319331572291427,3.9,39
161_175,12.941726090286972,77.56344906892619,20,SCOOTER,No Junction,0.0,0.7,0.6,11.004,4,Basavanagudi,0.01622485540133245,0.41025641025641024,0.6327693606519655,2,Morning Peak (08-12),0.55,0.008923670470732848,0.3,215
161_177,12.941698545833333,77.566822875,24,CAR,No Junction,0.0,0.6291666666666667,0.9500000000000001,15.804,12,Basavanagudi,0.12433884882919176,0.3076923076923077,4.849215104338478,1,Early Morning (04-08),0.658,0.08181496252960818,2.3,41
161_178,12.942398811931136,77.56749520379125,143,CAR,No Junction,0.0,0.6587412587412587,0.8902097902097902,77.884,70,Basavanagudi,0.7063228414265922,1.8717948717948718,27.546590815637092,1,Early Morning (04-08),0.545,0.38494594857749276,9.4,41
161_180,12.942554554355402,77.57113477874564,287,SCOOTER,BTP108 - Tagore Park Junction,1.0,0.6986062717770035,0.6871080139372822,205.1998,197,Basavanagudi,1.9778813189024989,2.3076923076923075,77.13737143719747,2,Morning Peak (08-12),0.715,1.4141851430152865,25.4,40
161_181,12.94219590625,77.57235505416666,48,CAR,BTP109 - Dewan Madhava Rao Junction,1.0,0.6916666666666665,0.9854166666666666,41.3101,35,Basavanagudi,0.335486291862814,0.3333333333333333,13.083965382649746,0,Late Night (00-04),0.861,0.2888536972938828,7.3,40
161_214,12.942107087719299,77.6221013982456,57,CAR,No Junction,0.0,0.6280701754385964,0.8245614035087719,28.98,48,Adugodi,0.42805829980675053,0.23076923076923078,16.69427369246327,1,Early Morning (04-08),0.508,0.21745361630182927,5.7,216
161_215,12.94222556,77.62291205333334,30,CAR,No Junction,0.0,0.61,0.8533333333333334,16.002,30,Adugodi,0.2589013253155442,0.0,10.097151687306225,1,Early Morning (04-08),0.533,0.13799440639318508,3.7,217
161_264,12.942228109377089,77.69697975608709,99,CAR,No Junction,0.0,0.8646464646464646,1.0646464646464646,105.992,60,HAL Old Airport,0.6433734968328114,1.0,25.091566376479644,2,Morning Peak (08-12),1.071,0.689053015107941,15.1,30
161_298,12.942296913793104,77.7472602086207,58,CAR,No Junction,0.0,0.8224137931034482,0.9482758620689655,48.944,48,Whitefield,0.48478805780930795,0.2564102564102564,18.90673425456301,2,Morning Peak (08-12),0.844,0.4091611207910559,9.9,218
162_151,12.944133099999998,77.52678718,25,MAXI-CAB,BTP098 - Nayandahalli Junction,1.0,0.66,1.1239999999999999,18.1038,21,Byatarayanapura,0.21162409713132993,0.10256410256410256,8.253339788121867,0,Late Night (00-04),0.724,0.15321584632308285,4.1,39
162_178,12.943248352836845,77.56788455242571,50,CAR,No Junction,0.02,0.6259999999999999,0.898,27.686,47,Basavanagudi,0.3799163766465047,0.07692307692307693,14.816738689213683,1,Early Morning (04-08),0.554,0.2104736726621636,5.5,41
162_180,12.943540527587702,77.5710733793876,582,SCOOTER,BTP108 - Tagore Park Junction,1.0,0.7077319587628865,0.6838487972508591,404.1778,397,Basavanagudi,4.045002984080076,4.743589743589744,157.75511637912297,2,Morning Peak (08-12),0.694,2.8072320709515726,38.5,40
162_181,12.94388224623656,77.57264873333332,93,CAR,BTP108 - Tagore Park Junction,1.0,0.6182795698924731,0.8774193548387096,68.9598,86,Basavanagudi,0.6841339035651288,0.1794871794871795,26.681222239040025,1,Early Morning (04-08),0.742,0.5076273564453255,11.8,40
162_182,12.94405710476228,77.57329564141686,112,CAR,BTP108 - Tagore Park Junction,1.0,0.6116071428571429,0.9812500000000001,94.7661,75,Basavanagudi,0.7392923254211641,0.9487179487179487,28.8324006914254,1,Early Morning (04-08),0.846,0.6254413073063048,14.0,40
162_190,12.943643344,77.58569130400001,25,CAR,No Junction,0.0,0.704,0.9840000000000001,20.76,13,Wilson Garden,0.12942544383781843,0.3076923076923077,5.0475923096749185,2,Morning Peak (08-12),0.83,0.10742311838538929,2.9,219
162_264,12.943761676067771,77.6972692495088,44,CAR,No Junction,0.0,0.8340909090909091,1.009090909090909,39.216,21,HAL Old Airport,0.15889679350530153,0.5897435897435898,6.196974946706759,1,Early Morning (04-08),0.891,0.14157704301322366,3.8,30
162_265,12.943679065326902,77.69781162179902,151,CAR,No Junction,0.0,0.8112582781456954,1.032450331125828,127.01,128,HAL Old Airport,1.2485630390382176,0.5897435897435898,48.69395852249049,1,Early Morning (04-08),0.841,1.050041515831141,20.7,30
163_152,12.945405433333335,77.5286700962963,27,SCOOTER,BTP098 - Nayandahalli Junction,1.0,0.7703703703703704,0.9259259259259259,23.2479,19,Byatarayanapura,0.1958681674893081,0.20512820512820512,7.638858532083016,1,Early Morning (04-08),0.861,0.16864249220829428,4.5,39
163_180,12.945279041063575,77.57106680321196,609,SCOOTER,BTP108 - Tagore Park Junction,1.0,0.6489326765188834,0.7436781609195402,447.2806,427,Basavanagudi,4.073321480607091,4.666666666666667,158.85953774367653,2,Morning Peak (08-12),0.734,2.989817966765605,39.9,40
163_181,12.945007281882988,77.57179573004613,88,SCOOTER,BTP108 - Tagore Park Junction,1.0,0.6590909090909091,0.740909090909091,53.0296,60,Basavanagudi,0.5139374073051617,0.717948717948718,20.043558884901305,0,Late Night (00-04),0.603,0.3099042566050125,7.8,40
163_186,12.945369557575757,77.57998246060606,33,CAR,BTP185 - RV Teachers College,1.0,0.6333333333333333,0.9757575757575758,31.8162,30,Basavanagudi,0.1967536027805091,0.07692307692307693,7.673390508439854,2,Morning Peak (08-12),0.964,0.18967047308041077,5.0,220
163_191,12.94565615652174,77.58719239130436,23,SCOOTER,No Junction,0.0,0.6,0.7391304347826086,6.528,11,Wilson Garden,0.08924291904999326,0.3076923076923077,3.4804738429497375,0,Late Night (00-04),0.284,0.025344989010198084,0.7,42
163_196,12.9450947813232,77.59500020756637,226,SCOOTER,"BTP123 - 10th Cross, Wilson Garden",1.0,0.6225663716814159,0.6858407079646017,144.46120000000002,140,Wilson Garden,1.5357428187892828,2.2051282051282053,59.89396993278203,2,Morning Peak (08-12),0.639,0.9813396612063517,19.7,43
163_197,12.945539767857143,77.59616123214286,28,CAR,"BTP123 - 10th Cross, Wilson Garden",1.0,0.625,0.8928571428571429,24.0006,14,Wilson Garden,0.1410524078442004,0.358974358974359,5.501043905923815,2,Morning Peak (08-12),0.857,0.12088191352247973,3.3,43
163_198,12.944717385185186,77.59711599814815,54,CAR,"BTP123 - 10th Cross, Wilson Garden",1.0,0.6277777777777778,0.9925925925925926,45.4662,33,Wilson Garden,0.34200789500031914,0.5384615384615384,13.338307905012446,0,Late Night (00-04),0.842,0.2879706475902687,7.3,43
163_265,12.945241821691532,77.69815369002407,126,CAR,No Junction,0.0,0.7992063492063493,1.0666666666666667,91.904,120,HAL Old Airport,1.311378488967471,0.15384615384615385,51.14376106973137,1,Early Morning (04-08),0.729,0.9559949184572862,19.3,30
164_154,12.946758460000002,77.53154353,20,LORRY/GOODS VEHICLE,BTP098 - Nayandahalli Junction,1.0,0.9400000000000001,1.2449999999999999,22.9242,17,Byatarayanapura,0.16224424188475886,0.07692307692307693,6.3275254335055955,0,Late Night (00-04),1.146,0.18593190119993364,4.9,221
164_179,12.946513332,77.56967074399999,25,CAR,BTP215 - Vanivillas Junction,1.0,0.628,0.92,21.2706,19,Basavanagudi,0.14371109764106574,0.15384615384615385,5.604732808001565,2,Morning Peak (08-12),0.851,0.12229814409254694,3.3,40
164_180,12.946338133333334,77.5702482111111,27,CAR,BTP215 - Vanivillas Junction,1.0,0.6296296296296297,0.8666666666666666,23.0828,14,Basavanagudi,0.12058143340062741,0.3333333333333333,4.702675902624469,2,Morning Peak (08-12),0.855,0.10309712555753643,2.8,40
164_191,12.94630745738319,77.58787465121118,62,SCOOTER,No Junction,0.0,0.6209677419354839,0.6516129032258065,19.956,19,Wilson Garden,0.15321753651483436,1.1025641025641026,5.9754839240785405,0,Late Night (00-04),0.322,0.04933604675777666,1.4,42
164_192,12.946194593333333,77.5883005,30,SCOOTER,No Junction,0.0,0.6333333333333333,0.6933333333333334,13.044,12,Wilson Garden,0.1096695983548172,0.46153846153846156,4.2771143358378705,2,Morning Peak (08-12),0.435,0.04770627528434548,1.3,42
164_193,12.947083707843138,77.59064106666666,51,PASSENGER AUTO,BTP122 - Siddapura Junction,1.0,0.6098039215686274,1.0156862745098039,46.9638,39,Wilson Garden,0.321704849549571,0.3076923076923077,12.546489132433269,2,Morning Peak (08-12),0.921,0.29629016643515493,7.5,222
164_196,12.946877568181817,77.59445261363636,22,CAR,"BTP123 - 10th Cross, Wilson Garden",1.0,0.6136363636363636,0.95,20.7012,18,Wilson Garden,0.1689030280597599,0.10256410256410256,6.587218094330637,2,Morning Peak (08-12),0.941,0.15893774940423405,4.3,43
164_265,12.946838305544205,77.6987214093843,48,CAR,No Junction,0.0,0.8270833333333334,1.03125,33.285,42,HAL Old Airport,0.48279430214037905,0.15384615384615385,18.828977783474784,0,Late Night (00-04),0.693,0.3345764513832827,8.3,30
164_266,12.947223290909092,77.69907507272727,22,CAR,No Junction,0.0,0.6,0.7818181818181817,13.104000000000001,22,HAL Old Airport,0.28392843749844043,0.0,11.073209062439176,2,Morning Peak (08-12),0.596,0.1692213487490705,4.5,30
165_156,12.947940954285713,77.53458037714286,35,LORRY/GOODS VEHICLE,No Junction,0.0,0.7971428571428572,1.2685714285714285,34.025,30,Byatarayanapura,0.2928962460120376,0.1282051282051282,11.422953594469465,2,Morning Peak (08-12),0.972,0.2846951511237006,7.2,223
165_157,12.948705905,77.53588875,20,LORRY/GOODS VEHICLE,No Junction,0.0,0.8150000000000001,1.095,17.226,15,Byatarayanapura,0.14389527732692287,0.1282051282051282,5.611915815749993,0,Late Night (00-04),0.861,0.12389383377848058,3.4,224
165_181,12.948408341894176,77.57227377473531,36,SCOOTER,BTP107 - National College Junction,1.0,0.6111111111111112,0.6333333333333333,14.929200000000002,23,V.V.Puram (C.Pet),0.14785551587846021,0.3333333333333333,5.766365119259949,0,Late Night (00-04),0.415,0.06136003908956099,1.7,225
165_186,12.948139686875,77.5799713725,160,SCOOTER,BTP184 - Lalbagh West Gate,1.0,0.6381249999999999,0.6875,95.9244,83,Basavanagudi,0.8034444969624209,1.9743589743589745,31.334335381534416,0,Late Night (00-04),0.6,0.4820666981774525,11.3,226
165_198,12.948682361956521,77.59793849673913,92,SCOOTER,"BTP123 - 10th Cross, Wilson Garden",1.0,0.6771739130434782,0.7945652173913043,87.3379,16,Wilson Garden,0.23273487128838816,1.9487179487179487,9.076659980247138,2,Morning Peak (08-12),0.949,0.22086539285268034,5.8,44
165_266,12.948296528605896,77.69933586520962,83,CAR,No Junction,0.0,0.6373493975903615,0.8963855421686747,64.80199999999999,80,HAL Old Airport,0.8060468813578476,0.07692307692307693,31.435828372956063,2,Morning Peak (08-12),0.781,0.6295226143404791,14.1,30
166_148,12.949867493333333,77.52259779666666,30,CAR,No Junction,0.0,0.8699999999999999,1.23,35.444,23,Byatarayanapura,0.2377661113918191,0.1794871794871795,9.272878344280945,1,Early Morning (04-08),1.181,0.28080177755373836,7.1,227
166_184,12.949263778723406,77.57685718085106,47,CAR,BTP193 - Vasavi Circle,1.0,0.6,0.7872340425531915,26.832,33,V.V.Puram (C.Pet),0.2575270260904143,0.358974358974359,10.043554017526157,1,Early Morning (04-08),0.571,0.14704793189762655,4.0,228
166_197,12.950027659090908,77.59646989545455,22,SCOOTER,BTP122 - Siddapura Junction,1.0,0.6318181818181817,0.7727272727272727,18.837,8,Wilson Garden,0.1117492533315964,0.358974358974359,4.35822087993226,2,Morning Peak (08-12),0.856,0.0956573608518465,2.6,44
166_198,12.949428551351351,77.59759612432433,37,CAR,"BTP123 - 10th Cross, Wilson Garden",0.8648648648648649,0.6351351351351351,0.9675675675675675,34.6586,20,Wilson Garden,0.23392105626266238,0.4358974358974359,9.122921194243833,2,Morning Peak (08-12),0.937,0.21918402971811465,5.7,44
166_266,12.949901776605055,77.69966630077579,540,CAR,No Junction,0.0,0.8815740740740741,1.0327777777777778,359.13599999999997,306,HAL Old Airport,4.7854612376160315,6.0,186.6329882670252,0,Late Night (00-04),0.665,3.182331723014661,41.3,30
166_278,12.950158711904763,77.7176838404762,42,SCOOTER,No Junction,0.0,0.9333333333333333,0.7833333333333333,29.892,10,Whitefield,0.11433754051901687,0.8205128205128205,4.459164080241658,2,Morning Peak (08-12),0.712,0.08140832884954001,2.3,45
167_147,12.95107036,77.52152993666667,30,CAR,No Junction,0.0,0.9700000000000001,1.22,38.421,27,Byatarayanapura,0.29232449787506826,0.07692307692307693,11.400655417127663,2,Morning Peak (08-12),1.281,0.3744676817779624,9.2,229
167_159,12.951281366666667,77.53950396153846,39,CAR,BTP096 - Gali Anjaneya Temple,1.0,0.9025641025641027,1.2128205128205127,43.5396,28,Byatarayanapura,0.30278667929528424,0.28205128205128205,11.808680492516086,0,Late Night (00-04),1.116,0.33790993409353726,8.4,46
167_160,12.95187675079365,77.54042166825396,63,CAR,BTP096 - Gali Anjaneya Temple,1.0,0.7476190476190476,0.965079365079365,51.259,50,Byatarayanapura,0.38635928615584153,0.3333333333333333,15.068012160077819,0,Late Night (00-04),0.814,0.314496458930855,7.9,46
167_184,12.951692399999999,77.57689844000001,55,CAR,BTP106 - VV Puram College,1.0,0.6672727272727272,0.869090909090909,49.0334,24,V.V.Puram (C.Pet),0.18592114946422403,0.7948717948717948,7.250924829104737,2,Morning Peak (08-12),0.892,0.16584166532208783,4.4,230
167_193,12.951438951282052,77.5906005025641,39,SCOOTER,BTP121 - KH Circle,1.0,0.6307692307692307,0.7999999999999999,27.5262,31,Wilson Garden,0.26484676427574805,0.20512820512820512,10.329023806754174,2,Morning Peak (08-12),0.706,0.1869818155786781,4.9,47
167_204,12.951518001923079,77.60729361538462,52,CAR,BTP132 - Anepalya Junction,1.0,0.6096153846153846,0.9807692307692307,45.2166,18,Ashok Nagar,0.14748747085553843,0.8717948717948718,5.752011363365999,2,Morning Peak (08-12),0.87,0.12831409964431842,3.5,231
167_205,12.951656763265305,77.60791184489797,49,CAR,BTP132 - Anepalya Junction,1.0,0.6163265306122448,0.963265306122449,45.7938,42,Ashok Nagar,0.4274363721568659,0.1794871794871795,16.67001851411777,2,Morning Peak (08-12),0.935,0.39965300796666964,9.7,232
167_266,12.951300093882587,77.69989494528232,232,CAR,No Junction,0.0,0.893103448275862,1.0810344827586207,190.036,159,HAL Old Airport,1.8599271075980484,1.8717948717948718,72.53715719632389,0,Late Night (00-04),0.819,1.5232803011228015,26.7,30
167_278,12.951503639573199,77.7174734284193,283,SCOOTER,No Junction,0.0,0.9017667844522967,0.8946996466431095,261.977,105,Whitefield,1.3446076938683142,4.564102564102564,52.43970006086425,2,Morning Peak (08-12),0.926,1.245106724522059,23.3,45
168_160,12.952352741130484,77.54101883985128,371,SCOOTER,BTP096 - Gali Anjaneya Temple,1.0,0.6889487870619946,0.7881401617250673,242.6398,279,Byatarayanapura,2.2762303591507305,2.358974358974359,88.77298400687849,0,Late Night (00-04),0.654,1.4886546548845778,26.3,46
168_161,12.953211853152071,77.54203173472166,165,PASSENGER AUTO,BTP096 - Gali Anjaneya Temple,1.0,0.7315151515151516,0.9618181818181818,160.381,121,Byatarayanapura,1.2006956485144038,1.1282051282051282,46.827130292061746,0,Late Night (00-04),0.972,1.1670761703560004,22.3,46
168_193,12.952476107142857,77.59074626785714,28,CAR,BTP121 - KH Circle,1.0,0.6392857142857142,1.0142857142857142,25.3656,28,Wilson Garden,0.1278774512952117,0.0,4.987220600513256,2,Morning Peak (08-12),0.906,0.11585697087346179,3.2,47
168_266,12.952403094753786,77.7001175043437,154,CAR,No Junction,0.0,0.868831168831169,0.9824675324675325,107.85,81,HAL Old Airport,0.9477849161366902,1.8717948717948718,36.963611729330914,0,Late Night (00-04),0.7,0.6634494412956832,14.7,30
168_278,12.952319496551725,77.71752903448275,29,CAR,No Junction,0.0,0.8827586206896553,0.9517241379310345,26.54,12,Whitefield,0.12023866932068046,0.4358974358974359,4.689308103506538,2,Morning Peak (08-12),0.915,0.11001838242842263,3.0,45
169_161,12.953624778401315,77.54269785292429,239,PASSENGER AUTO,"BTP095 - Satellite Bus Stand, Mysore Road",1.0,0.7154811715481172,0.8451882845188284,208.9516,178,Byatarayanapura,1.745826269898608,1.564102564102564,68.08722452604572,0,Late Night (00-04),0.874,1.5258521598913835,26.7,46
169_162,12.953860045070424,77.54349575323944,355,SCOOTER,"BTP095 - Satellite Bus Stand, Mysore Road",1.0,0.7152112676056337,0.7785915492957746,285.8206,303,Byatarayanapura,2.485062988808238,1.3333333333333333,96.9174565635213,2,Morning Peak (08-12),0.805,2.000475705990632,31.7,46
169_181,12.954009992307693,77.57222016923077,26,CAR,BTP106 - VV Puram College,1.0,0.6,0.8,10.8576,18,V.V.Puram (C.Pet),0.09554223394793113,0.20512820512820512,3.726147123969314,0,Late Night (00-04),0.418,0.039936653790235206,1.1,233
169_182,12.954608356521737,77.57379180434783,23,CAR,BTP106 - VV Puram College,1.0,0.6,0.9173913043478261,12.667200000000001,9,V.V.Puram (C.Pet),0.10983109770462576,0.358974358974359,4.283412810480405,1,Early Morning (04-08),0.551,0.0605169348352488,1.7,234
169_188,12.95469765357143,77.5827113892857,28,SCOOTER,BTP119 - Minerva Circle,1.0,0.8196428571428571,0.7928571428571428,28.9601,25,City Market,0.1863313096327374,0.07692307692307693,7.266921075676757,2,Morning Peak (08-12),1.034,0.19266657416025046,5.1,48
169_189,12.954244979999999,77.584197275,40,CAR,BTP120 - Lalbagh Main Gate Junction,1.0,0.69,0.8949999999999999,39.6162,39,City Market,0.21586275852542455,0.02564102564102564,8.418647582491557,2,Morning Peak (08-12),0.99,0.2137041309401703,5.6,48
169_190,12.954643574829932,77.5854991632653,147,CAR,BTP120 - Lalbagh Main Gate Junction,1.0,0.6034013605442177,0.9850340136054423,102.7026,100,Wilson Garden,1.0278893068984007,1.205128205128205,40.08768296903763,0,Late Night (00-04),0.699,0.7184946255219821,15.6,48
169_193,12.954222883333333,77.59019008571428,42,CAR,BTP103 - Shanti Nagar TTMC,1.0,0.6404761904761904,0.95,38.0796,39,Wilson Garden,0.35685342885265403,0.07692307692307693,13.917283725253508,1,Early Morning (04-08),0.907,0.3236660599693572,8.1,47
169_194,12.954057985,77.591544855,40,CAR,BTP103 - Shanti Nagar TTMC,1.0,0.6425,0.9775,37.6038,33,Wilson Garden,0.28006490928956623,0.1794871794871795,10.922531462293083,1,Early Morning (04-08),0.94,0.26326101473219227,6.7,47
169_195,12.95450284868421,77.59316824868421,76,CAR,"BTP102 - BMTC Junction, KH Road",1.0,0.6276315789473683,0.9355263157894737,73.1783,63,Wilson Garden,0.582775419285583,0.3333333333333333,22.728241352137736,2,Morning Peak (08-12),0.963,0.5612127287720163,12.8,47
170_145,12.955998863888889,77.51848427037038,108,SCOOTER,No Junction,0.0,0.7259259259259259,0.6296296296296297,56.620000000000005,46,Byatarayanapura,0.40767823674187503,1.5897435897435896,15.899451232933126,3,Afternoon (12-16),0.524,0.21362339605274253,5.6,49
170_163,12.955514882142856,77.54563634642857,28,CAR,"BTP094 - Sri Skanda Complex, Mysore Road",1.0,0.8178571428571428,1.217857142857143,33.5517,21,Byatarayanapura,0.17832243602597572,0.1794871794871795,6.954575005013054,2,Morning Peak (08-12),1.198,0.2136302783591189,5.6,235
170_164,12.955800318518518,77.54623805,54,CAR,"BTP094 - Sri Skanda Complex, Mysore Road",1.0,0.7037037037037037,1.0777777777777777,57.5497,35,Byatarayanapura,0.24041146847471928,0.48717948717948717,9.376047270514052,1,Early Morning (04-08),1.066,0.2562786253940508,6.6,236
170_184,12.956369358333333,77.57700476666668,36,PASSENGER AUTO,BTP118 - Basappa Circle,1.0,0.6861111111111111,0.9555555555555555,32.7834,27,City Market,0.25710803675419297,0.23076923076923078,10.027213433413525,2,Morning Peak (08-12),0.911,0.2342254214830698,6.1,48
170_185,12.95594361891892,77.57798001351352,37,SCOOTER,BTP118 - Basappa Circle,1.0,0.6864864864864865,0.8648648648648649,33.7688,32,V.V.Puram (C.Pet),0.3341277769621988,0.1282051282051282,13.030983301525756,2,Morning Peak (08-12),0.913,0.30505866036648754,7.7,48
170_186,12.955306927058823,77.57988151647058,85,SCOOTER,BTP119 - Minerva Circle,1.0,0.6894117647058823,0.7705882352941177,71.9888,69,City Market,0.6420381023909183,0.41025641025641024,25.039485993245815,2,Morning Peak (08-12),0.847,0.5438062727251077,12.5,48
170_190,12.955384438157894,77.58569237280702,228,CAR,BTP192 - Urvashi Theater,1.0,0.6043859649122806,0.8986842105263159,169.7696,172,Wilson Garden,1.7142907233023585,1.435897435897436,66.85733820879199,2,Morning Peak (08-12),0.745,1.2771465888602571,23.7,48
170_194,12.955631612,77.592056348,25,CAR,"BTP102 - BMTC Junction, KH Road",1.0,0.628,0.924,23.4884,21,Wilson Garden,0.17634410046873214,0.10256410256410256,6.8774199182805535,2,Morning Peak (08-12),0.94,0.1657634544406082,4.4,47
170_272,12.956345794999999,77.70872528,20,MAXI-CAB,No Junction,0.0,0.7,1.1400000000000001,11.676,14,HAL Old Airport,0.14578539993205492,0.15384615384615385,5.685630597350141,0,Late Night (00-04),0.584,0.08513867356032007,2.4,237
170_274,12.95616315,77.711511165,20,MAXI-CAB,No Junction,0.0,0.73,1.0299999999999998,13.379999999999999,18,HAL Old Airport,0.18794045164527892,0.05128205128205128,7.329677614165878,1,Early Morning (04-08),0.669,0.1257321621506916,3.4,238
170_276,12.956008241818182,77.71486863272727,55,SCOOTER,No Junction,0.0,0.7236363636363636,0.8945454545454544,36.814,46,HAL Old Airport,0.4513420829602977,0.23076923076923078,17.60234123545161,1,Early Morning (04-08),0.669,0.3019478535004392,7.6,51
170_278,12.955735807142858,77.718302425,28,CAR,No Junction,0.0,0.7660714285714285,0.9678571428571429,23.023,15,Whitefield,0.15407170623777497,0.3333333333333333,6.008796543273224,1,Early Morning (04-08),0.822,0.126646942527451,3.4,239
170_287,12.956241112138196,77.73151976832196,25,CAR,No Junction,0.0,0.736,0.9159999999999999,15.474,21,Whitefield,0.17461404768319372,0.10256410256410256,6.809947859644554,0,Late Night (00-04),0.619,0.10808609551589692,3.0,240
170_288,12.956338876923077,77.73225118461538,26,CAR,No Junction,0.0,0.7423076923076923,0.9153846153846155,22.194,22,Whitefield,0.2413631639218083,0.10256410256410256,9.413163392950523,2,Morning Peak (08-12),0.854,0.20612414198922427,5.4,241
171_145,12.957048149618322,77.51861126870229,131,SCOOTER,No Junction,0.0,0.7229007633587785,0.7122137404580152,80.151,64,Byatarayanapura,0.8370179622384822,1.7179487179487178,32.64370052730081,2,Morning Peak (08-12),0.612,0.5122549928899511,11.9,49
171_146,12.957540741509433,77.51937067169811,53,CAR,No Junction,0.0,0.7962264150943396,0.9622641509433962,38.796,48,Byatarayanapura,0.3681825943640065,0.1282051282051282,14.359121180196254,2,Morning Peak (08-12),0.732,0.2695096590744528,6.9,49
171_168,12.957494742307691,77.55249322307692,26,PASSENGER AUTO,"BTP093 - Toll Gate, Mysore Road",1.0,0.7923076923076923,0.9769230769230769,25.3292,16,Chamarajpet,0.1327785687196503,0.2564102564102564,5.178364180066362,0,Late Night (00-04),0.974,0.12932632593293938,3.5,52
171_178,12.957776713513514,77.56739252162163,37,SCOOTER,BTP214 - 5th Main Chamrajpet  Junction,1.0,0.7891891891891891,0.8216216216216216,35.9268,31,Chamarajpet,0.22471162799401279,0.15384615384615385,8.763753491766499,2,Morning Peak (08-12),0.971,0.2181949907821864,5.7,48
171_179,12.957393870091868,77.56907698003396,43,SCOOTER,BTP217 - Baleyele Junction,1.0,0.6465116279069767,0.6883720930232557,31.1688,16,V.V.Puram (C.Pet),0.25111203961297185,0.6923076923076923,9.793369544905904,2,Morning Peak (08-12),0.725,0.18205622871940458,4.8,48
171_183,12.956845539285714,77.57518007857142,112,SCOOTER,BTP105 - Shivasankara Circle,1.0,0.6437499999999999,0.6339285714285714,47.2368,63,V.V.Puram (C.Pet),0.5655845380745104,1.2564102564102564,22.057796984905906,1,Early Morning (04-08),0.422,0.23867667506744336,6.2,48
171_184,12.957043970408163,77.57738970306123,98,SCOOTER,BTP118 - Basappa Circle,1.0,0.6612244897959183,0.7326530612244898,74.529,84,City Market,0.7712308474285733,0.358974358974359,30.078003049714354,2,Morning Peak (08-12),0.76,0.5861354440457157,13.3,48
171_185,12.957729074285714,77.57755427142858,35,SCOOTER,BTP118 - Basappa Circle,1.0,0.6657142857142857,0.7771428571428571,27.4508,32,City Market,0.31217053920152626,0.07692307692307693,12.174651028859527,3,Afternoon (12-16),0.784,0.2447417027339966,6.3,48
171_187,12.957322119277109,77.58126872048193,83,SCOOTER,BTP167 - JC Road Junction,1.0,0.7120481927710842,0.7325301204819277,67.1424,33,City Market,0.348087669084416,1.2820512820512822,13.57541909429222,2,Morning Peak (08-12),0.809,0.28160292428929257,7.2,48
171_188,12.957797722084763,77.58227114615784,66,CAR,BTP167 - JC Road Junction,1.0,0.7212121212121211,1.0075757575757576,70.0947,47,City Market,0.3977086805656712,0.48717948717948717,15.510638542061178,0,Late Night (00-04),1.062,0.42236661876074283,10.2,48
171_190,12.957485229411764,77.586187375,136,CAR,BTP192 - Urvashi Theater,1.0,0.6102941176470589,0.8610294117647058,100.0142,104,Wilson Garden,1.0474564714930192,0.8205128205128205,40.85080238822774,1,Early Morning (04-08),0.735,0.7698805065473692,16.5,48
171_229,12.957732883870968,77.64455884516128,31,CAR,No Junction,0.0,0.6,1.032258064516129,19.944,21,Jeevanbheemanagar,0.17431003983994114,0.2564102564102564,6.798091553757706,2,Morning Peak (08-12),0.643,0.11208135561708216,3.1,53
171_266,12.956942717577615,77.69969036044552,31,CAR,No Junction,0.0,0.7612903225806451,0.8935483870967742,24.994999999999997,29,HAL Old Airport,0.21182520701439372,0.05128205128205128,8.261183073561355,2,Morning Peak (08-12),0.806,0.17073111685360134,4.5,50
171_267,12.957405646769514,77.70105927369319,621,SCOOTER,No Junction,0.0,0.6847020933977456,0.7560386473429952,335.995,501,HAL Old Airport,4.456674804165651,3.076923076923077,173.81031736246038,2,Morning Peak (08-12),0.541,2.411061069053617,35.4,50
171_268,12.956903644289886,77.70268986455783,193,CAR,No Junction,0.0,0.6849740932642486,0.8797927461139895,117.689,159,HAL Old Airport,1.5533826552994283,0.8717948717948718,60.5819235566777,2,Morning Peak (08-12),0.61,0.9475634197326512,19.2,50
171_269,12.956760841996417,77.70379554989898,99,CAR,No Junction,0.0,0.7191919191919193,0.8656565656565657,49.458,80,HAL Old Airport,0.6975387507452744,0.48717948717948717,27.2040112790657,0,Late Night (00-04),0.5,0.3487693753726372,8.6,50
171_272,12.95671986764706,77.70867776764706,34,MAXI-CAB,No Junction,0.0,0.7,1.1176470588235294,16.212,23,HAL Old Airport,0.2458010459001683,0.28205128205128205,9.586240790106563,0,Late Night (00-04),0.477,0.11724709889438027,3.2,242
171_276,12.957001225805122,77.71514852021048,127,CAR,No Junction,0.0,0.7496062992125984,0.9393700787401574,88.733,108,HAL Old Airport,0.9443823008256266,0.48717948717948717,36.83090973219944,2,Morning Peak (08-12),0.699,0.6601232282771129,14.6,51
172_145,12.958352048333333,77.51877188833333,60,CAR,No Junction,0.0,0.76,0.9066666666666666,46.892,44,Byatarayanapura,0.378234358482879,0.41025641025641024,14.751139980832281,2,Morning Peak (08-12),0.782,0.2957792683336114,7.5,49
172_146,12.958525140963856,77.51914364819277,83,CAR,No Junction,0.0,0.7903614457831325,0.936144578313253,67.784,66,Byatarayanapura,0.5806316672688723,0.4358974358974359,22.644635023486018,2,Morning Peak (08-12),0.817,0.4743760721586686,11.2,49
172_169,12.958216649999999,77.55431572307693,26,PASSENGER AUTO,BTP092 - Bangalore Builders Junction,1.0,0.8269230769230769,0.9307692307692308,21.9024,14,Chamarajpet,0.11894232816547153,0.3076923076923077,4.638750798453389,0,Late Night (00-04),0.842,0.10014944031532702,2.8,52
172_170,12.958871283333332,77.5556804125,24,CAR,BTP092 - Bangalore Builders Junction,1.0,0.8666666666666667,1.0541666666666667,20.8988,8,Chamarajpet,0.0635719281492739,0.41025641025641024,2.479305197821682,1,Early Morning (04-08),0.871,0.055371149418017566,1.6,52
172_180,12.95867686,77.570786675,20,CAR,BTP212 - Minto Junction,1.0,0.635,0.985,18.1389,12,V.V.Puram (C.Pet),0.08275969020101373,0.20512820512820512,3.227627917839535,2,Morning Peak (08-12),0.907,0.07506303901231945,2.1,48
172_181,12.958351293333333,77.57194993,30,SCOOTER,BTP105 - Shivasankara Circle,1.0,0.66,0.8333333333333334,28.2867,9,V.V.Puram (C.Pet),0.0711614444439848,0.5384615384615384,2.7752963333154073,0,Late Night (00-04),0.943,0.06710524211067766,1.9,48
172_183,12.959343506349207,77.57581078650793,126,SCOOTER,BTP104 - Medical College Circle,1.0,0.7039682539682539,0.9619047619047618,128.8196,101,City Market,0.9695676200978272,0.6410256410256411,37.81313718381525,3,Afternoon (12-16),1.022,0.9908981077399793,19.9,48
172_184,12.959181760794474,77.57665643644214,579,SCOOTER,BTP104 - Medical College Circle,1.0,0.6996545768566493,0.9924006908462868,612.7589,431,City Market,3.9266181404063363,3.7948717948717947,153.13810747584714,3,Afternoon (12-16),1.058,4.154361992549904,47.3,48
172_185,12.958953297256096,77.57768775182927,328,SCOOTER,BTP118 - Basappa Circle,1.0,0.7012195121951219,0.8948170731707317,314.3127,214,City Market,2.0263175579895307,2.923076923076923,79.0263847615917,2,Morning Peak (08-12),0.958,1.9412122205539704,31.1,48
172_186,12.958995875,77.579286840625,32,SCOOTER,BTP167 - JC Road Junction,1.0,0.7,0.6437499999999999,16.7622,20,City Market,0.2482663148298978,0.3076923076923077,9.682386278366014,1,Early Morning (04-08),0.524,0.13009154897086644,3.5,48
172_187,12.95827663488372,77.58128925581396,43,SCOOTER,BTP167 - JC Road Junction,1.0,0.7232558139534884,0.7255813953488371,30.817800000000002,30,City Market,0.29364038875987475,0.3333333333333333,11.451975161635113,1,Early Morning (04-08),0.717,0.21054015874083018,5.5,48
172_188,12.958328914,77.582408402,50,CAR,BTP167 - JC Road Junction,1.0,0.7119999999999999,1.006,56.7567,17,City Market,0.18327166808660356,0.8461538461538461,7.14759505537754,1,Early Morning (04-08),1.135,0.20801334327829504,5.4,48
172_190,12.958215288793102,77.58640132672414,116,CAR,BTP192 - Urvashi Theater,1.0,0.6043103448275862,0.8172413793103448,85.0434,79,Wilson Garden,0.7684656974107731,0.9487179487179487,29.97016219902015,2,Morning Peak (08-12),0.733,0.5632853562020966,12.9,48
172_191,12.95860151594203,77.58663894637681,69,CAR,BTP180 - Swagath Poornima Theatre,1.0,0.6014492753623188,0.9782608695652174,58.7886,51,Wilson Garden,0.5606707826518161,0.46153846153846156,21.866160523420834,1,Early Morning (04-08),0.852,0.47769150681934736,11.3,48
172_230,12.958955125167785,77.64553074597316,298,MAXI-CAB,No Junction,0.0,0.6057046979865772,1.0932885906040268,171.042,212,Jeevanbheemanagar,2.093188808474032,2.2051282051282053,81.63436353048726,1,Early Morning (04-08),0.574,1.2014903760640945,22.8,53
172_232,12.959134818032787,77.64908647704918,61,PASSENGER AUTO,No Junction,0.0,0.6459016393442623,0.8688524590163934,35.738,41,Jeevanbheemanagar,0.3687133554089254,0.5128205128205128,14.37982086094809,1,Early Morning (04-08),0.586,0.21606602626963028,5.6,53
172_233,12.958765473695147,77.6495803531915,47,SCOOTER,No Junction,0.0,0.6063829787234043,0.6553191489361703,19.53,22,Jeevanbheemanagar,0.17450364635687934,0.6410256410256411,6.805642207918296,2,Morning Peak (08-12),0.416,0.0725935168844618,2.0,53
172_236,12.959279242047034,77.65488534566414,22,MOTOR CYCLE,No Junction,0.0,0.85,0.8318181818181819,17.0715,15,Jeevanbheemanagar,0.14021698727113815,0.1794871794871795,5.468462503574388,2,Morning Peak (08-12),0.776,0.10880838212240321,3.0,243
172_237,12.95934360914248,77.65622118759863,54,CAR,No Junction,0.0,0.7592592592592593,0.8907407407407407,37.717999999999996,47,Jeevanbheemanagar,0.32477617786369356,0.1794871794871795,12.66627093668405,2,Morning Peak (08-12),0.698,0.22669377214885808,5.9,244
172_239,12.958819599016776,77.65974614982754,29,SCOOTER,No Junction,0.0,0.8724137931034484,0.6758620689655171,16.41,6,Jeevanbheemanagar,0.05172945636680713,0.5897435897435898,2.017448798305478,1,Early Morning (04-08),0.566,0.029278872303612834,0.8,245
172_245,12.958570071008403,77.6682237710084,238,SCOOTER,No Junction,0.0,0.6903361344537814,0.7470588235294117,93.254,128,HAL Old Airport,1.2689359250455314,2.8205128205128207,49.48850107677573,0,Late Night (00-04),0.392,0.49742288261784834,11.6,246
172_267,12.958549096634615,77.70108986730769,208,SCOOTER,No Junction,0.0,0.6658653846153846,0.7682692307692308,123.876,148,HAL Old Airport,1.4310015958606586,1.5384615384615385,55.809062238565694,2,Morning Peak (08-12),0.596,0.8528769511329525,17.8,50
172_277,12.95878149032258,77.71588203346774,248,CAR,No Junction,0.0,0.7056451612903226,0.994758064516129,170.48499999999999,190,HAL Old Airport,1.8229737833489814,1.4871794871794872,71.09597755061027,1,Early Morning (04-08),0.687,1.2523829891607503,23.4,51
173_140,12.960816977777778,77.51141765555556,27,CAR,No Junction,0.0,0.6037037037037037,1.0,19.49,25,Jnanabharathi,0.25646140622250496,0.05128205128205128,10.001994842677693,2,Morning Peak (08-12),0.722,0.18516513529264858,4.9,54
173_141,12.96086934372093,77.51191567255815,215,CAR,No Junction,0.0,0.66,0.9548837209302327,162.166,198,Jnanabharathi,1.9004069876923033,0.4358974358974359,74.11587251999983,3,Afternoon (12-16),0.754,1.4329068687199966,25.6,54
173_151,12.960930311970902,77.52773157957178,256,SCOOTER,No Junction,0.0,0.6953125,0.6124999999999999,132.962,256,Byatarayanapura,1.308300608889149,0.0,51.02372374667681,3,Afternoon (12-16),0.519,0.6790080160134683,14.9,55
173_152,12.960715161979167,77.52876685546875,384,SCOOTER,BTP017 - Attiguppe Circle,0.6927083333333334,0.6955729166666665,0.6260416666666667,228.3116,384,Byatarayanapura,2.3722707000992735,0.0,92.51855730387166,2,Morning Peak (08-12),0.595,1.4115010665590677,25.4,55
173_153,12.960441054545454,77.52976878181818,22,SCOOTER,BTP017 - Attiguppe Circle,1.0,0.7,0.6363636363636364,12.831000000000001,22,Byatarayanapura,0.13152489101518616,0.0,5.129470749592262,0,Late Night (00-04),0.583,0.07667901146185353,2.1,55
173_171,12.96035000909091,77.55727071363636,22,LGV,BTP092 - Bangalore Builders Junction,1.0,0.7363636363636363,1.0863636363636362,18.4236,12,Chamarajpet,0.07344704408793393,0.2564102564102564,2.8644347194294237,1,Early Morning (04-08),0.837,0.0614751759016007,1.7,52
173_174,12.960296848387097,77.56209693225806,31,CAR,"BTP089 - Police Quarters, Sultan Road",1.0,0.8612903225806451,1.0096774193548388,30.55,15,Chamarajpet,0.1577317260709994,0.41025641025641024,6.151537316768976,0,Late Night (00-04),0.985,0.1553657501799344,4.2,56
173_175,12.960296832142857,77.5628983892857,28,SCOOTER,"BTP089 - Police Quarters, Sultan Road",1.0,0.8714285714285713,0.95,27.076400000000003,12,Chamarajpet,0.1289790700141883,0.41025641025641024,5.030183730553344,3,Afternoon (12-16),0.967,0.12472276070372007,3.4,56
173_180,12.960545159999999,77.570786908,25,CAR,BTP212 - Minto Junction,1.0,0.604,1.1159999999999999,25.1862,9,V.V.Puram (C.Pet),0.11378072331023957,0.41025641025641024,4.437448209099343,1,Early Morning (04-08),1.007,0.11457718837341123,3.1,48
173_181,12.960554152,77.57191930799999,25,SCOOTER,BTP212 - Minto Junction,1.0,0.648,0.752,19.175,13,V.V.Puram (C.Pet),0.1008677262936667,0.3076923076923077,3.933841325453001,2,Morning Peak (08-12),0.767,0.07736554606724237,2.1,48
173_182,12.959976344,77.573877032,25,PASSENGER AUTO,BTP104 - Medical College Circle,1.0,0.64,1.032,24.0669,13,V.V.Puram (C.Pet),0.10350252284961768,0.3076923076923077,4.036598391135089,1,Early Morning (04-08),0.963,0.09967292950418183,2.7,48
173_183,12.95966138192771,77.57530606024096,83,LGV,BTP104 - Medical College Circle,1.0,0.6987951807228915,1.172289156626506,110.3323,57,City Market,0.6353821580568233,0.6666666666666666,24.77990416421611,2,Morning Peak (08-12),1.329,0.8444228880575181,17.6,48
173_184,12.960049874774773,77.57674266846847,111,SCOOTER,BTP104 - Medical College Circle,1.0,0.7162162162162162,1.0594594594594595,105.5535,77,City Market,0.5836917661705691,0.8717948717948718,22.763978880652196,1,Early Morning (04-08),0.951,0.5550908696282112,12.7,48
173_185,12.960264405405406,77.57769958185328,259,SCOOTER,BTP104 - Medical College Circle,1.0,0.716988416988417,0.9586872586872586,274.39750000000004,147,City Market,1.414795211241714,2.871794871794872,55.177013238426845,1,Early Morning (04-08),1.059,1.498268128704975,26.4,48
173_186,12.960411865789473,77.57990424473684,38,PASSENGER AUTO,BTP167 - JC Road Junction,1.0,0.7,1.055263157894737,22.058400000000002,29,City Market,0.26330691928434913,0.23076923076923078,10.268969852089615,0,Late Night (00-04),0.58,0.15271801318492248,4.1,48
173_189,12.960719126315789,77.58377237894737,38,CAR,"BTP168 - MSR Building, JC Road",1.0,0.6842105263157895,1.1026315789473684,30.6761,27,Halasuru Gate,0.23625963238976375,0.28205128205128205,9.214125663200784,1,Early Morning (04-08),0.807,0.19066152333853936,5.0,48
173_191,12.960107182051281,77.58752044358974,39,CAR,BTP180 - Swagath Poornima Theatre,1.0,0.6076923076923076,0.9282051282051282,26.1066,28,Halasuru Gate,0.26300784499083335,0.28205128205128205,10.2573059546425,1,Early Morning (04-08),0.669,0.17595224829886752,4.7,48
173_201,12.96050174,77.60164583555556,45,SCOOTER,BTP172 - Nanjappa Circle,1.0,0.6022222222222222,0.7733333333333333,29.3202,30,Ashok Nagar,0.2602727353683784,0.38461538461538464,10.15063667936676,2,Morning Peak (08-12),0.652,0.16969782346018272,4.5,247
173_224,12.960914680952381,77.6369349547619,42,CAR,"BTP145 - Sri Hatti Maramma Circle, Domluru",1.0,0.6023809523809524,1.0047619047619047,36.3558,42,Halasur,0.2872878172186879,0.0,11.204224871528828,1,Early Morning (04-08),0.866,0.24879124971138372,6.4,57
173_225,12.960609596721312,77.63841675245901,61,SCOOTER,BTP146 - Domlur Water Tank,1.0,0.6032786885245901,0.8377049180327869,49.4052,42,Halasur,0.3167378548914904,0.48717948717948717,12.352776340768125,1,Early Morning (04-08),0.81,0.25655766246210726,6.6,57
173_228,12.960393466487885,77.64293751503787,48,MAXI-CAB,"BTP148 - 17th Main, Doopanahalli Bus Stop",1.0,0.69375,1.0791666666666666,46.394400000000005,34,Jeevanbheemanagar,0.32583746052446594,0.358974358974359,12.707660960454172,1,Early Morning (04-08),0.967,0.31508482432715856,7.9,53
173_229,12.960235479780035,77.64429805838488,165,PASSENGER AUTO,"BTP148 - 17th Main, Doopanahalli Bus Stop",0.9030303030303031,0.6569696969696969,0.9757575757575757,138.6662,130,Jeevanbheemanagar,1.1241515633744597,0.8974358974358975,43.841910971603916,1,Early Morning (04-08),0.84,0.9442873132345461,19.2,53
173_230,12.959955759319177,77.64568656206886,161,MAXI-CAB,No Junction,0.0,0.6149068322981367,1.0732919254658384,102.55799999999999,113,Jeevanbheemanagar,1.1076155219666763,1.2307692307692308,43.19700535670038,1,Early Morning (04-08),0.637,0.7055510874927728,15.4,53
173_231,12.95997529721245,77.6474197688827,49,MAXI-CAB,No Junction,0.0,0.6122448979591837,1.1285714285714286,31.59,37,Jeevanbheemanagar,0.35354754164762364,0.3076923076923077,13.788354124257324,1,Early Morning (04-08),0.645,0.22803816436271726,5.9,53
173_232,12.959901113554654,77.64903595138829,316,PASSENGER AUTO,No Junction,0.0,0.6664556962025316,0.9677215189873418,233.0615,256,Jeevanbheemanagar,1.9541945097649709,1.5384615384615385,76.21358588083386,1,Early Morning (04-08),0.738,1.4421955482065485,25.7,53
173_267,12.960104409461904,77.70154973793585,116,CAR,No Junction,0.0,0.6413793103448275,0.875,74.43299999999999,91,HAL Old Airport,0.9937116482061875,0.6410256410256411,38.75475428004131,2,Morning Peak (08-12),0.642,0.6379628781483724,14.2,50
173_277,12.960106904081632,77.71631188911564,147,MAXI-CAB,No Junction,0.0,0.7,1.0394557823129251,111.048,118,HAL Old Airport,1.1366729357940402,0.7435897435897436,44.33024449596756,1,Early Morning (04-08),0.755,0.8581880665245003,17.9,51
174_140,12.961145421538461,77.51100709384615,65,CAR,No Junction,0.0,0.6969230769230769,0.9199999999999999,48.461999999999996,46,Jnanabharathi,0.4759636473815749,0.48717948717948717,18.562582247881416,3,Afternoon (12-16),0.746,0.35506888094665484,8.8,54
174_141,12.961070930434783,77.51182808804347,92,CAR,No Junction,0.0,0.6565217391304348,0.9586956521739131,66.52799999999999,83,Jnanabharathi,0.7859171954161023,0.23076923076923078,30.65077062122799,3,Afternoon (12-16),0.723,0.568218132285842,13.0,54
174_151,12.961054977869205,77.52736497874638,105,SCOOTER,No Junction,0.0,0.6980952380952381,0.6076190476190476,54.346000000000004,105,Byatarayanapura,0.44899005673292647,0.0,17.51061221258413,2,Morning Peak (08-12),0.518,0.2325768493876559,6.0,55
174_155,12.961585365,77.53370056,20,PASSENGER AUTO,BTP017 - Attiguppe Circle,1.0,0.7,0.96,20.747999999999998,2,Vijayanagara,0.029219043660962497,0.46153846153846156,1.139542702777537,2,Morning Peak (08-12),1.037,0.030300148276418106,0.9,248
174_173,12.96112051,77.56034608333333,30,SCOOTER,BTP091 - Sirsi Circle,1.0,0.6166666666666667,0.8533333333333333,12.2928,3,Chamarajpet,0.022397735481303298,0.6923076923076923,0.8735116837708287,0,Late Night (00-04),0.41,0.00918307154733435,0.3,56
174_184,12.961600471428572,77.5771905984127,63,SCOOTER,BTP082 - KR Market Junction,1.0,0.6968253968253968,0.8650793650793651,55.2084,50,City Market,0.45911529435121085,0.3333333333333333,17.905496479697224,1,Early Morning (04-08),0.876,0.4021849978516607,9.7,48
174_185,12.961345827755101,77.57774697142858,245,SCOOTER,BTP082 - KR Market Junction,1.0,0.7061224489795919,0.7481632653061224,189.3619,181,City Market,1.6969149718881305,1.641025641025641,66.1796839036371,1,Early Morning (04-08),0.773,1.311715273269525,24.2,48
174_189,12.96155959,77.583992466,50,SCOOTER,"BTP168 - MSR Building, JC Road",1.0,0.63,0.7939999999999999,36.7536,21,Halasuru Gate,0.1701777862049428,0.7435897435897436,6.636933661992771,2,Morning Peak (08-12),0.735,0.12508067286063296,3.4,48
174_190,12.961282899999999,77.5861491490196,51,TEMPO,"BTP168 - MSR Building, JC Road",1.0,0.6941176470588235,1.1176470588235294,50.765,48,Halasuru Gate,0.49015420029641416,0.07692307692307693,19.11601381156015,0,Late Night (00-04),0.995,0.4877034292949321,11.5,48
174_191,12.961170335365853,77.58713015365853,82,TEMPO,BTP180 - Swagath Poornima Theatre,1.0,0.674390243902439,1.0743902439024389,75.3597,71,Halasuru Gate,0.6112019946439043,0.28205128205128205,23.83687779111227,0,Late Night (00-04),0.919,0.5616946330777481,12.9,48
174_192,12.961770295918367,77.5891156510204,49,CAR,BTP180 - Swagath Poornima Theatre,1.0,0.636734693877551,1.079591836734694,41.964,38,Halasuru Gate,0.3428976849391891,0.28205128205128205,13.373009712628377,0,Late Night (00-04),0.856,0.29352041830794584,7.4,48
174_197,12.962016685135135,77.59603801801802,222,SCOOTER,"BTP101 - Blood Bank Circle, KH Road",1.0,0.6094594594594593,0.6162162162162161,85.4802,222,Ashok Nagar,1.0122862221742743,0.0,39.479162664796696,1,Early Morning (04-08),0.385,0.38973019553709565,9.5,58
174_198,12.96209205391705,77.59773266313364,217,SCOOTER,"BTP101 - Blood Bank Circle, KH Road",1.0,0.6262672811059908,0.6064516129032258,97.9758,211,Ashok Nagar,1.348585340535815,0.15384615384615385,52.59482828089678,1,Early Morning (04-08),0.452,0.6095605739221884,13.7,58
174_199,12.96182933492823,77.59905378261563,627,SCOOTER,BTP172 - Nanjappa Circle,1.0,0.6028708133971292,0.6248803827751196,325.1976,468,Ashok Nagar,4.1562709917154175,4.076923076923077,162.09456867690125,1,Early Morning (04-08),0.519,2.157104644700302,33.1,58
174_223,12.961390128268524,77.63529893219402,43,CAR,"BTP145 - Sri Hatti Maramma Circle, Domluru",1.0,0.6255813953488372,0.9813953488372094,34.8998,21,Halasur,0.171745642759598,0.5641025641025641,6.698080067624322,2,Morning Peak (08-12),0.812,0.13945746192079359,3.8,57
174_224,12.961291867032967,77.63661377472528,91,SCOOTER,"BTP145 - Sri Hatti Maramma Circle, Domluru",1.0,0.6098901098901099,0.8054945054945054,62.5092,67,Halasur,0.5520359103291038,0.6153846153846154,21.529400502835045,2,Morning Peak (08-12),0.687,0.37924867039609433,9.3,57
174_232,12.962145739644608,77.64913598646037,102,SCOOTER,No Junction,0.0,0.6,0.7156862745098039,46.656,71,Jeevanbheemanagar,0.7637127970536446,0.7948717948717948,29.78479908509214,1,Early Morning (04-08),0.457,0.3490167482535156,8.6,53
174_267,12.961425201333332,77.701640084,75,CAR,No Junction,0.0,0.6,0.9520000000000001,51.012,62,HAL Old Airport,0.5942499757987374,0.3333333333333333,23.17574905615076,2,Morning Peak (08-12),0.68,0.40408998354314146,9.8,50
174_277,12.961948366917293,77.71667410225564,133,CAR,No Junction,0.0,0.7,0.912781954887218,88.04599999999999,124,HAL Old Airport,0.9808074846582314,0.23076923076923078,38.251491901671024,1,Early Morning (04-08),0.662,0.6492945548437492,14.4,51
175_171,12.963842016666666,77.55704783333333,24,SCOOTER,BTP091 - Sirsi Circle,1.0,0.6916666666666665,0.7166666666666667,14.0166,22,Magadi Road,0.21417941788168393,0.05128205128205128,8.352997297385675,1,Early Morning (04-08),0.584,0.1250807800429034,3.4,60
175_173,12.963001096153846,77.55979302692307,26,CAR,BTP091 - Sirsi Circle,1.0,0.8,1.0615384615384615,25.303200000000004,24,Magadi Road,0.25698391219372413,0.05128205128205128,10.022372575555243,1,Early Morning (04-08),0.973,0.25004534656449356,6.4,56
175_184,12.963604390194524,77.57685234027227,1591,SCOOTER,BTP082 - KR Market Junction,1.0,0.7096794468887492,0.8249528598365807,1032.2884,938,City Market,11.004503713189482,16.743589743589745,429.1756448143897,0,Late Night (00-04),0.649,7.141922909859974,60.5,48
175_185,12.963626913961038,77.57827158701299,308,SCOOTER,BTP082 - KR Market Junction,1.0,0.7035714285714285,0.8285714285714285,245.5804,215,City Market,1.919496897073181,2.3846153846153846,74.86037898585407,2,Morning Peak (08-12),0.797,1.5298390269673252,26.8,48
175_186,12.96342890006327,77.57979713459486,202,CAR,BTP082 - KR Market Junction,1.0,0.6772277227722772,0.9445544554455445,185.4489,134,City Market,1.1515449422064847,1.7435897435897436,44.91025274605291,2,Morning Peak (08-12),0.918,1.057118256945553,20.8,48
175_187,12.963333978996237,77.58124058887913,336,SCOOTER,"BTP080 - NR Road, SP Road Junction",1.0,0.7083333333333334,0.8687499999999999,293.2956,155,City Market,1.5033319475582856,4.641025641025641,58.62994595477314,2,Morning Peak (08-12),0.873,1.3124087902183834,24.2,48
175_188,12.963654482352942,77.58287786176471,102,CAR,"BTP080 - NR Road, SP Road Junction",1.0,0.680392156862745,0.9558823529411765,112.20169999999999,75,Halasuru Gate,0.6840805140438448,0.6923076923076923,26.679140047709947,2,Morning Peak (08-12),1.1,0.7524885654482294,16.2,48
175_189,12.963736464383562,77.58407279280821,292,SCOOTER,"BTP080 - NR Road, SP Road Junction",1.0,0.6613013698630137,0.7907534246575343,232.5765,211,Halasuru Gate,1.908493129005414,2.076923076923077,74.43123203121114,2,Morning Peak (08-12),0.796,1.5191605306883096,26.6,48
175_193,12.962852711999998,77.590068946,50,PASSENGER AUTO,BTP064 - Devanga Hostel Junction,1.0,0.61,0.9840000000000001,40.864200000000004,44,Halasuru Gate,0.40781265315228726,0.15384615384615385,15.904693472939204,1,Early Morning (04-08),0.817,0.3331829376254187,8.3,48
175_198,12.962656304477612,77.59842920298509,67,SCOOTER,BTP100 - Richmond Circle,1.0,0.6044776119402985,0.6,29.601000000000003,64,Ashok Nagar,0.6855961518501668,0.07692307692307693,26.738249922156502,1,Early Morning (04-08),0.442,0.3030334991177737,7.6,58
175_199,12.962776916279068,77.59871232790698,43,SCOOTER,BTP100 - Richmond Circle,1.0,0.627906976744186,0.641860465116279,19.796400000000002,43,Ashok Nagar,0.34750735792758014,0.0,13.552786959175624,1,Early Morning (04-08),0.46,0.15985338464668686,4.3,58
175_200,12.963121413793104,77.6008884,29,SCOOTER,BTP172 - Nanjappa Circle,1.0,0.6137931034482759,0.8275862068965517,14.9526,25,Ashok Nagar,0.1926767056087828,0.10256410256410256,7.51439151874253,1,Early Morning (04-08),0.516,0.09942118009413194,2.7,58
175_227,12.963504328102884,77.64152738669851,159,CAR,"BTP148 - 17th Main, Doopanahalli Bus Stop",1.0,0.6933962264150944,0.8333333333333334,147.2705,143,Jeevanbheemanagar,1.0830792860512004,0.41025641025641024,42.240092155996805,2,Morning Peak (08-12),0.926,1.0029314188834115,20.0,61
175_278,12.963459466666666,77.71756115680273,294,MAXI-CAB,No Junction,0.0,0.6986394557823129,1.0724489795918368,226.926,260,HAL Old Airport,1.9801275545082528,0.8717948717948718,77.22497462582187,1,Early Morning (04-08),0.772,1.5286584720803713,26.7,51
175_288,12.963607593838624,77.73307391578486,85,CAR,No Junction,0.0,0.8917647058823529,0.8400000000000001,86.954,55,Whitefield,0.5550522949529864,0.7692307692307693,21.64703950316647,2,Morning Peak (08-12),1.023,0.567818497736905,13.0,249
176_158,12.965194203480293,77.5379021674401,241,CAR,"BTP016 - 5th Main Road, RPC Layout",1.0,0.7029045643153526,0.8522821576763485,194.87,200,Vijayanagara,1.5191895524675278,1.0512820512820513,59.24839254623359,0,Late Night (00-04),0.809,1.2290243479462302,23.1,59
176_159,12.964852335476907,77.53892509963995,1073,SCOOTER,"BTP016 - 5th Main Road, RPC Layout",0.9776328052190121,0.6945013979496737,0.6988816402609506,705.891,1041,Vijayanagara,5.263617038658686,0.8205128205128205,205.2810645076888,2,Morning Peak (08-12),0.658,3.4634600114374154,43.1,59
176_160,12.964358341212122,77.54053554848485,165,SCOOTER,No Junction,0.0,0.6854545454545454,0.7066666666666667,83.542,139,Vijayanagara,1.0128308036505236,0.6666666666666666,39.50040134237042,2,Morning Peak (08-12),0.506,0.5124923866471649,11.9,59
176_161,12.964268570370372,77.54239331111111,81,SCOOTER,No Junction,0.0,0.6024691358024691,0.7851851851851852,42.288,50,Vijayanagara,0.37821702164240023,0.7948717948717948,14.75046384405361,1,Early Morning (04-08),0.522,0.19742928529733292,5.2,59
176_166,12.9643128359375,77.54983499375,64,SCOOTER,No Junction,0.0,0.6515624999999999,0.7859375,38.245,34,Magadi Road,0.30719731993337124,0.7692307692307693,11.980695477401479,2,Morning Peak (08-12),0.598,0.183703997320156,4.9,60
176_167,12.96422535,77.55128034399999,50,SCOOTER,No Junction,0.0,0.6859999999999999,0.83,34.977,35,Magadi Road,0.3416951554546335,0.38461538461538464,13.326111062730707,2,Morning Peak (08-12),0.7,0.23918660881824344,6.2,60
176_168,12.964425243243245,77.55266345675676,74,SCOOTER,No Junction,0.0,0.6135135135135135,0.6270270270270271,26.268,48,Magadi Road,0.522129234468169,0.6666666666666666,20.36304014425859,2,Morning Peak (08-12),0.355,0.18535587823619998,4.9,60
176_169,12.964439345907474,77.55441281779359,281,SCOOTER,No Junction,0.0,0.6832740213523132,0.7679715302491102,159.246,198,Magadi Road,1.8521373278267368,2.128205128205128,72.23335578524274,2,Morning Peak (08-12),0.567,1.0501618648777598,20.7,60
176_170,12.96440355776699,77.55548570825243,206,SCOOTER,No Junction,0.2524271844660194,0.7616504854368932,0.920388349514563,136.3186,164,Magadi Road,1.312529941423915,1.0769230769230769,51.18866771553268,0,Late Night (00-04),0.662,0.8688948212226318,18.0,60
176_182,12.964827209957752,77.57386070606519,495,CAR,"BTP083 - AS Char Street, Mysore Road",1.0,0.7884848484848485,1.022020202020202,431.3972,380,City Market,3.4909669836704973,2.948717948717949,136.14771236314937,0,Late Night (00-04),0.872,3.0441232097606736,40.3,48
176_183,12.964734485278314,77.57543684762055,976,SCOOTER,BTP082 - KR Market Junction,1.0,0.6943647540983606,0.8734631147540983,616.8812,659,City Market,6.399947384674491,8.128205128205128,249.59794800230517,0,Late Night (00-04),0.632,4.044766747114279,46.7,48
176_184,12.964423779060073,77.57666079717684,4185,SCOOTER,BTP082 - KR Market Junction,1.0,0.6905615292712067,0.7560573476702509,2821.234,2705,City Market,32.61592869720017,37.94871794871795,1272.0212191908067,2,Morning Peak (08-12),0.674,21.983135941912916,90.4,48
176_185,12.964444295536978,77.57814117204354,1046,SCOOTER,BTP082 - KR Market Junction,1.0,0.6830783938814532,0.8216061185468451,920.9811,847,City Market,7.243352888920406,5.102564102564102,282.49076266789586,2,Morning Peak (08-12),0.88,6.374150542249958,57.6,48
176_186,12.964485312638582,77.57966780886919,451,CAR,BTP082 - KR Market Junction,1.0,0.6863636363636364,0.9521064301552106,419.588,349,Halasuru Gate,3.02194757883437,2.6153846153846154,117.85595557454045,2,Morning Peak (08-12),0.93,2.8104112483159644,38.6,48
176_187,12.964356016521739,77.58114346434783,230,CAR,"BTP080 - NR Road, SP Road Junction",1.0,0.6760869565217391,1.0417391304347825,251.914,181,Halasuru Gate,1.6346077916405197,1.2564102564102564,63.74970387398026,2,Morning Peak (08-12),1.095,1.789895531846369,29.6,48
176_188,12.964220879545454,77.58279577702021,396,CAR,"BTP080 - NR Road, SP Road Junction",1.0,0.6762626262626263,0.9159090909090909,396.8614,340,Halasuru Gate,2.7179143527302814,1.435897435897436,105.998659756481,2,Morning Peak (08-12),1.002,2.723350181435742,37.9,48
176_189,12.964714072822085,77.58403996668711,1630,SCOOTER,"BTP080 - NR Road, SP Road Junction",1.0,0.6643558282208588,0.6941717791411043,1222.4186,1232,Halasuru Gate,10.669733466682855,10.205128205128204,416.11960520063127,2,Morning Peak (08-12),0.75,8.00230010001214,63.4,48
176_190,12.965310537037036,77.58530977037037,27,CAR,BTP078 - NR Square Junction,1.0,0.6777777777777778,0.9185185185185185,28.262,22,Halasuru Gate,0.19331734725608105,0.1282051282051282,7.539376542987161,2,Morning Peak (08-12),1.047,0.20240326257711685,5.3,48
176_227,12.964883376595743,77.6414759106383,47,CAR,"BTP148 - 17th Main, Doopanahalli Bus Stop",1.0,0.7085106382978723,0.8574468085106383,44.421,47,Jeevanbheemanagar,0.3210375332170467,0.0,12.52046379546482,2,Morning Peak (08-12),0.945,0.3033804688901091,7.6,61
176_277,12.964697461111111,77.71645081666666,36,MOTOR CYCLE,No Junction,0.0,0.6944444444444444,0.7222222222222222,15.336,15,HAL Old Airport,0.19777404050363834,0.5384615384615384,7.713187579641895,1,Early Morning (04-08),0.426,0.08425174125454993,2.3,51
176_278,12.964821697405661,77.71811143089623,848,MAXI-CAB,No Junction,0.0,0.6955188679245282,0.9424528301886792,607.43,754,HAL Old Airport,4.795609800154998,2.41025641025641,187.02878220604492,1,Early Morning (04-08),0.716,3.4336566169109783,42.9,51
176_279,12.965005331578947,77.71863460263158,38,MAXI-CAB,No Junction,0.0,0.7157894736842105,1.0105263157894737,25.722,29,Whitefield,0.27150330370750236,0.23076923076923078,10.588628844592595,1,Early Morning (04-08),0.677,0.18380773660997912,4.9,51
177_156,12.966239654625943,77.53504862982064,272,SCOOTER,"BTP016 - 5th Main Road, RPC Layout",1.0,0.6595588235294116,0.663235294117647,176.995,195,Vijayanagara,1.802822215881717,1.9743589743589745,70.31006641938697,2,Morning Peak (08-12),0.651,1.173637262538998,22.4,59
177_157,12.965848441078839,77.53635611950207,241,CAR,"BTP016 - 5th Main Road, RPC Layout",1.0,0.7058091286307053,0.9730290456431535,249.7079,212,Vijayanagara,1.7386044681920185,0.7435897435897436,67.80557425948872,2,Morning Peak (08-12),1.036,1.8011942290469312,29.7,59
177_158,12.965528447826088,77.53708043043478,23,CAR,"BTP016 - 5th Main Road, RPC Layout",1.0,0.6869565217391304,0.9304347826086956,21.683999999999997,15,Vijayanagara,0.14082130386043545,0.20512820512820512,5.492030850556983,1,Early Morning (04-08),0.943,0.13279448954039064,3.6,59
177_162,12.966615885185185,77.5437943037037,27,SCOOTER,No Junction,0.0,0.674074074074074,0.7111111111111111,18.714,25,Vijayanagara,0.1966277007163712,0.05128205128205128,7.668480327938478,2,Morning Peak (08-12),0.693,0.13626299659644522,3.7,62
177_164,12.966787855555557,77.54715225555556,27,CAR,No Junction,0.0,0.6333333333333333,1.0444444444444445,15.222,16,Magadi Road,0.15080793072244553,0.28205128205128205,5.881509298175376,0,Late Night (00-04),0.564,0.08505567292745927,2.4,62
177_165,12.966203686206898,77.54848729655173,29,CAR,No Junction,0.0,0.6137931034482759,0.9862068965517242,14.808,23,Magadi Road,0.2643395794926232,0.15384615384615385,10.309243600212305,1,Early Morning (04-08),0.511,0.13507752512073046,3.7,62
177_182,12.9662107373297,77.57385053433242,367,LGV,"BTP083 - AS Char Street, Mysore Road",1.0,0.7787465940054497,0.9994550408719346,361.439,260,Chamarajpet,2.2929776958190606,2.7435897435897436,89.42613013694337,0,Late Night (00-04),0.985,2.2585830303817747,34.1,48
177_183,12.965784325925926,77.57470382222222,54,CAR,"BTP083 - AS Char Street, Mysore Road",1.0,0.6833333333333333,0.9481481481481482,34.824400000000004,47,City Market,0.4463301045765179,0.1794871794871795,17.406874078484197,5,Night (20-24),0.645,0.28788291745185407,7.3,48
177_184,12.9660300625,77.57713050250001,40,SCOOTER,BTP082 - KR Market Junction,1.0,0.6575,0.705,26.4966,30,City Market,0.22443995349568943,0.2564102564102564,8.753158186331888,0,Late Night (00-04),0.662,0.14857924921414642,4.0,48
177_185,12.966285010248448,77.57783570279503,322,SCOOTER,BTP082 - KR Market Junction,1.0,0.6916149068322981,0.7484472049689441,207.9402,255,City Market,2.342904918736246,1.7179487179487178,91.37329183071358,2,Morning Peak (08-12),0.646,1.513516577503615,26.6,48
177_187,12.965918766666666,77.58153644057971,69,PASSENGER AUTO,"BTP080 - NR Road, SP Road Junction",1.0,0.7,0.9391304347826086,69.0144,55,Halasuru Gate,0.3886522574863444,0.358974358974359,15.157438041967433,1,Early Morning (04-08),1.0,0.3886522574863444,9.5,48
177_188,12.965753805714286,77.58287377714285,35,SCOOTER,"BTP080 - NR Road, SP Road Junction",1.0,0.6714285714285714,0.84,31.707,30,Halasuru Gate,0.26342747925699467,0.1282051282051282,10.273671691022791,1,Early Morning (04-08),0.906,0.23866529620683719,6.2,48
177_189,12.96608126,77.58455282181818,55,LGV,BTP078 - NR Square Junction,1.0,0.6963636363636363,1.0036363636363637,55.0862,42,Halasuru Gate,0.28594264101612293,0.3333333333333333,11.151762999628794,1,Early Morning (04-08),1.002,0.28651452629815516,7.3,48
177_190,12.965683231746032,77.58561841825397,126,SCOOTER,BTP078 - NR Square Junction,1.0,0.6515873015873015,0.7428571428571428,106.1684,119,Halasuru Gate,0.9638424707218132,0.1794871794871795,37.58985635815071,2,Morning Peak (08-12),0.843,0.8125192028184884,17.1,48
177_196,12.966530152,77.594923776,25,SCOOTER,BTP203 - RRMR Junction,1.0,0.716,0.92,24.9444,23,Halasuru Gate,0.1949484848889956,0.05128205128205128,7.602990910670829,1,Early Morning (04-08),0.998,0.19455858791921762,5.1,63
177_227,12.96647110845771,77.6415325,201,CAR,"BTP148 - 17th Main, Doopanahalli Bus Stop",1.0,0.7208955223880598,0.8980099502487562,210.1138,183,Jeevanbheemanagar,1.0988362674526455,0.46153846153846156,42.85461443065318,2,Morning Peak (08-12),1.045,1.1482838994880145,22.0,61
177_238,12.966874166129033,77.65813075806452,62,CAR,No Junction,0.0,0.7209677419354839,0.9419354838709677,53.483999999999995,2,Jeevanbheemanagar,0.023230378251615533,1.5384615384615385,0.9059847518130056,0,Late Night (00-04),0.863,0.020047816431144207,0.6,250
177_239,12.966652278260868,77.65879696086957,23,CAR,No Junction,0.0,0.6869565217391304,0.982608695652174,20.06,2,Jeevanbheemanagar,0.03189160073524071,0.5384615384615384,1.2437724286743876,1,Early Morning (04-08),0.872,0.0278094758411299,0.8,251
177_278,12.966392768098158,77.71802410490797,163,SCOOTER,No Junction,0.0,0.6950920245398773,0.803680981595092,99.294,155,HAL Old Airport,1.0850409842971278,0.20512820512820512,42.31659838758799,1,Early Morning (04-08),0.609,0.6607899594369508,14.6,51
177_299,12.966141751851852,77.74918778888889,27,CAR,No Junction,0.0,0.862962962962963,0.9407407407407407,22.598,23,Whitefield,0.2539330273072101,0.10256410256410256,9.903388064981195,1,Early Morning (04-08),0.837,0.21254194385613487,5.6,68
178_157,12.967644738296482,77.5360749456078,226,CAR,"BTP022 - Marenahalli Junction, Vijayanagar",1.0,0.6384955752212389,0.8300884955752212,186.3771,185,Vijayanagara,1.6972148083277507,1.0512820512820513,66.19137752478228,2,Morning Peak (08-12),0.825,1.4002022168703943,25.2,59
178_158,12.968393089583332,77.53769416875001,48,SCOOTER,"BTP022 - Marenahalli Junction, Vijayanagar",1.0,0.6979166666666666,0.6541666666666667,38.0094,45,Vijayanagara,0.4063030824251324,0.07692307692307693,15.845820214580167,2,Morning Peak (08-12),0.792,0.3217920412807049,8.0,59
178_161,12.967241955172414,77.54253256206897,29,SCOOTER,No Junction,0.0,0.693103448275862,0.7620689655172415,22.185,26,Vijayanagara,0.3175858363524783,0.07692307692307693,12.385847617746654,2,Morning Peak (08-12),0.765,0.24295316480964588,6.3,62
178_163,12.967886516666665,77.54530064333333,30,SCOOTER,No Junction,0.0,0.63,0.7133333333333333,14.91,23,Magadi Road,0.20213420790534525,0.1794871794871795,7.883234108308465,1,Early Morning (04-08),0.497,0.10046070132895658,2.8,62
178_178,12.967402159999999,77.568069768,25,PASSENGER AUTO,BTP085 - Briyand Circle,0.92,0.6439999999999999,1.064,13.875599999999999,11,Chamarajpet,0.09573731649726011,0.358974358974359,3.733755343393144,0,Late Night (00-04),0.555,0.05313421065597937,1.5,64
178_180,12.967709526829267,77.57018584634147,41,SCOOTER,BTP085 - Briyand Circle,1.0,0.7073170731707317,0.8365853658536585,32.9472,34,Chamarajpet,0.2739840307319959,0.1794871794871795,10.68537719854784,1,Early Morning (04-08),0.804,0.22028316070852472,5.7,64
178_182,12.967424844303798,77.57432640337552,237,SCOOTER,"BTP083 - AS Char Street, Mysore Road",1.0,0.6767932489451477,0.9151898734177215,203.1627,144,Chamarajpet,1.3208685970026204,2.3846153846153846,51.513875283102195,2,Morning Peak (08-12),0.857,1.1319843876312456,21.8,48
178_183,12.96809039941003,77.57473340162242,678,PASSENGER AUTO,"BTP083 - AS Char Street, Mysore Road",1.0,0.7069321533923303,0.9724188790560472,706.7749,501,Chamarajpet,4.762657790345268,4.538461538461538,185.74365382346542,2,Morning Peak (08-12),1.042,4.96268941753977,51.5,48
178_184,12.968107876923076,77.57654937692308,39,MOPED,BTP082 - KR Market Junction,1.0,0.7,0.6564102564102564,27.846,22,City Market,0.25566203767767653,0.4358974358974359,9.970819469429385,1,Early Morning (04-08),0.714,0.18254269490186104,4.8,48
178_185,12.967630475324533,77.57844780762896,482,SCOOTER,BTP082 - KR Market Junction,0.9937759336099585,0.7022821576763485,0.6941908713692946,363.85040000000004,362,City Market,3.196878380291761,3.076923076923077,124.67825683137868,2,Morning Peak (08-12),0.755,2.4136431771202798,35.4,48
178_186,12.967482011627908,77.57920267906977,43,SCOOTER,BTP082 - KR Market Junction,0.9534883720930233,0.6930232558139534,0.7302325581395348,37.5616,40,Halasuru Gate,0.3892077201592771,0.07692307692307693,15.17910108621181,2,Morning Peak (08-12),0.874,0.3401675474192082,8.4,48
178_190,12.967628109523808,77.58612393333334,21,CAR,BTP075 - Police Corner,1.0,0.6571428571428571,1.1,20.4048,19,Halasuru Gate,0.18058678929265423,0.05128205128205128,7.042884782413516,1,Early Morning (04-08),0.972,0.1755303591924599,4.7,48
178_191,12.967804530249724,77.58714546621454,64,PASSENGER AUTO,BTP075 - Police Corner,1.0,0.6546875,0.98125,56.4876,47,Halasuru Gate,0.4506946055049144,0.4358974358974359,17.577089614691662,1,Early Morning (04-08),0.883,0.39796333666083944,9.7,48
178_192,12.967964633333333,77.58860620287356,348,SCOOTER,BTP076 - Hudson Circle,1.0,0.6341954022988505,0.7379310344827587,225.87630000000001,244,Halasuru Gate,1.9896980896094727,2.6666666666666665,77.59822549476944,1,Early Morning (04-08),0.649,1.2913140601565478,23.9,48
178_194,12.968015603125,77.59209696875,32,CAR,BTP203 - RRMR Junction,1.0,0.725,0.9562499999999999,25.8414,25,Halasuru Gate,0.1882201942034185,0.1794871794871795,7.340587573933322,5,Night (20-24),0.808,0.15208191691636216,4.1,63
178_195,12.967741384848486,77.59303846969696,33,SCOOTER,BTP203 - RRMR Junction,1.0,0.7515151515151516,0.8636363636363636,22.4718,29,Halasuru Gate,0.1870619585918657,0.10256410256410256,7.295416385082763,5,Night (20-24),0.681,0.12738919380106054,3.5,63
178_196,12.967327434615385,77.59427729615385,26,CAR,BTP203 - RRMR Junction,1.0,0.6653846153846155,1.0307692307692309,19.5819,20,Halasuru Gate,0.16256482063767055,0.15384615384615385,6.3400280048691515,1,Early Morning (04-08),0.753,0.12241130994016593,3.3,63
178_199,12.967140924999999,77.59963264285715,28,CAR,"BTP099 - Cash Pharmacy, Residency Road",1.0,0.6035714285714285,0.8214285714285714,19.515600000000003,26,Ashok Nagar,0.213836127117429,0.05128205128205128,8.339608957579731,1,Early Morning (04-08),0.697,0.149043780600848,4.0,65
178_200,12.967647119999999,77.600669732,25,CAR,"BTP099 - Cash Pharmacy, Residency Road",1.0,0.62,0.9640000000000001,20.397000000000002,24,Ashok Nagar,0.2036077598347105,0.02564102564102564,7.94070263355371,1,Early Morning (04-08),0.816,0.16614393202512376,4.4,65
178_205,12.967362563636364,77.60843699090908,22,CAR,No Junction,0.0,0.6318181818181817,0.9545454545454546,15.27,22,Ashok Nagar,0.19603539393442532,0.0,7.645380363442588,2,Morning Peak (08-12),0.694,0.13604856339049115,3.7,252
178_233,12.968343570967743,77.65053999354839,31,CAR,No Junction,0.0,0.7548387096774193,0.9935483870967742,20.608,27,Jeevanbheemanagar,0.22393140672835266,0.10256410256410256,8.733324862405754,0,Late Night (00-04),0.665,0.1489143854743545,4.0,66
178_267,12.968000660387528,77.7015687692389,27,CAR,No Junction,0.0,0.7999999999999999,0.9925925925925926,26.073999999999998,22,HAL Old Airport,0.2781745021066052,0.1282051282051282,10.848805582157603,2,Morning Peak (08-12),0.966,0.26871656903498065,6.9,67
178_276,12.967328987878789,77.71450748181819,33,MAXI-CAB,No Junction,0.0,0.7,0.9575757575757575,19.026,21,HAL Old Airport,0.246303791952745,0.3076923076923077,9.605847886157056,1,Early Morning (04-08),0.577,0.14211728795673384,3.8,51
178_277,12.967364711881189,77.7162992089109,101,SCOOTER,No Junction,0.0,0.7118811881188118,0.803960396039604,62.568,99,HAL Old Airport,0.8966869412357388,0.05128205128205128,34.97079070819381,1,Early Morning (04-08),0.619,0.5550492166249223,12.7,51
178_299,12.967920304161384,77.74971684628485,23,CAR,No Junction,0.0,0.8521739130434783,0.991304347826087,22.566,15,Whitefield,0.16590260722314762,0.20512820512820512,6.470201681702757,1,Early Morning (04-08),0.981,0.16275045768590782,4.3,68
179_157,12.968918812004903,77.53645124507142,321,SCOOTER,"BTP022 - Marenahalli Junction, Vijayanagar",1.0,0.6485981308411215,0.6710280373831776,223.43880000000001,271,Vijayanagara,2.543411894545104,1.2820512820512822,99.19306388725906,2,Morning Peak (08-12),0.696,1.7702146786033923,29.4,59
179_158,12.968674434509804,77.53722944313725,255,SCOOTER,"BTP022 - Marenahalli Junction, Vijayanagar",1.0,0.6831372549019608,0.6466666666666667,166.2895,186,Vijayanagara,1.6974473637938292,1.7692307692307692,66.20044718795934,1,Early Morning (04-08),0.652,1.1067356811935767,21.5,59
179_163,12.96921367578125,77.54568070625,128,SCOOTER,No Junction,0.0546875,0.61796875,0.6484375,60.6072,70,Vijayanagara,0.7479253179440294,1.4871794871794872,29.169087399817148,1,Early Morning (04-08),0.473,0.3537686753875259,8.7,62
179_178,12.968891481250001,77.567949728125,32,SCOOTER,No Junction,0.0,0.7843749999999999,0.9125,23.246,15,Chamarajpet,0.13534812117426903,0.4358974358974359,5.278576725796492,1,Early Morning (04-08),0.726,0.09826273597251932,2.7,64
179_182,12.968900082608696,77.57385438043478,46,GOODS AUTO,"BTP083 - AS Char Street, Mysore Road",0.7391304347826086,0.7478260869565218,0.9782608695652174,44.8564,26,Chamarajpet,0.24795799147648823,0.5128205128205128,9.670361667583041,2,Morning Peak (08-12),0.975,0.24175904168957602,6.2,48
179_183,12.969652771189825,77.57558941576887,1183,SCOOTER,No Junction,0.3888419273034658,0.6584953508030431,0.7776838546069316,827.1085,889,City Market,8.315613942601145,7.538461538461538,324.3089437614447,2,Morning Peak (08-12),0.699,5.8126141458782,55.3,48
179_184,12.96911733402062,77.57662351752577,97,SCOOTER,No Junction,0.10309278350515463,0.6969072164948453,0.6597938144329897,51.0126,38,City Market,0.5091941799193648,1.5128205128205128,19.858573016855228,0,Late Night (00-04),0.526,0.2678361386375859,6.8,48
179_185,12.96854962962963,77.57812857037037,27,SCOOTER,BTP082 - KR Market Junction,0.6296296296296297,0.7074074074074074,0.6592592592592593,17.916,9,City Market,0.13629544594402018,0.46153846153846156,5.315522391816787,3,Afternoon (12-16),0.664,0.09050017610682941,2.5,48
179_186,12.969057379487179,77.5795109025641,78,SCOOTER,BTP038 - Mysore Bank Junction,0.5769230769230769,0.6884615384615385,0.6948717948717948,53.017,71,City Market,0.6489185545222903,0.1794871794871795,25.307823626369316,2,Morning Peak (08-12),0.68,0.44126461707515746,10.5,48
179_187,12.968797185964911,77.58091113508773,57,SCOOTER,BTP038 - Mysore Bank Junction,1.0,0.6964912280701754,0.7473684210526316,51.4722,42,Halasuru Gate,0.39173487704295656,0.38461538461538464,15.277660204675307,2,Morning Peak (08-12),0.903,0.3537365939697898,8.7,48
179_190,12.969040883018868,77.58577833584904,53,CAR,BTP075 - Police Corner,1.0,0.7000000000000001,1.0150943396226415,63.694799999999994,52,Halasuru Gate,0.4072061038741165,0.02564102564102564,15.881038051090542,2,Morning Peak (08-12),1.202,0.489461736856688,11.5,48
179_200,12.968820995238096,77.60101945714285,21,CAR,"BTP099 - Cash Pharmacy, Residency Road",1.0,0.6904761904761905,0.8761904761904761,20.2722,20,Ashok Nagar,0.16354409043089452,0.02564102564102564,6.378219526804887,1,Early Morning (04-08),0.965,0.1578200472658132,4.2,65
179_201,12.969146346808511,77.60221391489362,47,SCHOOL VEHICLE,"BTP099 - Cash Pharmacy, Residency Road",1.0,0.7829787234042552,0.9659574468085106,48.516000000000005,46,Ashok Nagar,0.3901762423570492,0.02564102564102564,15.21687345192492,1,Early Morning (04-08),1.032,0.4026618821124748,9.8,65
179_204,12.969784091637397,77.60663997668199,167,SCOOTER,No Junction,0.0,0.625748502994012,0.6383233532934132,55.416000000000004,152,Ashok Nagar,0.87544884749583,0.38461538461538464,34.14250505233737,1,Early Morning (04-08),0.332,0.29064901736861554,7.4,69
179_224,12.969880835000001,77.63677850375,80,CAR,No Junction,0.0,0.60625,0.9775,59.513999999999996,70,Jeevanbheemanagar,0.5562916437908341,0.2564102564102564,21.69537410784253,2,Morning Peak (08-12),0.744,0.41388098298038056,10.0,66
179_225,12.969947972972973,77.63812922702704,37,CAR,No Junction,0.0,0.6270270270270271,0.9513513513513514,25.244,31,Jeevanbheemanagar,0.27655387234456047,0.15384615384615385,10.785601021437857,2,Morning Peak (08-12),0.682,0.18860974093899024,5.0,66
179_227,12.96939800538191,77.6413662196545,377,MOTOR CYCLE,No Junction,0.0,0.6464190981432361,0.6541114058355437,185.65800000000002,291,Jeevanbheemanagar,2.4504512498394595,2.2051282051282053,95.56759874373893,1,Early Morning (04-08),0.492,1.205622014921014,22.8,66
179_231,12.969347883572562,77.647618204638,62,CAR,No Junction,0.0,0.7161290322580645,0.8612903225806451,44.796,52,Jeevanbheemanagar,0.44108493331090404,0.2564102564102564,17.20231239912526,3,Afternoon (12-16),0.723,0.3189044067837836,8.0,66
179_232,12.968823473665449,77.6486401247472,59,CAR,No Junction,0.0,0.7440677966101694,0.871186440677966,34.146,50,Jeevanbheemanagar,0.3960758453992726,0.23076923076923078,15.446957970571633,0,Late Night (00-04),0.579,0.2293279144861788,6.0,66
179_233,12.968595524324325,77.64978042972973,37,CAR,No Junction,0.0,0.8729729729729729,0.9783783783783785,28.05,34,Jeevanbheemanagar,0.33865130516159064,0.07692307692307693,13.207400901302037,1,Early Morning (04-08),0.758,0.2566976893124857,6.6,66
179_266,12.969805682142857,77.70037745,28,CAR,No Junction,0.0,0.6571428571428571,0.9642857142857143,23.916,23,HAL Old Airport,0.2239297916939828,0.1282051282051282,8.73326187606533,2,Morning Peak (08-12),0.854,0.1912360421066613,5.0,67
179_267,12.968934252941176,77.70096620196078,51,CAR,No Junction,0.0,0.8450980392156863,0.8333333333333334,45.416,33,HAL Old Airport,0.2980196460947543,0.46153846153846156,11.622766197695418,2,Morning Peak (08-12),0.891,0.2655355046704261,6.8,67
179_299,12.969371651269464,77.74989891397661,34,CAR,No Junction,0.0,0.8264705882352941,0.9470588235294118,31.842,22,Whitefield,0.23259580382673276,0.3076923076923077,9.071236349242577,1,Early Morning (04-08),0.937,0.2179422681856486,5.7,68
180_138,12.971222497222222,77.50736695,36,CAR,No Junction,0.0,0.6583333333333333,0.8777777777777778,28.29,24,Jnanabharathi,0.23602528763429823,0.3076923076923077,9.20498621773763,2,Morning Peak (08-12),0.786,0.18551587608055842,4.9,253
180_157,12.971036764285714,77.53653888333334,42,SCOOTER,"BTP022 - Marenahalli Junction, Vijayanagar",1.0,0.6785714285714286,0.6380952380952382,21.2862,34,Vijayanagara,0.32169884132062976,0.20512820512820512,12.54625481150456,0,Late Night (00-04),0.507,0.16310131254955929,4.4,59
180_158,12.97092657759926,77.53721718087719,114,SCOOTER,"BTP022 - Marenahalli Junction, Vijayanagar",1.0,0.6745614035087718,0.7052631578947368,73.4422,83,Vijayanagara,0.7545172617874776,0.7948717948717948,29.426173209711628,0,Late Night (00-04),0.644,0.48590911659113556,11.4,59
180_164,12.97098769010989,77.54646388791208,91,SCOOTER,BTP020 - Hosahalli Metro Station,1.0,0.6164835164835164,0.643956043956044,53.0634,69,Vijayanagara,0.6942616735244215,0.5641025641025641,27.076205267452437,1,Early Morning (04-08),0.583,0.40475455566473767,9.8,62
180_182,12.970787665,77.57406408,20,SCOOTER,BTP043 - Upparpet Junction,1.0,0.6799999999999999,0.63,11.2866,19,City Market,0.1576003791547522,0.02564102564102564,6.146414787035336,1,Early Morning (04-08),0.564,0.08888661384328023,2.5,48
180_183,12.97019583270783,77.57569196095376,393,SCOOTER,BTP043 - Upparpet Junction,1.0,0.6717557251908397,0.8776081424936386,331.2491,295,City Market,2.756148610590311,2.5128205128205128,107.48979581302214,1,Early Morning (04-08),0.843,2.3234332787276317,34.6,48
180_184,12.970825770520706,77.5762112680103,317,SCOOTER,BTP043 - Upparpet Junction,1.0,0.6883280757097792,0.8741324921135647,287.55219999999997,258,City Market,2.1011078319367753,1.5128205128205128,81.94320544553423,2,Morning Peak (08-12),0.907,1.9057048035666553,30.8,48
180_194,12.970571872,77.59218194,25,CAR,BTP063 - Siddalingaiah Circle,1.0,0.628,0.992,20.475,14,Halasuru Gate,0.1624957580754103,0.28205128205128205,6.337334564941001,0,Late Night (00-04),0.819,0.13308402586376103,3.6,65
180_195,12.971231564814813,77.5931926388889,54,CAR,BTP063 - Siddalingaiah Circle,1.0,0.6018518518518519,1.0185185185185186,41.847,21,Halasuru Gate,0.20208490539032462,0.8461538461538461,7.881311310222659,0,Late Night (00-04),0.775,0.15661580167750158,4.2,65
180_197,12.9712291125,77.59650237833333,120,CAR,BTP063 - Siddalingaiah Circle,1.0,0.6325,1.0208333333333333,123.3362,99,Cubbon Park,0.8232496494260357,0.5384615384615384,32.106736327615394,2,Morning Peak (08-12),1.028,0.8463006396099647,17.7,65
180_198,12.971280945174538,77.59770889835728,487,CAR,BTP063 - Siddalingaiah Circle,1.0,0.6211498973305954,0.8379876796714578,398.5488,359,Cubbon Park,3.261241040599743,3.282051282051282,127.18840058338998,2,Morning Peak (08-12),0.818,2.66769517121059,37.5,65
180_199,12.970747586206896,77.59923772413794,29,CAR,"BTP099 - Cash Pharmacy, Residency Road",1.0,0.6241379310344827,1.0172413793103448,22.198800000000002,29,Cubbon Park,0.212302835987697,0.0,8.279810603520183,1,Early Morning (04-08),0.765,0.16241166953058822,4.3,65
180_200,12.970770413043478,77.60053365217391,23,CAR,"BTP099 - Cash Pharmacy, Residency Road",1.0,0.6347826086956522,1.008695652173913,17.6358,22,Cubbon Park,0.14724848649554773,0.02564102564102564,5.742690973326361,0,Late Night (00-04),0.767,0.11293958914208511,3.1,65
180_203,12.971037850909092,77.60550023454545,55,CAR,No Junction,0.0,0.9072727272727272,0.9563636363636364,64.498,50,Ashok Nagar,0.3440908846048163,0.1282051282051282,13.419544499587836,4,Evening Peak (16-20),1.173,0.4036186076414495,9.8,69
180_204,12.970322420278958,77.6067366379589,307,SCOOTER,No Junction,0.0,0.6175895765472312,0.7260586319218241,130.328,301,Ashok Nagar,1.8187917958044664,0.15384615384615385,70.93288003637419,1,Early Morning (04-08),0.425,0.7729865132168982,16.5,69
180_206,12.970280192615414,77.61016451575888,60,PASSENGER AUTO,No Junction,0.0,0.6166666666666667,0.9233333333333333,40.44,34,Ashok Nagar,0.2820095182477834,0.6666666666666666,10.998371211663553,1,Early Morning (04-08),0.674,0.19007441529900604,5.0,254
180_212,12.971278131382979,77.61819272180851,188,SCOOTER,No Junction,0.0,0.6877659574468085,0.65,78.764,101,Halasur,0.7662931098819127,2.230769230769231,29.885431285394596,1,Early Morning (04-08),0.419,0.3210768130405214,8.0,69
180_225,12.970061154545453,77.63861940909091,66,CAR,No Junction,0.0,0.6378787878787879,0.9575757575757576,47.954,59,Jeevanbheemanagar,0.5157405229671912,0.1794871794871795,20.113880395720457,2,Morning Peak (08-12),0.727,0.37494336019714797,9.2,66
180_226,12.970103390615128,77.63953798265446,81,CAR,No Junction,0.0,0.6567901234567901,0.9592592592592593,58.881,62,Jeevanbheemanagar,0.5546784877970156,0.48717948717948717,21.632461024083607,3,Afternoon (12-16),0.727,0.4032512606284303,9.8,66
180_227,12.97020276984127,77.64115859126984,126,CAR,No Junction,0.0,0.6603174603174603,0.8809523809523809,90.884,99,Jeevanbheemanagar,0.9262421860971651,0.6923076923076923,36.12344525778944,2,Morning Peak (08-12),0.721,0.667820616176056,14.7,66
180_228,12.970264057142858,77.64292606571428,35,CAR,No Junction,0.0,0.8,0.9885714285714287,33.772,25,Jeevanbheemanagar,0.2174247728229424,0.2564102564102564,8.479566140094752,3,Afternoon (12-16),0.965,0.20981490577413942,5.5,66
180_229,12.970332901533489,77.64444260642378,90,CAR,No Junction,0.0,0.7266666666666666,0.9688888888888889,71.522,59,Jeevanbheemanagar,0.5499324019434935,0.7948717948717948,21.447363675796243,3,Afternoon (12-16),0.795,0.43719625954507735,10.5,66
180_230,12.9704029782371,77.64575362775494,219,CAR,No Junction,0.0,0.7187214611872146,0.9324200913242009,167.376,177,Jeevanbheemanagar,1.510797962633017,1.0769230769230769,58.92112054268766,2,Morning Peak (08-12),0.764,1.154249643451625,22.1,66
180_231,12.970719180000984,77.64729440308221,347,CAR,No Junction,0.0,0.7903458213256485,0.9394812680115274,302.416,292,Jeevanbheemanagar,2.2396415369132705,1.4102564102564104,87.34601993961755,2,Morning Peak (08-12),0.872,1.9529674201883718,31.2,66
180_238,12.971431926470588,77.65816511764706,34,SCOOTER,No Junction,0.0,0.6352941176470588,0.7058823529411765,15.804,17,Jeevanbheemanagar,0.17308537261663823,0.4358974358974359,6.750329532048891,1,Early Morning (04-08),0.465,0.08048469826673678,2.2,255
180_274,12.971009858065182,77.7122080129621,230,CAR,No Junction,0.0,0.7130434782608696,0.9808695652173913,133.784,154,HAL Old Airport,1.6331002281678355,1.9487179487179487,63.69090889854559,0,Late Night (00-04),0.582,0.9504643327936803,19.3,70
180_275,12.970367663469244,77.71259297895776,50,CAR,No Junction,0.0,0.718,1.002,29.439,34,HAL Old Airport,0.4004637627633624,0.41025641025641024,15.618086747771132,1,Early Morning (04-08),0.589,0.23587315626762043,6.1,70
181_138,12.97182727260274,77.50771872465754,73,CAR,No Junction,0.0,0.7561643835616437,0.8602739726027396,55.584,53,Jnanabharathi,0.49301664573222637,0.5128205128205128,19.227649183556828,2,Morning Peak (08-12),0.761,0.37518566740222425,9.2,256
181_158,12.972322798557158,77.53778356846493,356,CAR,BTP028 - Vijayanagar Bus Stand Junction,1.0,0.6623595505617977,0.8095505617977528,270.1426,231,Vijayanagara,2.1257169506260314,3.2051282051282053,82.90296107441522,2,Morning Peak (08-12),0.759,1.6134191655251577,27.7,59
181_164,12.972225953932586,77.54706632471911,89,SCOOTER,BTP020 - Hosahalli Metro Station,1.0,0.6696629213483145,0.7775280898876404,72.1162,64,Magadi Road,0.5661698745382892,0.6410256410256411,22.080625106993278,2,Morning Peak (08-12),0.81,0.45859759837601427,10.9,62
181_184,12.972173557626617,77.57692152051708,258,SCOOTER,BTP044 - Sagar Theatre Junction,1.0,0.6763565891472868,0.7837209302325581,212.2003,197,City Market,1.7625879129847495,1.564102564102564,68.74092860640523,2,Morning Peak (08-12),0.822,1.448847264473464,25.8,48
181_185,12.97283680214724,77.5788020297546,652,SCOOTER,BTP044 - Sagar Theatre Junction,1.0,0.6470858895705521,0.6668711656441718,429.8944,497,Upparpet,3.951083969002748,3.9743589743589745,154.0922747911072,2,Morning Peak (08-12),0.659,2.603764335572811,37.0,48
181_186,12.972698253691275,77.57929377002237,447,SCOOTER,BTP044 - Sagar Theatre Junction,1.0,0.6286353467561522,0.6561521252796421,282.2807,350,Upparpet,2.9035752588782624,2.4871794871794872,113.23943509625224,2,Morning Peak (08-12),0.632,1.8350595636110618,30.0,48
181_187,12.97235393986711,77.58103995415283,301,SCOOTER,BTP038 - Mysore Bank Junction,1.0,0.653156146179402,0.6933554817275747,214.5884,228,Halasuru Gate,2.1743837861654445,1.8717948717948718,84.80096766045234,2,Morning Peak (08-12),0.713,1.5503356395359618,27.0,48
181_195,12.972173864864866,77.5936818891892,37,SCOOTER,BTP063 - Siddalingaiah Circle,1.0,0.6270270270270271,0.7189189189189189,13.2132,25,Cubbon Park,0.2815310380582936,0.3076923076923077,10.979710484273452,0,Late Night (00-04),0.357,0.1005065805868108,2.8,65
181_196,12.97185463076923,77.59459972051282,39,CAR,BTP063 - Siddalingaiah Circle,1.0,0.7487179487179487,0.9435897435897436,46.3424,25,Cubbon Park,0.15730789505720538,0.358974358974359,6.135007907231008,0,Late Night (00-04),1.188,0.18688177932796,4.9,65
181_198,12.971720214893619,77.59777281968086,188,CAR,BTP063 - Siddalingaiah Circle,1.0,0.6085106382978723,0.8723404255319149,159.393,155,Cubbon Park,1.29782307685128,0.8461538461538461,50.61509999719992,2,Morning Peak (08-12),0.848,1.1005539691698853,21.4,65
181_204,12.972297880188679,77.60708454245284,106,CAR,No Junction,0.0,0.6764150943396227,0.8169811320754716,69.416,89,Ashok Nagar,0.6403336345199049,0.4358974358974359,24.97301174627629,3,Afternoon (12-16),0.655,0.4194185306105377,10.1,69
181_205,12.972310372580646,77.60789905322581,62,CAR,No Junction,0.0,0.6096774193548387,0.8999999999999999,41.924,50,Ashok Nagar,0.35131898133660167,0.3076923076923077,13.701440272127465,2,Morning Peak (08-12),0.676,0.23749163138354273,6.1,69
181_209,12.972543472222222,77.61487289722223,36,CAR,No Junction,0.0,0.6555555555555554,0.8388888888888889,22.658,28,Halasur,0.1859915567623471,0.20512820512820512,7.253670713731537,1,Early Morning (04-08),0.629,0.11698868920351634,3.2,69
181_211,12.972801449999999,77.617195557,100,PASSENGER AUTO,No Junction,0.0,0.655,0.9840000000000001,65.004,64,Halasur,0.5628086754043137,0.9230769230769231,21.949538340768232,1,Early Morning (04-08),0.65,0.3658256390128039,9.0,69
181_212,12.97202320625,77.61848500694445,144,SCOOTER,No Junction,0.0,0.6694444444444444,0.7986111111111112,79.648,111,Halasur,0.900928240027281,0.8461538461538461,35.13620136106396,1,Early Morning (04-08),0.553,0.49821331673508645,11.7,69
181_213,12.972597478078397,77.62011134745713,99,CAR,No Junction,0.0,0.6262626262626263,0.9868686868686869,68.096,71,Halasur,0.6589924483090994,0.717948717948718,25.70070548405488,2,Morning Peak (08-12),0.688,0.45338680443666035,10.8,69
181_217,12.972344942,77.626040337,100,CAR,No Junction,0.0,0.606,0.9470000000000001,56.844,96,Halasur,0.8682978420251518,0.10256410256410256,33.86361583898092,1,Early Morning (04-08),0.568,0.4931931742702862,11.6,69
181_231,12.972299627012776,77.6470843300897,71,CAR,No Junction,0.0,0.8126760563380281,0.9436619718309859,62.352,66,Jeevanbheemanagar,0.6773005034460229,0.1282051282051282,26.414719634394896,2,Morning Peak (08-12),0.878,0.5946698420256081,13.5,66
181_238,12.971750372962727,77.65809423631427,1041,SCOOTER,No Junction,0.0,0.6288184438040346,0.7515850144092219,545.42,858,Jeevanbheemanagar,6.880753467546995,4.6923076923076925,268.34938523433283,1,Early Morning (04-08),0.524,3.6055148169946256,44.0,257
181_273,12.972453796296296,77.71039191851851,27,CAR,No Junction,0.0,0.6555555555555556,0.8962962962962963,15.846,27,Mahadevapura,0.25977808665611885,0.0,10.131345379588632,1,Early Morning (04-08),0.587,0.15248973686714176,4.1,70
181_274,12.971933885498647,77.71174292467036,267,CAR,No Junction,0.0,0.7580524344569288,1.006741573033708,175.157,215,HAL Old Airport,1.9542318680685362,1.3333333333333333,76.21504285467293,0,Late Night (00-04),0.656,1.2819761054529597,23.8,70
182_139,12.97402045490196,77.50906616078431,51,CAR,No Junction,0.0,0.6,0.9568627450980391,25.932,40,Jnanabharathi,0.4348510286777375,0.28205128205128205,16.959190118431763,0,Late Night (00-04),0.508,0.22090432256829065,5.8,258
182_158,12.973344751712611,77.53806939257358,65,SCOOTER,BTP028 - Vijayanagar Bus Stand Junction,1.0,0.72,0.8246153846153846,61.6616,51,Vijayanagara,0.5096085051091748,0.358974358974359,19.874731699257815,2,Morning Peak (08-12),0.949,0.48361847134860686,11.4,59
182_159,12.973368073504036,77.53909197977889,81,CAR,BTP028 - Vijayanagar Bus Stand Junction,1.0,0.7,0.9728395061728394,98.8962,71,Vijayanagara,0.6862423901207555,0.2564102564102564,26.763453214709465,2,Morning Peak (08-12),1.221,0.8379019583374425,17.5,59
182_160,12.973637157575759,77.54071058181819,33,CAR,BTP028 - Vijayanagar Bus Stand Junction,1.0,0.6696969696969697,1.0272727272727273,41.125499999999995,24,Vijayanagara,0.2501209604629723,0.23076923076923078,9.75471745805592,2,Morning Peak (08-12),1.246,0.31165071673686345,7.8,59
182_162,12.974039042307693,77.54403716153845,26,SCOOTER,BTP020 - Hosahalli Metro Station,1.0,0.7038461538461539,0.7230769230769231,15.678,22,Vijayanagara,0.18055510307268421,0.10256410256410256,7.041649019834685,0,Late Night (00-04),0.603,0.10887472715282857,3.0,62
182_163,12.974234883394834,77.54520130906694,1897,SCOOTER,BTP020 - Hosahalli Metro Station,1.0,0.661201897733263,0.6175013178703215,1099.4464,1513,Vijayanagara,12.411690304991868,9.846153846153847,484.05592189468285,1,Early Morning (04-08),0.58,7.198780376895283,60.7,62
182_164,12.974384719024606,77.54663421171234,545,SCOOTER,BTP069 - MC Circle,1.0,0.6823853211009174,0.6293577981651376,306.9898,371,Vijayanagara,3.1802669725402644,4.461538461538462,124.03041192907033,1,Early Morning (04-08),0.563,1.7904903055401686,29.6,62
182_165,12.974274746955233,77.54783597227913,179,SCOOTER,BTP069 - MC Circle,1.0,0.7050279329608938,0.7698324022346369,134.9374,91,Vijayanagara,0.887611790304407,2.2564102564102564,34.61685982187187,2,Morning Peak (08-12),0.754,0.6692592898895229,14.8,62
182_166,12.973587538378379,77.54990475621622,185,SCOOTER,"BTP070 - Cholurpalya Junction, Magadi Road",1.0,0.6789189189189189,0.7567567567567568,125.3733,82,Magadi Road,0.848252227283188,2.641025641025641,33.08183686404434,2,Morning Peak (08-12),0.678,0.5751150100980016,13.1,62
182_167,12.973589448430493,77.55115385532511,1784,SCOOTER,"BTP070 - Cholurpalya Junction, Magadi Road",1.0,0.6137331838565022,0.6192825112107623,1057.7502000000002,1374,Magadi Road,12.85288003255153,10.512820512820513,501.26232126950975,2,Morning Peak (08-12),0.593,7.621757859303057,62.1,62
182_177,12.974070182978723,77.56625808723403,47,SCOOTER,BTP074 - Leprosy Hospital Junction,1.0,0.6936170212765957,0.6936170212765957,30.095,29,Magadi Road,0.24044098555262755,0.46153846153846156,9.377198436552474,1,Early Morning (04-08),0.64,0.15388223075368163,4.1,259
182_182,12.973983923711339,77.57414656597938,97,CAR,BTP043 - Upparpet Junction,1.0,0.6814432989690721,0.8896907216494845,80.4947,70,Upparpet,0.5548350814309957,0.6923076923076923,21.63856817580883,2,Morning Peak (08-12),0.83,0.4605131175877264,10.9,48
182_183,12.974154158762888,77.5751651927835,97,CAR,BTP043 - Upparpet Junction,1.0,0.6752577319587629,0.9639175257731959,100.2937,56,Upparpet,0.5263716482826611,1.0512820512820513,20.528494283023786,2,Morning Peak (08-12),1.034,0.5442682843242717,12.5,48
182_184,12.973301267142856,77.57739174928572,140,SCOOTER,BTP044 - Sagar Theatre Junction,1.0,0.6371428571428571,0.6785714285714286,93.2178,108,City Market,0.9974222735797227,0.8205128205128205,38.899468669609185,2,Morning Peak (08-12),0.666,0.6642832342040953,14.7,48
182_185,12.973747048557373,77.57834471053168,1645,CAR,BTP044 - Sagar Theatre Junction,1.0,0.6806686930091186,0.8694224924012158,1543.8085,1236,Upparpet,11.31569690603055,10.487179487179487,441.3121793351914,2,Morning Peak (08-12),0.938,10.614123697856655,70.7,48
182_186,12.97343093090278,77.57934233640046,1728,SCOOTER,BTP044 - Sagar Theatre Junction,1.0,0.6549189814814815,0.7103009259259259,1281.0304,1289,Upparpet,11.906448366647986,11.256410256410257,464.3514862992714,2,Morning Peak (08-12),0.741,8.822678239686157,65.9,48
182_187,12.973406167272728,77.58113493963637,275,CAR,BTP038 - Mysore Bank Junction,1.0,0.6781818181818182,0.968,285.1836,223,Upparpet,1.97005763540741,1.3333333333333333,76.832247780889,1,Early Morning (04-08),1.037,2.042949767917484,32.1,48
182_188,12.973657857843136,77.58277066176471,102,PASSENGER AUTO,BTP038 - Mysore Bank Junction,1.0,0.6470588235294118,0.9215686274509803,88.218,102,Halasuru Gate,0.7184229214810881,0.0,28.01849393776244,1,Early Morning (04-08),0.865,0.6214358270811412,13.9,48
182_200,12.973184377272728,77.60033377272727,22,CAR,No Junction,0.0,0.609090909090909,0.9363636363636364,14.64,22,Cubbon Park,0.19085135139783374,0.0,7.443202704515516,2,Morning Peak (08-12),0.665,0.12691614867955944,3.4,260
182_204,12.973845046268655,77.60717218507463,67,SCOOTER,No Junction,0.0,0.6313432835820895,0.68955223880597,34.77,44,Ashok Nagar,0.4659432699455512,0.5897435897435898,18.171787527876496,2,Morning Peak (08-12),0.519,0.24182455710174108,6.2,69
182_205,12.974136141666667,77.607735303125,96,SCOOTER,No Junction,0.0,0.6833333333333332,0.6572916666666667,54.95,93,Ashok Nagar,0.6461395444651881,0.07692307692307693,25.199442234142335,2,Morning Peak (08-12),0.572,0.36959181943408753,9.1,69
182_206,12.973723621052633,77.60945228721805,133,CAR,No Junction,0.0,0.6045112781954887,0.9052631578947369,99.288,128,Ashok Nagar,0.9578081139822279,0.1282051282051282,37.354516445306885,2,Morning Peak (08-12),0.747,0.7154826611447243,15.6,69
182_207,12.973818154347827,77.61094303260869,46,CAR,No Junction,0.0,0.6173913043478261,0.8717391304347827,25.692,46,Ashok Nagar,0.37814636687825937,0.0,14.747708308252113,1,Early Morning (04-08),0.559,0.211383819084947,5.5,69
182_208,12.973741093548387,77.61292091290322,31,CAR,No Junction,0.0,0.6,0.9870967741935484,18.036,30,Ashok Nagar,0.2505720062190466,0.02564102564102564,9.772308242542815,1,Early Morning (04-08),0.582,0.14583290761948509,3.9,69
182_209,12.973689169776875,77.61445213590264,493,CAR,No Junction,0.0,0.6121703853955376,1.0501014198782963,320.67,394,Halasur,3.514625185308546,2.5384615384615383,137.0703822270333,1,Early Morning (04-08),0.65,2.284506370450555,34.3,69
182_210,12.973341745821326,77.61558593083573,347,PASSENGER AUTO,No Junction,0.0,0.6115273775216138,1.0409221902017292,220.23,273,Halasur,2.5639028932876307,1.8974358974358974,99.9922128382176,1,Early Morning (04-08),0.635,1.6280783372376455,27.9,69
182_211,12.973200383928571,77.61688539107142,56,PASSENGER AUTO,No Junction,0.0,0.6214285714285713,1.0214285714285716,36.26,43,Halasur,0.42714580585526224,0.3333333333333333,16.658686428355228,1,Early Morning (04-08),0.648,0.27679048219420993,7.0,69
182_213,12.973485784757571,77.62012745302114,117,CAR,No Junction,0.0,0.6042735042735043,1.0256410256410255,86.574,82,Halasur,0.9258264857080903,0.8974358974358975,36.107232942615525,2,Morning Peak (08-12),0.74,0.6851115994239868,15.0,69
182_214,12.973234370930234,77.62196049651163,86,CAR,No Junction,0.0,0.6348837209302326,0.9604651162790697,49.676,72,Halasur,0.6294512651977661,0.358974358974359,24.548599342712873,1,Early Morning (04-08),0.578,0.36382283128430876,8.9,69
182_215,12.973833062611275,77.62321973234421,337,CAR,No Junction,0.0,0.6201780415430267,0.9816023738872404,203.102,289,Halasur,2.361642136566808,1.2307692307692308,92.10404332610553,1,Early Morning (04-08),0.603,1.4240702083497851,25.5,69
182_217,12.973597311999999,77.626217112,25,CAR,No Junction,0.0,0.6,0.8640000000000001,12.924,22,Halasur,0.2310080792488932,0.07692307692307693,9.009315090706833,1,Early Morning (04-08),0.517,0.11943117697167778,3.3,69
182_273,12.974071571428572,77.71083158857142,35,MAXI-CAB,No Junction,0.0,0.7,1.1600000000000001,20.244,35,Mahadevapura,0.3408768863879118,0.0,13.29419856912856,0,Late Night (00-04),0.578,0.19702684033221302,5.2,70
182_274,12.97372302,77.71116764,25,MAXI-CAB,No Junction,0.0,0.7,1.196,17.619,23,Mahadevapura,0.2234471574200949,0.05128205128205128,8.714439139383702,1,Early Morning (04-08),0.705,0.1575302459811669,4.2,70
183_163,12.974647701043025,77.54512700886572,767,SCOOTER,BTP020 - Hosahalli Metro Station,1.0,0.6598435462842243,0.6376792698826597,469.41830000000004,656,Vijayanagara,4.98011029557133,2.8461538461538463,194.22430152728182,1,Early Morning (04-08),0.612,3.047827500889654,40.3,62
183_164,12.974643637241378,77.54693828482759,145,SCOOTER,BTP069 - MC Circle,1.0,0.6668965517241379,0.6413793103448275,82.75800000000001,97,Vijayanagara,0.8001979445315162,1.2307692307692308,31.20771983672913,1,Early Morning (04-08),0.571,0.4569130263274957,10.8,62
183_165,12.974922073540199,77.5481283639682,112,SCOOTER,BTP069 - MC Circle,1.0,0.6937499999999999,0.8258928571428571,93.1502,72,Vijayanagara,0.6105639274546146,1.0256410256410255,23.81199317072997,1,Early Morning (04-08),0.832,0.5079891876422393,11.8,62
183_168,12.975172520289854,77.55228229420291,69,SCOOTER,BTP071 - Prasanna Junction,1.0,0.6492753623188405,0.7681159420289855,49.6938,53,Magadi Road,0.5130761990002276,0.41025641025641024,20.009971761008877,1,Early Morning (04-08),0.72,0.3694148632801639,9.1,62
183_169,12.975477313280432,77.55405140945061,34,SCOOTER,BTP071 - Prasanna Junction,1.0,0.6705882352941176,0.7823529411764705,23.020400000000002,15,Magadi Road,0.1325813121627469,0.48717948717948717,5.170671174347129,1,Early Morning (04-08),0.677,0.08975754833417966,2.5,62
183_170,12.975673146875,77.555881921875,32,SCOOTER,BTP071 - Prasanna Junction,1.0,0.678125,0.85625,20.982,21,Magadi Road,0.229732806936809,0.28205128205128205,8.959579470535552,0,Late Night (00-04),0.656,0.15070472135054672,4.0,62
183_171,12.975596404040653,77.557456537601,76,SCOOTER,No Junction,0.05263157894736842,0.6342105263157894,0.7263157894736841,39.503,48,Magadi Road,0.47462101492785524,0.717948717948718,18.510219582186355,2,Morning Peak (08-12),0.52,0.24680292776248475,6.4,62
183_172,12.975734415703169,77.55888154390068,605,SCOOTER,No Junction,0.0,0.6355371900826446,0.636198347107438,259.172,438,Magadi Road,3.9333621619396237,4.282051282051282,153.4011243156453,1,Early Morning (04-08),0.428,1.683479005310159,28.5,62
183_173,12.975735490461851,77.56038043584255,377,SCOOTER,BTP074 - Leprosy Hospital Junction,0.8885941644562334,0.6896551724137931,0.7092838196286472,264.2366,278,Magadi Road,2.5471233859053077,2.5384615384615383,99.337812050307,2,Morning Peak (08-12),0.701,1.7855334935196205,29.5,62
183_174,12.975642141739476,77.5614837966954,332,SCOOTER,BTP074 - Leprosy Hospital Junction,1.0,0.6993975903614458,0.766867469879518,260.0702,173,Magadi Road,1.808035882729843,4.076923076923077,70.51339942646388,2,Morning Peak (08-12),0.783,1.4156920961774673,25.4,62
183_175,12.975101276666667,77.56282982666667,30,CAR,BTP074 - Leprosy Hospital Junction,1.0,0.73,1.0533333333333332,23.283,25,Magadi Road,0.16865180786923203,0.1282051282051282,6.57742050690005,1,Early Morning (04-08),0.776,0.13087380290652406,3.5,62
183_180,12.975352128877004,77.57078732299465,187,PASSENGER AUTO,BTP048 - Shanthala Junction,1.0,0.7074866310160427,0.9368983957219251,150.2631,126,Chamarajpet,1.161743710893013,1.564102564102564,45.308004724827505,0,Late Night (00-04),0.804,0.9340419435579825,19.0,48
183_183,12.975401487284966,77.5753034053104,1337,CAR,BTP040 - Elite Junction,1.0,0.6794315632011967,0.9169783096484667,1239.8061,993,Upparpet,9.260110128255405,8.820512820512821,361.14429500196087,2,Morning Peak (08-12),0.927,8.58412208889276,65.2,48
183_184,12.97553249824664,77.57663915336062,1711,SCOOTER,BTP040 - Elite Junction,1.0,0.6615429573348918,0.7219754529514903,1296.1013,1355,Upparpet,11.337660464301551,9.128205128205128,442.16875810776054,2,Morning Peak (08-12),0.758,8.593946631940575,65.2,48
183_185,12.97556400626822,77.5783592680758,686,SCOOTER,BTP044 - Sagar Theatre Junction,1.0,0.6389212827988338,0.7975218658892128,557.8443,457,Upparpet,4.217835864885895,5.871794871794871,164.49559873054991,2,Morning Peak (08-12),0.813,3.4291005581522325,42.9,48
183_186,12.9756765875,77.57922390892858,112,CAR,BTP044 - Sagar Theatre Junction,1.0,0.6696428571428571,0.9375,114.78999999999999,86,Upparpet,0.7838933465618211,0.6666666666666666,30.57184051591102,2,Morning Peak (08-12),1.025,0.8034906802258666,17.0,48
183_187,12.975659905594405,77.5814690555944,286,CAR,BTP038 - Mysore Bank Junction,1.0,0.7167832167832168,1.0538461538461539,312.4615,248,Upparpet,1.9704161408299508,0.9743589743589743,76.84622949236807,1,Early Morning (04-08),1.093,2.153664841927136,33.1,48
183_188,12.975433334299517,77.58247963091787,207,CAR,BTP038 - Mysore Bank Junction,1.0,0.6830917874396135,1.0304347826086957,231.2505,173,Upparpet,1.535270321254127,0.8717948717948718,59.875542528910955,2,Morning Peak (08-12),1.117,1.7148969488408599,28.8,48
183_199,12.975702195238094,77.59956136190476,21,SCOOTER,No Junction,0.0,0.7047619047619047,0.8,11.554,19,Cubbon Park,0.1205950304243925,0.05128205128205128,4.7032061865513075,1,Early Morning (04-08),0.55,0.06632726673341588,1.9,261
183_202,12.975094504687501,77.6039920359375,64,SCOOTER,No Junction,0.015625,0.61875,0.7,33.682,61,Cubbon Park,0.32656594461402355,0.07692307692307693,12.736071839946916,3,Afternoon (12-16),0.526,0.1717736868669764,4.6,69
183_203,12.974969263636364,77.6054094969697,33,SCOOTER,No Junction,0.18181818181818182,0.6303030303030304,0.793939393939394,21.237,19,Cubbon Park,0.174189042246229,0.358974358974359,6.793372647602931,2,Morning Peak (08-12),0.644,0.11217774320657148,3.1,69
183_204,12.974879986486487,77.6067718054054,37,CAR,BTP051 - Safina Plaza Junction,0.5135135135135135,0.6648648648648648,0.9027027027027027,35.145,25,Cubbon Park,0.2118972194393052,0.3076923076923077,8.263991558132902,2,Morning Peak (08-12),0.95,0.20130235846733993,5.3,69
183_205,12.974837776684625,77.60791041629969,114,SCOOTER,BTP051 - Safina Plaza Junction,0.5,0.6600877192982456,0.7771929824561403,82.2154,107,Ashok Nagar,0.8876122273890693,0.1794871794871795,34.61687686817371,2,Morning Peak (08-12),0.721,0.639968415947519,14.3,69
183_209,12.975130677272727,77.61456213636365,22,PASSENGER AUTO,No Junction,0.0,0.6227272727272727,1.0636363636363635,13.986,20,Halasur,0.17325044222780214,0.05128205128205128,6.756767246884284,1,Early Morning (04-08),0.636,0.11018728125688217,3.0,69
183_212,12.975098835,77.618710025,20,CAR,No Junction,0.0,0.6799999999999999,1.1,13.692,10,Halasur,0.07166770809505447,0.2564102564102564,2.795040615707124,1,Early Morning (04-08),0.685,0.04909238004511232,1.4,69
183_213,12.975234223804355,77.62019650394264,160,CAR,No Junction,0.0,0.7024999999999999,0.925,119.348,118,Halasur,0.9317620670810438,1.0769230769230769,36.33872061616071,2,Morning Peak (08-12),0.746,0.6950945020424587,15.2,69
183_214,12.975058709999999,77.621444425,20,CAR,No Junction,0.0,0.63,1.04,14.064,17,Halasur,0.10924279876532356,0.07692307692307693,4.260469151847618,2,Morning Peak (08-12),0.703,0.07679768753202246,2.1,69
183_216,12.9748505688687,77.62516198435299,38,CAR,No Junction,0.0,0.7105263157894737,0.8789473684210526,27.122,30,Halasur,0.27241586500915094,0.20512820512820512,10.624218735356887,1,Early Morning (04-08),0.714,0.19450492761653376,5.1,69
183_217,12.97533252121212,77.62591408787878,33,CAR,No Junction,0.0,0.8090909090909091,0.896969696969697,31.266,27,Halasur,0.235011496199943,0.15384615384615385,9.165448351797778,2,Morning Peak (08-12),0.947,0.222555886901346,5.8,69
183_273,12.974930046341465,77.71076577073171,41,MAXI-CAB,No Junction,0.0,0.7121951219512195,1.1658536585365853,25.83,41,Mahadevapura,0.3766127729577153,0.0,14.687898145350893,0,Late Night (00-04),0.63,0.23726604696336062,6.1,70
183_274,12.97503772,77.71113806,20,MAXI-CAB,No Junction,0.0,0.695,1.1400000000000001,13.05,20,HAL Old Airport,0.24496335189520096,0.0,9.553570723912838,1,Early Morning (04-08),0.653,0.15996106878756625,4.3,70
184_154,12.97612748611111,77.53170672499999,36,SCOOTER,BTP214 - 5th Main Chamrajpet  Junction,1.0,0.7083333333333334,0.8,29.3098,27,Vijayanagara,0.2279116533964831,0.23076923076923078,8.88855448246284,2,Morning Peak (08-12),0.814,0.18552008586473723,4.9,262
184_163,12.976839616158536,77.5454831875,328,SCOOTER,BTP068 - Veeresh Theatre Junction,1.0,0.625,0.6329268292682927,193.1124,219,Vijayanagara,1.730747831146672,2.7948717948717947,67.49916541472021,2,Morning Peak (08-12),0.589,1.0194104725453896,20.3,62
184_165,12.976762067567568,77.54869007297297,37,LORRY/GOODS VEHICLE,BTP069 - MC Circle,1.0,0.672972972972973,1.1756756756756757,46.5569,19,Magadi Road,0.1412526220350434,0.46153846153846156,5.508852259366692,2,Morning Peak (08-12),1.258,0.1776957985200846,4.7,62
184_180,12.977199161310258,77.57076277614338,809,PASSENGER AUTO,BTP048 - Shanthala Junction,1.0,0.6864029666254635,0.9789864029666254,694.1142,514,Chamarajpet,4.874966433682093,7.564102564102564,190.12369091360162,1,Early Morning (04-08),0.858,4.182721200099236,47.4,48
184_182,12.97723592180851,77.57417321702128,188,PASSENGER AUTO,BTP045 - Danvanthri Road Junction,1.0,0.6976063829787235,0.8680851063829786,165.932,123,Upparpet,1.1998166663260452,1.6666666666666667,46.792849986715765,2,Morning Peak (08-12),0.883,1.059438116365898,20.8,48
184_183,12.976906187316176,77.57550791011029,1632,SCOOTER,BTP040 - Elite Junction,1.0,0.6724877450980392,0.8582107843137254,1260.1654,1231,Upparpet,11.23697202061525,10.282051282051283,438.24190880399476,2,Morning Peak (08-12),0.772,8.674942399914974,65.4,48
184_184,12.976881676221986,77.57684184685165,4685,SCOOTER,BTP040 - Elite Junction,1.0,0.635624332977588,0.7404055496264674,3455.1855,3181,Upparpet,32.549244344836765,38.56410256410256,1269.4205294486335,2,Morning Peak (08-12),0.737,23.988793082144696,92.8,48
184_185,12.976609506103543,77.57825497291553,1835,CAR,BTP044 - Sagar Theatre Junction,1.0,0.6340054495912806,0.8009264305177112,1332.487,1371,Upparpet,12.606340746336096,11.897435897435898,491.6472891071077,2,Morning Peak (08-12),0.726,9.152203381840005,66.8,48
184_186,12.976926416149462,77.57981180690311,1579,CAR,BTP044 - Sagar Theatre Junction,1.0,0.6649778340721976,0.9796073464217859,1468.181,1227,Upparpet,10.75177209743951,9.025641025641026,419.3191118001409,2,Morning Peak (08-12),0.93,9.999148050618745,69.1,48
184_187,12.976458348314607,77.58074330337078,89,CAR,BTP044 - Sagar Theatre Junction,1.0,0.6932584269662921,1.1146067415730336,93.9224,83,Upparpet,0.8851950310167271,0.15384615384615385,34.52260620965236,1,Early Morning (04-08),1.055,0.9338807577226471,19.0,48
184_188,12.976329266216217,77.58329792297297,74,CAR,BTP037 - KR Circle,1.0,0.6783783783783783,0.9662162162162162,70.395,68,Upparpet,0.6410042669803525,0.15384615384615385,24.99916641223375,1,Early Morning (04-08),0.951,0.6095950578983153,13.7,48
184_189,12.976749909090909,77.58377710606061,33,CAR,BTP037 - KR Circle,1.0,0.7242424242424242,0.9212121212121211,30.524,33,Halasuru Gate,0.3135705218896515,0.0,12.229250353696411,1,Early Morning (04-08),0.925,0.29005273274792764,7.3,48
184_192,12.976838416184972,77.5889753618497,173,CAR,BTP041 - Gopal Gowda Circle,1.0,0.6104046242774566,0.8265895953757225,115.8378,152,Cubbon Park,1.0663090176862953,0.5384615384615384,41.58605168976552,0,Late Night (00-04),0.67,0.7144270418498179,15.5,71
184_193,12.977266628125,77.590233290625,32,CAR,BTP041 - Gopal Gowda Circle,1.0,0.796875,0.8125,28.259400000000003,12,Cubbon Park,0.11168057372314223,0.5128205128205128,4.355542375202547,2,Morning Peak (08-12),0.883,0.09861394659753459,2.7,71
184_194,12.977332859782608,77.5912306173913,92,MOTOR CYCLE,BTP041 - Gopal Gowda Circle,1.0,0.6326086956521738,0.6543478260869565,34.0548,42,Cubbon Park,0.3114497214732542,1.2820512820512822,12.146539137456916,0,Late Night (00-04),0.37,0.11523639694510407,3.1,71
184_199,12.976273760714287,77.59930059821428,56,SCOOTER,No Junction,0.125,0.6785714285714286,0.7696428571428572,35.049,48,Cubbon Park,0.24617937277910706,0.20512820512820512,9.600995538385177,1,Early Morning (04-08),0.626,0.154108287359721,4.1,263
184_217,12.976617644000001,77.62664086800001,25,CAR,No Junction,0.0,0.824,0.96,26.64,23,Halasur,0.20719275344838117,0.05128205128205128,8.080517384486864,2,Morning Peak (08-12),1.066,0.22086747517597435,5.8,69
185_160,12.97886192857143,77.54100149047619,21,SCOOTER,BTP067 - Jai Muni Rao Circle,1.0,0.6619047619047619,0.8428571428571429,16.996199999999998,16,Magadi Road,0.18656254318969218,0.1282051282051282,7.275939184397996,2,Morning Peak (08-12),0.809,0.15092909744046099,4.1,62
185_161,12.97855123369401,77.5423927588348,144,SCOOTER,BTP067 - Jai Muni Rao Circle,1.0,0.6833333333333332,0.7902777777777777,115.2294,118,Magadi Road,1.0508018325595465,0.6666666666666666,40.98127146982232,2,Morning Peak (08-12),0.8,0.8406414660476372,17.6,62
185_162,12.978346258154573,77.54369303200879,169,CAR,BTP067 - Jai Muni Rao Circle,1.0,0.6550295857988165,0.8254437869822485,140.2622,143,Magadi Road,1.291712991183268,0.6666666666666666,50.37680665614746,2,Morning Peak (08-12),0.83,1.0721217826821126,21.0,62
185_163,12.977832218918918,77.54508762702703,74,CAR,BTP068 - Veeresh Theatre Junction,1.0,0.6486486486486487,0.8040540540540541,61.0038,54,Vijayanagara,0.5352259466904199,0.5128205128205128,20.873811920926375,2,Morning Peak (08-12),0.824,0.44102618007290595,10.5,62
185_168,12.978151576,77.553199764,25,SCOOTER,"BTP062 - Basava Mantapa, Dr. Rajkumar Road",1.0,0.6839999999999999,0.7759999999999999,20.6154,24,Magadi Road,0.2385595719175341,0.02564102564102564,9.303823304783828,2,Morning Peak (08-12),0.825,0.19681164683196561,5.2,75
185_180,12.978034439795918,77.57078163979591,196,PASSENGER AUTO,BTP048 - Shanthala Junction,1.0,0.7704081632653061,0.9826530612244898,210.15800000000002,158,Chamarajpet,1.3193044842551418,0.9743589743589743,51.45287488595053,2,Morning Peak (08-12),1.072,1.414294407121512,25.4,48
185_181,12.97850465483871,77.57247152903226,31,CAR,BTP057 - Anand Rao Junction,1.0,0.7,1.1612903225806452,35.770799999999994,27,Upparpet,0.28391534668201157,0.10256410256410256,11.072698520598452,0,Late Night (00-04),1.154,0.3276383100710413,8.2,48
185_182,12.978189502264685,77.5737426143666,1413,CAR,BTP057 - Anand Rao Junction,1.0,0.6922859164897381,0.9473460721868364,1252.8867,1067,Upparpet,9.473312708682565,8.871794871794872,369.45919563862,1,Early Morning (04-08),0.887,8.402828372601435,64.6,48
185_183,12.978151760826771,77.57532341240157,1524,SCOOTER,BTP045 - Danvanthri Road Junction,1.0,0.6698490813648293,0.8383202099737532,1263.8925,1154,Upparpet,10.025097372831699,9.487179487179487,390.9787975404362,2,Morning Peak (08-12),0.829,8.310805722077477,64.3,48
185_184,12.977823169758064,77.5769626795363,992,CAR,BTP040 - Elite Junction,1.0,0.6418346774193547,0.8420362903225806,680.1847,664,Upparpet,6.052546186639211,8.41025641025641,236.04930127892928,0,Late Night (00-04),0.686,4.1520466840345,47.3,48
185_185,12.9783011880226,77.57828088248588,885,CAR,BTP058 - Subbanna Junction,1.0,0.6387570621468927,0.9737853107344632,532.389,530,Upparpet,5.303835302713771,9.102564102564102,206.84957680583707,0,Late Night (00-04),0.602,3.19290885223369,41.3,48
185_186,12.978217176494656,77.57964615789926,1345,CAR,BTP058 - Subbanna Junction,1.0,0.6294423791821561,0.9427509293680297,963.6146,953,Upparpet,8.788749201117684,10.051282051282051,342.7612188435897,0,Late Night (00-04),0.716,6.292744428000261,57.3,48
185_187,12.978661712730318,77.58089166499163,597,CAR,BTP058 - Subbanna Junction,0.8710217755443886,0.6388609715242881,0.871356783919598,472.87469999999996,477,Upparpet,4.018577928926251,3.076923076923077,156.72453922812383,2,Morning Peak (08-12),0.792,3.182713719709591,41.3,48
185_188,12.97874713611111,77.58260454722222,36,MOTOR CYCLE,No Junction,0.1111111111111111,0.6777777777777777,0.8,24.9902,35,Upparpet,0.3607519325864382,0.02564102564102564,14.06932537087109,2,Morning Peak (08-12),0.694,0.25036184121498806,6.4,48
185_193,12.977722392307692,77.5908118025641,39,SCOOTER,BTP041 - Gopal Gowda Circle,1.0,0.7461538461538461,0.7435897435897436,30.381,27,Cubbon Park,0.23226788544081098,0.3076923076923077,9.058447532191629,2,Morning Peak (08-12),0.779,0.18093668275839175,4.8,71
185_194,12.978564785714287,77.5917187452381,42,CAR,BTP047 - Vidhan Soudha Metro Station,1.0,0.6928571428571428,0.7857142857142857,29.601000000000003,31,Cubbon Park,0.266937745718428,0.28205128205128205,10.410572083018689,2,Morning Peak (08-12),0.705,0.18819111073149172,5.0,71
185_206,12.978241173076922,77.60960461538461,26,CAR,BTP051 - Safina Plaza Junction,1.0,0.6038461538461538,1.0076923076923077,29.133,22,Shivajinagar,0.19798450298275969,0.10256410256410256,7.721395616327628,2,Morning Peak (08-12),1.12,0.22174264334069088,5.8,76
185_218,12.978029179310344,77.62832616551725,29,MOTOR CYCLE,No Junction,0.0,0.7793103448275861,0.7724137931034483,22.631999999999998,28,Halasur,0.2380068077704319,0.02564102564102564,9.282265503046844,2,Morning Peak (08-12),0.78,0.18564531006093687,4.9,69
185_219,12.978306893396226,77.62872761981131,106,SCOOTER,No Junction,0.0,0.8311320754716981,0.8198113207547169,93.945,85,Jeevanbheemanagar,0.7568366838063871,0.5384615384615384,29.516630668449096,1,Early Morning (04-08),0.886,0.670557301852459,14.8,69
185_224,12.978202711538462,77.63660777307692,26,SCOOTER,No Junction,0.0,0.6192307692307691,0.7846153846153846,15.654,20,Jeevanbheemanagar,0.16949434000608418,0.15384615384615385,6.610279260237283,2,Morning Peak (08-12),0.602,0.10203559268366268,2.8,72
185_225,12.978146420714285,77.63855623714285,140,SCOOTER,No Junction,0.0,0.7257142857142856,0.7528571428571428,101.22,89,Jeevanbheemanagar,0.7585587795488394,1.3076923076923077,29.58379240240474,2,Morning Peak (08-12),0.723,0.5484379976138108,12.6,72
185_226,12.978191344,77.63966947600001,175,SCOOTER,No Junction,0.0,0.7108571428571429,0.7462857142857142,120.624,111,Jeevanbheemanagar,0.9303451588420163,1.641025641025641,36.28346119483864,2,Morning Peak (08-12),0.689,0.6410078144421492,14.3,72
185_227,12.978282132866466,77.64123201336076,81,SCOOTER,No Junction,0.0,0.6777777777777778,0.6851851851851852,39.962,73,Jeevanbheemanagar,0.5088319138817282,0.20512820512820512,19.8444446413874,1,Early Morning (04-08),0.493,0.250854133543692,6.5,72
185_263,12.9787757490084,77.69529621859317,148,CAR,No Junction,0.0,0.7722972972972972,0.9797297297297297,109.61999999999999,104,Mahadevapura,1.0065614143360262,1.1282051282051282,39.25589515910503,1,Early Morning (04-08),0.741,0.7458620080229954,16.1,73
185_264,12.978780203571429,77.69647561785713,28,CAR,No Junction,0.0,0.6,1.0,13.824,17,Mahadevapura,0.20214283945490616,0.28205128205128205,7.883570738741341,0,Late Night (00-04),0.494,0.09985856269072364,2.7,73
185_275,12.977895546341465,77.71315105121951,41,SCOOTER,No Junction,0.0,0.897560975609756,0.6560975609756097,21.330000000000002,40,Mahadevapura,0.5488474669322263,0.02564102564102564,21.40505121035683,1,Early Morning (04-08),0.52,0.28540068280475767,7.2,264
186_165,12.979929754166667,77.54853426666666,24,CAR,BTP068 - Veeresh Theatre Junction,1.0,0.6749999999999999,1.2083333333333333,26.3614,16,Magadi Road,0.18902354849176353,0.20512820512820512,7.371918391178779,0,Late Night (00-04),1.098,0.20754785624395639,5.4,74
186_169,12.979868347643981,77.55419995078535,191,SCOOTER,"BTP062 - Basava Mantapa, Dr. Rajkumar Road",1.0,0.6465968586387435,0.7890052356020942,142.7062,130,Magadi Road,1.165553440867158,1.564102564102564,45.45658419381916,2,Morning Peak (08-12),0.747,0.870668420327767,18.1,75
186_170,12.980161429850131,77.555517876,80,CAR,"BTP062 - Basava Mantapa, Dr. Rajkumar Road",1.0,0.7162499999999999,0.985,82.5656,70,Magadi Road,0.604431968524691,0.2564102564102564,23.572846772462952,1,Early Morning (04-08),1.032,0.6237737915174811,14.0,75
186_171,12.980377009756097,77.5571096317073,41,CAR,"BTP062 - Basava Mantapa, Dr. Rajkumar Road",1.0,0.6439024390243903,0.924390243902439,31.3976,31,Magadi Road,0.2919364955404521,0.2564102564102564,11.385523326077632,0,Late Night (00-04),0.766,0.2236233555839863,5.8,75
186_176,12.979776977777776,77.56436397777777,27,SCOOTER,BTP074 - Leprosy Hospital Junction,0.8518518518518519,0.6592592592592593,0.7555555555555555,21.747600000000002,19,Magadi Road,0.1765608054031945,0.20512820512820512,6.885871410724586,2,Morning Peak (08-12),0.805,0.1421314483495716,3.8,265
186_180,12.979568596,77.570807856,25,PASSENGER AUTO,BTP057 - Anand Rao Junction,1.0,0.672,0.98,16.913,17,Chamarajpet,0.16132824396245163,0.20512820512820512,6.291801514535614,0,Late Night (00-04),0.677,0.10921922116257976,3.0,48
186_181,12.979792737974684,77.57254515189874,158,CAR,BTP057 - Anand Rao Junction,1.0,0.6955696202531645,1.049367088607595,119.9029,125,Upparpet,1.169834958457752,0.8461538461538461,45.623563379852335,0,Late Night (00-04),0.759,0.8879047334694339,18.3,48
186_182,12.980130702597402,77.57368398506493,154,CAR,BTP057 - Anand Rao Junction,1.0,0.7012987012987013,1.0974025974025974,183.7914,102,Upparpet,1.0401867868453347,1.3333333333333333,40.56728468696806,2,Morning Peak (08-12),1.193,1.2409428367064843,23.3,48
186_183,12.979802087088816,77.57492183799343,1216,CAR,BTP057 - Anand Rao Junction,1.0,0.687828947368421,0.902467105263158,1014.234,821,Upparpet,8.036422413779011,10.128205128205128,313.4204741373814,2,Morning Peak (08-12),0.834,6.702376293091695,58.9,48
186_184,12.979466151270207,77.57711212032332,433,CAR,BTP058 - Subbanna Junction,1.0,0.6404157043879908,0.8845265588914549,329.9764,291,Upparpet,2.7683639272514293,3.641025641025641,107.96619316280574,2,Morning Peak (08-12),0.762,2.109493312565589,32.7,48
186_185,12.979166785328639,77.57828978497652,852,CAR,BTP058 - Subbanna Junction,1.0,0.6357981220657276,0.9673708920187793,591.0735999999999,650,Upparpet,5.760547305877665,5.17948717948718,224.661344929229,0,Late Night (00-04),0.694,3.9978198302790995,46.4,48
186_186,12.97923056711558,77.57944140271516,385,CAR,BTP058 - Subbanna Junction,1.0,0.6361038961038961,0.9807792207792209,267.0681,302,Upparpet,2.7691209782964266,2.128205128205128,107.99571815356063,0,Late Night (00-04),0.694,1.92176995893772,30.9,48
186_187,12.979290415789475,77.58127537894737,95,CAR,No Junction,0.47368421052631576,0.6557894736842105,0.9063157894736842,65.5677,78,Upparpet,0.6804412673829427,0.4358974358974359,26.537209427934773,2,Morning Peak (08-12),0.69,0.46950447449423044,11.1,48
186_188,12.979171180769232,77.58275099615385,26,CAR,No Junction,0.4230769230769231,0.6692307692307692,1.0115384615384615,25.145,25,High ground,0.1906621692228991,0.02564102564102564,7.435824599693066,2,Morning Peak (08-12),0.967,0.18437031763854342,4.9,48
186_191,12.979578784615386,77.58756561153847,26,CAR,BTP052 - CID Carlton House Junction,1.0,0.6692307692307692,0.9615384615384616,23.1192,22,Cubbon Park,0.17166658413704403,0.10256410256410256,6.694996781344716,2,Morning Peak (08-12),0.889,0.15261159329783214,4.1,266
186_194,12.979610622222223,77.59174429555556,45,MOTOR CYCLE,BTP047 - Vidhan Soudha Metro Station,1.0,0.6888888888888889,0.7644444444444444,35.991800000000005,44,Cubbon Park,0.30228613305422813,0.02564102564102564,11.789159189114898,2,Morning Peak (08-12),0.8,0.2418289064433825,6.2,71
186_195,12.980058655670103,77.59295868350516,97,SCOOTER,BTP047 - Vidhan Soudha Metro Station,1.0,0.6288659793814433,0.7999999999999999,76.8768,85,Cubbon Park,0.6239163133018688,0.3076923076923077,24.332736218772883,2,Morning Peak (08-12),0.793,0.494765636448382,11.6,71
186_196,12.9801853125,77.59445145833334,24,CAR,BTP036 - Police Thimmaiah Circle (GPO),1.0,0.6041666666666666,0.9666666666666667,18.322200000000002,24,Cubbon Park,0.2197047997648378,0.0,8.568487190828677,1,Early Morning (04-08),0.763,0.16763476222057125,4.5,71
186_201,12.97997361314554,77.60260657840375,213,SCOOTER,BTP211 - Central Street Junction,1.0,0.7079812206572769,0.8140845070422535,197.405,116,Shivajinagar,1.183977163646348,2.4871794871794872,46.17510938220757,2,Morning Peak (08-12),0.927,1.0975468307001648,21.4,76
186_202,12.980117871428572,77.60380248831169,77,CAR,BTP211 - Central Street Junction,1.0,0.6909090909090908,0.9181818181818182,77.2304,63,Shivajinagar,0.5404894797520937,0.358974358974359,21.07908971033165,2,Morning Peak (08-12),1.003,0.54211094819135,12.5,76
186_203,12.98000779589041,77.60532230958904,73,CAR,BTP051 - Safina Plaza Junction,1.0,0.6452054794520548,1.0123287671232877,84.97059999999999,64,Shivajinagar,0.6604748541101895,0.23076923076923078,25.758519310297388,2,Morning Peak (08-12),1.164,0.7687927301842605,16.4,76
186_204,12.97969748795539,77.60711739390335,1345,SCOOTER,BTP051 - Safina Plaza Junction,1.0,0.6471375464684015,0.7917472118959108,1128.6236000000001,965,Shivajinagar,8.670976091162647,9.743589743589743,338.1680675553432,2,Morning Peak (08-12),0.839,7.27494894048546,60.9,76
186_206,12.979958170487105,77.60974698137535,349,CAR,BTP051 - Safina Plaza Junction,1.0,0.6489971346704871,1.02378223495702,406.1525,278,Shivajinagar,2.246703167928127,1.8205128205128205,87.62142354919695,2,Morning Peak (08-12),1.164,2.6151624874683397,37.1,76
186_207,12.980436157692308,77.61171949999999,26,CAR,No Junction,0.07692307692307693,0.6653846153846155,1.0269230769230768,24.729,19,Shivajinagar,0.1984604521540479,0.1794871794871795,7.739957634007868,2,Morning Peak (08-12),0.951,0.18873588999849955,5.0,76
186_208,12.98005881935484,77.61299393387097,62,CAR,No Junction,0.0,0.6790322580645161,0.9387096774193548,50.54599999999999,47,Shivajinagar,0.45143521922613555,0.38461538461538464,17.605973549819286,2,Morning Peak (08-12),0.815,0.36791970366930044,9.0,76
186_209,12.979914256447687,77.61387121143552,411,CAR,No Junction,0.0,0.64330900243309,0.9953771289537714,360.63699999999994,342,Shivajinagar,2.7462748710549345,1.7692307692307692,107.10471997114247,2,Morning Peak (08-12),0.877,2.4084830619151774,35.4,76
186_219,12.979674584210526,77.62920336666667,57,CAR,No Junction,0.0,0.9377192982456141,0.968421052631579,74.873,40,Halasur,0.3130838422556199,0.4358974358974359,12.210269847969178,2,Morning Peak (08-12),1.314,0.41139216872388457,9.9,69
186_227,12.979380803571429,77.64121760357143,28,CAR,No Junction,0.0,0.7357142857142857,1.0214285714285716,23.766000000000002,28,Jeevanbheemanagar,0.22534188231999921,0.0,8.78833341047997,2,Morning Peak (08-12),0.849,0.19131525808967934,5.0,72
186_228,12.97912115,77.64272326818183,22,CAR,No Junction,0.0,0.6,0.9,14.916,21,Jeevanbheemanagar,0.20180344916302834,0.02564102564102564,7.8703345173581045,2,Morning Peak (08-12),0.678,0.1368227385325332,3.7,72
186_230,12.979640725,77.645821555,20,CAR,No Junction,0.0,0.6,0.9400000000000001,9.648,11,Jeevanbheemanagar,0.1264841124399849,0.23076923076923078,4.932880385159411,1,Early Morning (04-08),0.482,0.06096534219607271,1.7,267
186_234,12.980088681355932,77.65210075593221,59,CAR,No Junction,0.0,0.6,1.006779661016949,34.236000000000004,53,Banaswadi,0.6237942696387767,0.15384615384615385,24.327976515912287,1,Early Morning (04-08),0.58,0.36180067639049046,8.9,268
186_235,12.979536576190478,77.65303374761905,21,CAR,No Junction,0.0,0.6,1.0,14.4,21,Banaswadi,0.21176711580699453,0.0,8.258917516472787,2,Morning Peak (08-12),0.686,0.14527224144359827,3.9,269
186_262,12.979384184615384,77.69425438205128,39,MAXI-CAB,No Junction,0.0,0.9,1.117948717948718,36.942,27,Mahadevapura,0.27021428581622503,0.3076923076923077,10.538357146832777,2,Morning Peak (08-12),0.947,0.2558929286679651,6.6,73
186_263,12.97943822920354,77.6950685840708,226,MAXI-CAB,No Junction,0.0,0.8017699115044248,1.0398230088495575,200.906,141,Mahadevapura,1.5141710410327025,2.1794871794871793,59.0526706002754,1,Early Morning (04-08),0.889,1.3460980554780726,24.6,73
186_300,12.979357953846154,77.75130111153845,26,CAR,No Junction,0.0,0.6076923076923076,0.9692307692307692,15.611999999999998,21,Whitefield,0.23940925249770884,0.1282051282051282,9.336960847410644,0,Late Night (00-04),0.6,0.1436455514986253,3.9,270
187_165,12.981090228421055,77.54868800947368,95,CAR,"BTP024 - NPS, Vijayanagar",1.0,0.6821052631578947,0.9810526315789474,95.2718,32,Magadi Road,0.3431593398204284,1.6153846153846154,13.383214252996707,3,Afternoon (12-16),1.003,0.34418881783988964,8.5,74
187_166,12.981217293150685,77.54921866575341,73,CAR,"BTP024 - NPS, Vijayanagar",1.0,0.6164383561643836,0.915068493150685,43.8867,39,Magadi Road,0.41541545622155385,0.8717948717948718,16.2012027926406,0,Late Night (00-04),0.601,0.24966468918915385,6.4,74
187_171,12.980583806666667,77.55772675333333,30,SCOOTER,BTP010 - Rajajinagar Entrance,1.0,0.6766666666666666,0.8666666666666667,23.400000000000002,17,Magadi Road,0.15490811053976264,0.3333333333333333,6.041416311050743,0,Late Night (00-04),0.78,0.12082832622101486,3.3,75
187_172,12.98079043099881,77.55840124605359,330,SCOOTER,BTP010 - Rajajinagar Entrance,1.0,0.65,0.7354545454545455,228.2722,243,Magadi Road,2.223499129872089,2.230769230769231,86.71646606501147,1,Early Morning (04-08),0.692,1.5386613978714854,26.9,75
187_182,12.980734486956521,77.57394665652174,23,PASSENGER AUTO,BTP057 - Anand Rao Junction,1.0,0.6956521739130433,1.047826086956522,24.4348,16,Sheshadripuram,0.16999339463774935,0.1794871794871795,6.629742390872224,2,Morning Peak (08-12),1.062,0.1805329851052898,4.8,48
187_183,12.98074901972477,77.57490148027523,218,PASSENGER AUTO,BTP057 - Anand Rao Junction,1.0,0.6958715596330275,0.95,181.4345,158,Upparpet,1.4998474584750805,1.5384615384615385,58.49405088052814,0,Late Night (00-04),0.832,1.247873085451267,23.4,48
187_184,12.980830521538461,77.57694162153847,65,CAR,BTP058 - Subbanna Junction,1.0,0.7061538461538461,1.0415384615384615,61.230000000000004,58,High ground,0.5037257197134367,0.1794871794871795,19.64530306882403,1,Early Morning (04-08),0.942,0.47450962797005736,11.2,48
187_185,12.980634653191489,77.57847944893618,47,MAXI-CAB,BTP058 - Subbanna Junction,1.0,0.6978723404255318,1.127659574468085,49.2882,32,High ground,0.2926739596931367,0.38461538461538464,11.41428442803233,2,Morning Peak (08-12),1.049,0.3070149837181004,7.7,48
187_192,12.981143371309313,77.58852977055943,92,CAR,BTP052 - CID Carlton House Junction,1.0,0.6304347826086957,0.9184782608695652,74.0844,79,Cubbon Park,0.5976419218136771,0.3333333333333333,23.308034950733408,1,Early Morning (04-08),0.805,0.48110174706001013,11.3,271
187_195,12.98078108275862,77.5936695862069,29,CAR,BTP036 - Police Thimmaiah Circle (GPO),1.0,0.603448275862069,0.993103448275862,19.0788,26,Cubbon Park,0.18870245497910076,0.07692307692307693,7.359395744184929,1,Early Morning (04-08),0.658,0.1241662153762483,3.4,71
187_196,12.980986723076922,77.59434898846153,26,CAR,BTP036 - Police Thimmaiah Circle (GPO),1.0,0.6192307692307691,1.0,20.6232,26,Cubbon Park,0.1729806731187566,0.0,6.746246251631507,1,Early Morning (04-08),0.793,0.137173673783174,3.7,71
187_198,12.98105470929071,77.5983023975025,1001,SCOOTER,BTP042 - Minsk Square Junction (CTO),1.0,0.6425574425574425,0.6246753246753246,568.6746,735,Shivajinagar,6.697116734996155,6.82051282051282,261.18755266485,1,Early Morning (04-08),0.568,3.8039623054778158,45.2,76
187_199,12.981347554125875,77.59860399846154,715,SCOOTER,BTP042 - Minsk Square Junction (CTO),1.0,0.6778321678321678,0.6268531468531469,437.2407,525,Shivajinagar,4.5899365164985095,4.871794871794871,179.00752414344188,1,Early Morning (04-08),0.612,2.8090411480970876,38.6,76
187_200,12.98125522857143,77.60102136190476,21,SCOOTER,BTP211 - Central Street Junction,1.0,0.7047619047619047,0.7523809523809524,17.2692,20,Shivajinagar,0.20655133590266347,0.02564102564102564,8.055502100203878,2,Morning Peak (08-12),0.822,0.16978519811198936,4.5,76
187_201,12.980767367994515,77.60268230771135,87,CAR,BTP211 - Central Street Junction,1.0,0.7,0.864367816091954,85.8832,66,Shivajinagar,0.6115805885986271,0.5384615384615384,23.851642955346456,2,Morning Peak (08-12),0.987,0.6036300409468449,13.6,76
187_202,12.981007332722513,77.60343060209424,382,SCOOTER,BTP211 - Central Street Junction,1.0,0.6967277486910994,0.8308900523560209,327.6065,265,Shivajinagar,2.438329600431368,3.0,95.09485441682335,2,Morning Peak (08-12),0.858,2.092086797170114,32.5,76
187_203,12.981706535779816,77.6055155972477,109,SCOOTER,BTP211 - Central Street Junction,1.0,0.6798165137614678,0.7055045871559633,89.2372,61,Shivajinagar,0.5345444807035084,1.2307692307692308,20.847234747436826,2,Morning Peak (08-12),0.819,0.4377919296961733,10.5,76
187_204,12.981636166575973,77.60664219250366,497,SCOOTER,BTP051 - Safina Plaza Junction,1.0,0.657142857142857,0.6865191146881288,389.7842,430,Shivajinagar,3.295853831196608,1.7179487179487178,128.53829941666774,2,Morning Peak (08-12),0.784,2.5839494036581407,36.8,76
187_205,12.981349679060347,77.608158045241,2469,SCOOTER,BTP051 - Safina Plaza Junction,1.0,0.6628999594977723,0.8144187930336169,2293.1688,1836,Shivajinagar,17.14726809086983,16.23076923076923,668.7434555439233,2,Morning Peak (08-12),0.929,15.929812056418072,81.6,76
187_206,12.981214093993751,77.6100502435534,4413,PASSENGER AUTO,BTP051 - Safina Plaza Junction,1.0,0.674405166553365,0.9067074552458645,4627.7855,2883,Shivajinagar,29.638014465444297,39.23076923076923,1155.8825641523279,2,Morning Peak (08-12),1.049,31.090277174251064,100.0,76
187_207,12.981037320879121,77.61081786835165,455,PASSENGER AUTO,BTP051 - Safina Plaza Junction,0.9098901098901099,0.6868131868131868,0.9054945054945055,484.17719999999997,309,Shivajinagar,2.8190159669268304,3.7435897435897436,109.94162271014638,2,Morning Peak (08-12),1.064,2.9994329888101476,40.0,76
187_208,12.981747112612613,77.61248255810811,222,CAR,No Junction,0.0,0.645945945945946,0.9855855855855856,193.92399999999998,144,Shivajinagar,1.357963521760391,2.0,52.96057734865525,2,Morning Peak (08-12),0.874,1.1868601180185816,22.6,76
187_209,12.980934498591548,77.61447857746478,142,CAR,No Junction,0.0,0.6246478873239437,0.9845070422535213,116.234,119,Shivajinagar,1.1738191725747207,0.5897435897435898,45.77894773041411,2,Morning Peak (08-12),0.819,0.9613579023386962,19.4,76
187_210,12.980979804,77.615671384,25,CAR,No Junction,0.0,0.612,0.968,17.586,25,Halasur,0.2241547630312074,0.0,8.74203575821709,3,Afternoon (12-16),0.703,0.1575807984109388,4.2,76
187_219,12.98109036764706,77.62874927941176,34,CAR,No Junction,0.0,0.8705882352941177,0.9852941176470589,36.558,22,Halasur,0.16477268240983076,0.3076923076923077,6.426134613983399,0,Late Night (00-04),1.075,0.17713063359056805,4.7,69
187_220,12.981130123590475,77.63054102862745,51,CAR,No Junction,0.0,0.8568627450980393,1.0470588235294118,51.912,36,Halasur,0.30583925666391476,0.38461538461538464,11.927731009892678,1,Early Morning (04-08),1.018,0.3113443632838652,7.8,69
187_227,12.981256311115143,77.64068991079671,35,CAR,No Junction,0.0,0.8671428571428572,0.84,21.623,34,Jeevanbheemanagar,0.3298533170565489,0.02564102564102564,12.864279365205407,0,Late Night (00-04),0.618,0.20384934994094722,5.3,72
187_230,12.981318095454547,77.64598840909092,22,CAR,No Junction,0.0,0.6545454545454544,0.8818181818181817,16.128,7,Jeevanbheemanagar,0.04312902634432372,0.38461538461538464,1.6820320274286251,2,Morning Peak (08-12),0.733,0.03161357631038929,0.9,272
188_165,12.983044945736433,77.54878460852713,129,CAR,"BTP024 - NPS, Vijayanagar",1.0,0.689922480620155,0.8829457364341085,106.2035,26,Magadi Road,0.2997637409688736,2.641025641025641,11.690785897786071,0,Late Night (00-04),0.823,0.24670555881738296,6.4,74
188_166,12.982665168181818,77.54922415454546,66,CAR,"BTP024 - NPS, Vijayanagar",1.0,0.6818181818181818,0.906060606060606,56.9868,15,Magadi Road,0.16047757948914176,1.3076923076923077,6.258625600076529,2,Morning Peak (08-12),0.863,0.13849215109912935,3.7,74
188_173,12.982945246,77.560215904,50,SCOOTER,BTP010 - Rajajinagar Entrance,1.0,0.6579999999999999,0.736,34.112,33,Rajajinagar,0.27419478176794027,0.4358974358974359,10.693596488949673,1,Early Morning (04-08),0.682,0.1870008411657353,4.9,77
188_174,12.982554881632653,77.56205301428571,49,CAR,BTP010 - Rajajinagar Entrance,1.0,0.6653061224489796,0.8959183673469387,47.957,40,Magadi Road,0.2773954178855075,0.23076923076923078,10.818421297534792,2,Morning Peak (08-12),0.979,0.27157011410991183,6.9,77
188_175,12.982447589995264,77.56322857186689,141,CAR,BTP010 - Rajajinagar Entrance,1.0,0.626950354609929,1.0269503546099292,152.9736,108,Magadi Road,0.9857708776978331,0.8461538461538461,38.44506423021549,2,Morning Peak (08-12),1.085,1.069561402302149,21.0,77
188_183,12.982456502222224,77.57535675555556,45,CAR,BTP057 - Anand Rao Junction,1.0,0.7022222222222222,0.9933333333333334,45.071,35,High ground,0.28258342801457165,0.2564102564102564,11.020753692568293,2,Morning Peak (08-12),1.002,0.2831485948706008,7.2,48
188_184,12.983044725757576,77.57652483030303,66,CAR,BTP058 - Subbanna Junction,1.0,0.6484848484848484,1.0393939393939393,54.8327,50,High ground,0.40603697399303595,0.41025641025641024,15.835441985728401,0,Late Night (00-04),0.831,0.3374167253882129,8.4,48
188_198,12.982487056666665,77.59800483000001,30,CAR,BTP173 - TMC,1.0,0.6699999999999999,0.92,33.175999999999995,25,Shivajinagar,0.2283036191320845,0.1282051282051282,8.903841146151295,2,Morning Peak (08-12),1.106,0.2525038027600855,6.5,76
188_199,12.982171702222221,77.59897800666667,135,CAR,BTP173 - TMC,1.0,0.6703703703703704,0.8740740740740741,121.0612,114,Shivajinagar,0.9427760983745828,0.5384615384615384,36.76826783660873,2,Morning Peak (08-12),0.897,0.8456701602420007,17.7,76
188_200,12.982826730769231,77.6010820102564,39,CAR,BTP211 - Central Street Junction,1.0,0.6384615384615384,0.8923076923076922,34.203,25,Shivajinagar,0.2337914387541813,0.358974358974359,9.11786611141307,2,Morning Peak (08-12),0.877,0.205035091787417,5.4,76
188_201,12.982596071428572,77.60216322857143,35,SCOOTER,BTP211 - Central Street Junction,1.0,0.7,0.8628571428571429,32.4012,29,Shivajinagar,0.3258001289148396,0.15384615384615385,12.706205027678743,2,Morning Peak (08-12),0.926,0.3016909193751415,7.6,76
188_202,12.982824688095238,77.60339098571428,168,PASSENGER AUTO,BTP211 - Central Street Junction,1.0,0.6583333333333333,1.0035714285714286,181.8401,153,Shivajinagar,1.1834398898527978,0.38461538461538464,46.154155704259104,2,Morning Peak (08-12),1.082,1.2804819608207274,23.8,76
188_203,12.982187835416667,77.60589260208333,48,SCOOTER,BTP051 - Safina Plaza Junction,1.0,0.6895833333333333,0.6833333333333332,37.0292,25,Shivajinagar,0.22672961185422913,0.5897435897435898,8.842454862314936,3,Afternoon (12-16),0.771,0.17480853073961067,4.6,76
188_204,12.982409035810333,77.60669561861289,1413,SCOOTER,BTP051 - Safina Plaza Junction,1.0,0.6869072894550601,0.6823071479122435,1173.2916,993,Shivajinagar,9.604598439537682,10.76923076923077,374.57933914196957,2,Morning Peak (08-12),0.83,7.971816704816276,63.3,76
188_205,12.982634821428572,77.60812039209183,392,SCOOTER,BTP051 - Safina Plaza Junction,1.0,0.6954081632653061,0.6168367346938775,297.8664,283,Shivajinagar,2.7486461512493783,2.7948717948717947,107.19719989872576,2,Morning Peak (08-12),0.76,2.0889710749495274,32.5,76
188_206,12.982841608653846,77.60989835961539,728,SCOOTER,No Junction,0.46703296703296704,0.6898351648351648,0.6726648351648351,520.9187000000001,451,Shivajinagar,3.9280571371269106,7.102564102564102,153.19422834794952,2,Morning Peak (08-12),0.716,2.812488910182868,38.6,76
188_207,12.982727795392604,77.61081732907203,1541,SCOOTER,No Junction,0.05256327060350422,0.6623945489941596,0.8162232316677482,1097.802,944,Shivajinagar,9.871705626596496,15.307692307692308,384.9965194372633,2,Morning Peak (08-12),0.712,7.028654406136705,60.1,76
188_208,12.982484693873518,77.61250722134388,506,CAR,No Junction,0.0,0.6511857707509882,0.8563241106719368,366.4,236,Shivajinagar,2.630610712712176,6.923076923076923,102.59381779577487,2,Morning Peak (08-12),0.724,1.9045621560036152,30.7,76
188_301,12.983078591666667,77.75209816666667,36,MOTOR CYCLE,No Junction,0.0,0.7361111111111112,0.7166666666666667,27.45,6,Whitefield,0.04893198112356238,0.7692307692307693,1.9083472638189332,2,Morning Peak (08-12),0.762,0.03728616961615454,1.1,273
189_152,12.983833396746416,77.52893896962463,47,SCOOTER,No Junction,0.0,0.6404255319148936,0.6978723404255318,24.81,37,Kamakshipalya,0.33362002323559375,0.2564102564102564,13.011180906188157,2,Morning Peak (08-12),0.528,0.1761513722683935,4.7,274
189_165,12.984009262666667,77.54855774400001,75,SCOOTER,"BTP024 - NPS, Vijayanagar",1.0,0.6853333333333333,0.8133333333333334,54.2984,32,Magadi Road,0.2670870435278157,1.1025641025641026,10.416394697584812,1,Early Morning (04-08),0.724,0.19337101951413857,5.1,74
189_166,12.984089407142857,77.549268825,56,SCOOTER,"BTP024 - NPS, Vijayanagar",1.0,0.7125,0.8071428571428572,48.9866,33,Magadi Road,0.27489553056650184,0.5897435897435898,10.72092569209357,2,Morning Peak (08-12),0.875,0.24053358924568913,6.2,74
189_168,12.984927506451614,77.55344352903226,31,SCOOTER,BTP061 - Bhashyam Circle,1.0,0.6419354838709677,0.7870967741935483,23.2128,18,Rajajinagar,0.1331997913200621,0.3333333333333333,5.194791861482423,2,Morning Peak (08-12),0.749,0.09976664369872651,2.7,74
189_169,12.984630014071355,77.55387536065912,204,SCOOTER,BTP061 - Bhashyam Circle,1.0,0.6583333333333332,0.7656862745098039,167.2138,144,Rajajinagar,1.236216573973059,1.5384615384615385,48.2124463849493,2,Morning Peak (08-12),0.82,1.0136975906579084,20.2,74
189_171,12.984710512903225,77.55691866129031,31,CAR,BTP061 - Bhashyam Circle,1.0,0.6774193548387096,0.9193548387096774,22.672,22,Rajajinagar,0.1959149593140139,0.23076923076923078,7.640683413246542,1,Early Morning (04-08),0.731,0.14321383525854417,3.9,74
189_173,12.98419556033058,77.56008245950414,121,CAR,BTP010 - Rajajinagar Entrance,1.0,0.6520661157024793,0.7900826446280991,99.0756,105,Rajajinagar,0.7805048400717656,0.41025641025641024,30.439688762798855,2,Morning Peak (08-12),0.819,0.639233464018776,14.2,77
189_184,12.983691347457627,77.57722867288136,59,CAR,BTP058 - Subbanna Junction,1.0,0.6389830508474575,1.0135593220338983,56.1522,51,High ground,0.43206569824468477,0.20512820512820512,16.85056223154271,2,Morning Peak (08-12),0.952,0.41132654472893987,9.9,48
189_185,12.98402165562957,77.5781132673566,235,CAR,BTP054 - Shivananda Circle,1.0,0.6238297872340425,0.9468085106382979,198.3904,176,High ground,1.676388327549116,1.5128205128205128,65.37914477441552,2,Morning Peak (08-12),0.844,1.414871748451454,25.4,48
189_188,12.984359965,77.582567165,20,PASSENGER AUTO,BTP053 - Three Let Junction,1.0,0.6799999999999999,0.9800000000000001,24.205999999999996,19,High ground,0.13385201264065186,0.02564102564102564,5.220228492985421,2,Morning Peak (08-12),1.21,0.16196093529518873,4.3,275
189_200,12.984432104,77.600709768,25,CAR,BTP171 - Indian Express (Balekundri),1.0,0.66,1.02,25.1667,5,Shivajinagar,0.042381521941777876,0.5128205128205128,1.6528793557293373,2,Morning Peak (08-12),1.007,0.04267819259537032,1.2,76
189_201,12.98438768935743,77.60253126445782,498,PASSENGER AUTO,BTP211 - Central Street Junction,1.0,0.6913654618473896,0.908433734939759,498.3225,341,Shivajinagar,2.9730564370767696,4.0256410256410255,115.949201045994,2,Morning Peak (08-12),1.001,2.976029493513846,39.8,76
189_202,12.984066517578851,77.60352403905381,2156,PASSENGER AUTO,BTP211 - Central Street Junction,1.0,0.659369202226345,0.9712430426716141,2109.5633,1539,Shivajinagar,14.774114627374985,15.820512820512821,576.1904704676246,2,Morning Peak (08-12),0.978,14.449084105572735,78.9,76
189_203,12.984403018527917,77.60506669340101,394,SCOOTER,BTP211 - Central Street Junction,0.8883248730964467,0.7238578680203045,0.7890862944162436,258.8508,292,Shivajinagar,2.231553220528992,2.6153846153846154,87.0305756006307,0,Late Night (00-04),0.657,1.4661304658875478,26.0,76
189_204,12.983780033333334,77.60645142592593,27,SCOOTER,BTP051 - Safina Plaza Junction,0.7037037037037037,0.8407407407407407,0.7259259259259259,20.55,26,Shivajinagar,0.26250464143108826,0.02564102564102564,10.23768101581244,3,Afternoon (12-16),0.761,0.19976603212905816,5.3,76
189_205,12.983775670560748,77.60847452429907,214,SCOOTER,No Junction,0.102803738317757,0.7,0.6186915887850467,134.8116,159,Shivajinagar,1.4011237937466934,1.4102564102564104,54.643827956121044,2,Morning Peak (08-12),0.63,0.8827079900604168,18.2,76
189_206,12.983654675,77.6093108703125,64,SCOOTER,No Junction,0.0,0.6953125,0.60625,35.706,50,Shivajinagar,0.48931472483320093,0.358974358974359,19.083274268494836,2,Morning Peak (08-12),0.558,0.27303761645692615,7.0,76
189_209,12.984123579999999,77.61410773333334,30,PASSENGER AUTO,No Junction,0.0,0.6366666666666666,0.9600000000000001,18.456,15,Pulikeshinagar(F.Town),0.11381410929565784,0.38461538461538464,4.438750262530656,1,Early Morning (04-08),0.615,0.06999567721682957,2.0,276
189_227,12.984024545417743,77.64071238052811,32,CAR,No Junction,0.0,0.7374999999999999,0.83125,13.962,2,Jeevanbheemanagar,0.029442602065978703,0.7692307692307693,1.1482614805731695,2,Morning Peak (08-12),0.436,0.012836974500766714,0.4,277
189_272,12.984101999999998,77.70853850357142,28,CAR,No Junction,0.0,0.7321428571428571,1.0142857142857142,19.366,18,Mahadevapura,0.14244157051929504,0.2564102564102564,5.555221250252506,1,Early Morning (04-08),0.692,0.09856956679935217,2.7,278
190_119,12.98550992917839,77.47951004217391,23,CAR,No Junction,0.0,0.6782608695652174,0.8956521739130435,18.104,10,Kamakshipalya,0.09882775333455594,0.3333333333333333,3.854282380047682,3,Afternoon (12-16),0.787,0.07777744187429553,2.2,279
190_158,12.98608123521078,77.53724467508611,60,CAR,BTP208 - Havanur Circle,1.0,0.7016666666666665,0.8533333333333334,67.9692,43,Kamakshipalya,0.439826689258481,0.4358974358974359,17.15324088108076,2,Morning Peak (08-12),1.133,0.498323638929859,11.7,80
190_166,12.985949610951971,77.54932708169491,59,CAR,"BTP024 - NPS, Vijayanagar",1.0,0.6915254237288135,0.8728813559322034,45.045,39,Vijayanagara,0.3197299301426069,0.5128205128205128,12.469467275561671,2,Morning Peak (08-12),0.763,0.24395393669880908,6.3,74
190_167,12.986042156000002,77.551339404,25,CAR,BTP018 - Dhobi Ghat Junction,1.0,0.648,0.9359999999999999,18.3092,21,Rajajinagar,0.18959209583268377,0.10256410256410256,7.394091737474669,1,Early Morning (04-08),0.732,0.13878141414952452,3.7,74
190_168,12.985445141,77.55296292833334,300,SCOOTER,BTP061 - Bhashyam Circle,1.0,0.6343333333333333,0.6933333333333334,189.9976,252,Rajajinagar,2.124071751803571,1.2307692307692308,82.83879832033927,1,Early Morning (04-08),0.633,1.3445374188916606,24.6,74
190_169,12.985655111167512,77.5542011,197,CAR,BTP061 - Bhashyam Circle,1.0,0.6507614213197969,0.8390862944162437,172.3943,130,Rajajinagar,1.0579380005520347,1.7179487179487178,41.259582021529354,2,Morning Peak (08-12),0.875,0.9256957504830303,18.9,74
190_170,12.985713981159419,77.55591971014493,207,CAR,BTP061 - Bhashyam Circle,1.0,0.6608695652173913,0.9439613526570049,180.3594,147,Rajajinagar,1.368884471701452,1.5384615384615385,53.386494396356625,2,Morning Peak (08-12),0.871,1.1922983748519649,22.6,74
190_173,12.985565583050848,77.56010227966102,59,CAR,BTP010 - Rajajinagar Entrance,1.0,0.676271186440678,0.7491525423728814,53.3364,56,Rajajinagar,0.39300159982429406,0.07692307692307693,15.327062393147466,2,Morning Peak (08-12),0.904,0.35527344624116186,8.8,77
190_181,12.985365272727273,77.57245958181818,22,CAR,No Junction,0.0,0.6454545454545454,0.9545454545454546,14.719999999999999,13,Sheshadripuram,0.12292715413151381,0.23076923076923078,4.794159011129039,2,Morning Peak (08-12),0.669,0.08223826611398274,2.3,78
190_183,12.98570635378788,77.57462701060606,132,CAR,No Junction,0.022727272727272728,0.6371212121212121,0.9424242424242425,75.892,100,Sheshadripuram,0.8778413054340931,0.8205128205128205,34.235810911929626,0,Late Night (00-04),0.575,0.5047587506246035,11.8,78
190_187,12.986127742307692,77.5808098076923,26,CAR,BTP054 - Shivananda Circle,1.0,0.6615384615384615,0.9230769230769231,26.7852,20,High ground,0.15281238689836346,0.15384615384615385,5.959683089036176,2,Morning Peak (08-12),1.03,0.15739675850531437,4.2,78
190_192,12.9857812121004,77.58861755270269,37,CAR,"BTP033 - Sophia High School, Sankey Road",1.0,0.681081081081081,0.8810810810810811,28.626,34,High ground,0.2568522853526537,0.07692307692307693,10.017239128753493,1,Early Morning (04-08),0.774,0.19880366886295397,5.2,280
190_195,12.9854917,77.5937691,37,CAR,BTP166 - Coffee Board Junction,1.0,0.6216216216216216,1.0216216216216216,30.7008,14,Cubbon Park,0.12761936375721303,0.5897435897435898,4.977155186531308,1,Early Morning (04-08),0.83,0.10592407191848681,2.9,281
190_196,12.985397724193549,77.59432454193548,62,CAR,BTP166 - Coffee Board Junction,1.0,0.6274193548387097,0.864516129032258,39.5694,49,Cubbon Park,0.4373840291633815,0.3333333333333333,17.05797713737188,1,Early Morning (04-08),0.638,0.2790510106062374,7.1,282
190_203,12.985601642593965,77.60533971842105,190,SCOOTER,No Junction,0.0,0.671578947368421,0.8057894736842105,111.646,127,Shivajinagar,1.298838536184697,1.6153846153846154,50.65470291120319,2,Morning Peak (08-12),0.588,0.7637170592766018,16.4,76
190_204,12.985321533333334,77.60701860222223,45,SCOOTER,No Junction,0.0,0.6955555555555555,0.72,31.343999999999998,24,Shivajinagar,0.2542367752137329,0.5384615384615384,9.91523423333558,2,Morning Peak (08-12),0.697,0.1772030323239718,4.7,76
190_272,12.985501883333333,77.70827799666667,30,CAR,No Junction,0.0,0.8,1.0433333333333334,35.995999999999995,14,Mahadevapura,0.09092798354412622,0.41025641025641024,3.5461913582209226,2,Morning Peak (08-12),1.2,0.10911358025295147,3.0,283
190_289,12.98600753962264,77.73377238113208,53,SCOOTER,No Junction,0.0,0.6037735849056604,0.6075471698113206,24.156000000000002,14,Whitefield,0.13515686511448594,1.0,5.271117739464952,1,Early Morning (04-08),0.456,0.061631530492205586,1.7,79
190_296,12.985567868421052,77.74524711052631,38,SCOOTER,No Junction,0.0,0.9921052631578948,0.6,33.93,11,Whitefield,0.12417485294501625,0.6923076923076923,4.842819264855634,2,Morning Peak (08-12),0.893,0.1108881436798995,3.0,284
190_297,12.985389867164178,77.74589471343285,67,SCOOTER,No Junction,0.0,0.9820895522388059,0.6,52.836,54,Whitefield,0.49267413839506846,0.3333333333333333,19.214291397407667,2,Morning Peak (08-12),0.789,0.38871989519370903,9.5,285
191_146,12.987009719675745,77.51930309365594,175,SCOOTER,No Junction,0.0,0.6131428571428571,0.6251428571428571,78.668,143,Kamakshipalya,1.3276596835687184,0.8205128205128205,51.77872765918002,2,Morning Peak (08-12),0.45,0.5974468576059233,13.5,286
191_158,12.987576433766234,77.53755187402598,308,CAR,BTP208 - Havanur Circle,1.0,0.7204545454545453,0.8324675324675324,290.8828,198,Kamakshipalya,1.8424621709235096,2.8205128205128207,71.85602466601688,2,Morning Peak (08-12),0.944,1.739284289351793,29.1,80
191_166,12.98740883137255,77.5497378875817,153,CAR,BTP018 - Dhobi Ghat Junction,1.0,0.7333333333333333,0.8777777777777779,153.2583,119,Vijayanagara,1.0442900701339437,0.8717948717948718,40.727312735223805,2,Morning Peak (08-12),1.002,1.0463786502742116,20.6,74
191_167,12.987424360714286,77.55117832142857,28,CAR,BTP018 - Dhobi Ghat Junction,1.0,0.6714285714285714,0.9642857142857143,23.2401,17,Rajajinagar,0.1569573089373136,0.28205128205128205,6.121335048555231,1,Early Morning (04-08),0.83,0.13027456641797028,3.5,74
191_168,12.98749578,77.55228255,20,CAR,"BTP210 - 50th cross, 12th Main , Rajajinagar",1.0,0.6699999999999999,0.8800000000000001,12.7712,15,Rajajinagar,0.1459260365357489,0.1282051282051282,5.691115424894206,0,Late Night (00-04),0.639,0.09324673734634355,2.6,74
191_169,12.987239322807017,77.55445161578947,57,CAR,"BTP210 - 50th cross, 12th Main , Rajajinagar",1.0,0.6473684210526316,0.9052631578947369,44.915,40,Rajajinagar,0.3443967039848225,0.4358974358974359,13.43147145540808,2,Morning Peak (08-12),0.788,0.27138460274004017,6.9,74
191_170,12.987138765648856,77.5557661038168,131,CAR,"BTP210 - 50th cross, 12th Main , Rajajinagar",1.0,0.6618320610687022,0.899236641221374,93.81320000000001,92,Rajajinagar,0.797403124251583,1.0,31.098721845811735,1,Early Morning (04-08),0.716,0.5709406369641334,13.0,74
191_173,12.987202302631578,77.55992886052631,38,CAR,"BTP015 - Suguna Hospital, Dr. Rajkumar Road",1.0,0.6921052631578947,0.9263157894736843,40.419599999999996,38,Rajajinagar,0.28171037784532255,0.0,10.98670473596758,2,Morning Peak (08-12),1.064,0.2997398420274232,7.6,77
191_178,12.987244645454545,77.56788844545454,22,PASSENGER AUTO,No Junction,0.0,0.6318181818181817,0.8272727272727273,16.406,21,Sheshadripuram,0.16275873348072503,0.02564102564102564,6.347590605748277,2,Morning Peak (08-12),0.746,0.12141801517662087,3.3,287
191_182,12.987149278672987,77.57434578767771,211,CAR,No Junction,0.0,0.624170616113744,1.004739336492891,128.448,171,Sheshadripuram,1.4951972444541022,1.0256410256410255,58.312692533709985,0,Late Night (00-04),0.609,0.9105751218725482,18.7,78
191_183,12.986961492592593,77.57463251481482,27,CAR,No Junction,0.1111111111111111,0.6037037037037037,0.9777777777777777,17.328,21,Sheshadripuram,0.1986448982784003,0.15384615384615385,7.747151032857611,1,Early Morning (04-08),0.642,0.12753002469473299,3.5,78
191_185,12.987430861904762,77.57847857619048,21,SCOOTER,BTP054 - Shivananda Circle,1.0,0.6190476190476191,0.7333333333333334,18.2988,20,High ground,0.22378704973090094,0.02564102564102564,8.727694939505136,2,Morning Peak (08-12),0.871,0.1949185203156147,5.1,78
191_186,12.987223770857142,77.58020901428571,175,CAR,BTP054 - Shivananda Circle,1.0,0.6217142857142857,0.9725714285714285,162.3726,138,High ground,1.1006065197984105,0.9487179487179487,42.923654272138,2,Morning Peak (08-12),0.928,1.021362850372925,20.3,78
191_187,12.986806849999999,77.580601415,20,CAR,BTP054 - Shivananda Circle,1.0,0.675,1.0,20.017400000000002,17,High ground,0.1509135111293551,0.07692307692307693,5.885626934044849,1,Early Morning (04-08),1.001,0.15106442464048445,4.1,78
191_188,12.987426755000001,77.582575695,20,CAR,BTP054 - Shivananda Circle,1.0,0.63,1.03,22.5212,20,High ground,0.13175492777988573,0.0,5.138442183415544,2,Morning Peak (08-12),1.126,0.14835604868015131,4.0,78
191_194,12.987560799999999,77.59121139166666,24,CAR,BTP034 - LRDE Junction,1.0,0.725,0.8166666666666668,17.2224,14,Cubbon Park,0.09628017583884975,0.2564102564102564,3.75492685771514,0,Late Night (00-04),0.718,0.06912916625229412,1.9,82
191_199,12.98755789,77.598558235,20,MOTOR CYCLE,BTP171 - Indian Express (Balekundri),1.0,0.695,0.73,14.82,20,Shivajinagar,0.22832914356133643,0.0,8.90483659889212,3,Afternoon (12-16),0.741,0.1691918953789503,4.5,76
191_201,12.987506846153847,77.6019628923077,26,SCOOTER,No Junction,0.0,0.6807692307692308,0.6807692307692308,11.076,22,Shivajinagar,0.13467137961353431,0.10256410256410256,5.252183804927838,1,Early Morning (04-08),0.426,0.057370007715365615,1.6,76
191_202,12.987250325962636,77.60402299994908,34,PASSENGER AUTO,No Junction,0.0,0.6588235294117647,0.8999999999999999,18.848,24,Shivajinagar,0.23121665623464624,0.2564102564102564,9.017449593151204,3,Afternoon (12-16),0.554,0.12809402755399402,3.5,76
191_205,12.9869434,77.60851832333333,30,SCOOTER,No Junction,0.0,0.65,0.6266666666666667,10.214,1,Pulikeshinagar(F.Town),0.010037648157232558,0.7435897435897436,0.3914682781320698,3,Afternoon (12-16),0.34,0.00341280037345907,0.1,76
191_212,12.987302722563951,77.61879565548979,110,CAR,No Junction,0.0,0.6445454545454544,0.7890909090909091,72.544,76,Pulikeshinagar(F.Town),0.6653993978180316,0.8717948717948718,25.950576514903233,2,Morning Peak (08-12),0.659,0.4384982031620828,10.5,81
191_213,12.987159815151514,77.61962593030303,33,SCOOTER,No Junction,0.0,0.6454545454545454,0.8242424242424242,20.892,28,Pulikeshinagar(F.Town),0.21782074131859047,0.1282051282051282,8.495008911425026,2,Morning Peak (08-12),0.633,0.13788052925466776,3.7,81
191_289,12.987700233865816,77.73436455463259,313,MOTOR CYCLE,No Junction,0.0,0.7958466453674121,0.6261980830670927,163.38400000000001,242,Mahadevapura,2.2724574298413307,1.8205128205128205,88.62583976381188,2,Morning Peak (08-12),0.522,1.1862227783771746,22.6,79
191_290,12.987234515555555,77.73543437703704,135,MOTOR CYCLE,No Junction,0.0,0.7785185185185185,0.6222222222222222,64.581,134,Whitefield,0.903600574489848,0.02564102564102564,35.24042240510408,1,Early Morning (04-08),0.478,0.4319210746061473,10.4,79
192_133,12.989281027999999,77.50054484571429,175,SCOOTER,No Junction,0.0,0.6314285714285715,0.616,87.054,101,Kamakshipalya,1.029753354039231,1.8974358974358974,40.16038080753001,2,Morning Peak (08-12),0.497,0.5117874169574977,11.9,288
192_138,12.989109963768115,77.50781415797101,69,CAR,No Junction,0.0,0.6550724637681159,0.8057971014492754,40.982,58,Kamakshipalya,0.5082536637496184,0.28205128205128205,19.82189288623512,1,Early Morning (04-08),0.594,0.30190267626727335,7.6,289
192_158,12.988585008055926,77.53758417903025,229,CAR,BTP208 - Havanur Circle,1.0,0.722707423580786,0.7895196506550218,203.0314,141,Vijayanagara,1.4235065555663162,2.2564102564102564,55.51675566708633,2,Morning Peak (08-12),0.887,1.2626503147873225,23.5,80
192_166,12.988952678048781,77.55020130975609,123,CAR,"BTP170 - Dr. Bheem Rao Palace, Chord Road",1.0,0.7528455284552845,0.9349593495934959,136.2452,100,Vijayanagara,0.8401511931487178,0.5897435897435898,32.76589653279999,2,Morning Peak (08-12),1.108,0.9308875220087793,19.0,74
192_168,12.989068733783785,77.55249424594595,74,CAR,"BTP204 - ESI Hospital, Rajajinagar",1.0,0.7,1.0621621621621622,48.211800000000004,51,Rajajinagar,0.5185166955210517,0.5897435897435898,20.222151125321016,0,Late Night (00-04),0.652,0.33807288547972575,8.4,74
192_170,12.988552231707317,77.55595732682926,41,CAR,"BTP210 - 50th cross, 12th Main , Rajajinagar",1.0,0.6585365853658537,0.8780487804878049,31.2962,31,Rajajinagar,0.299290235431517,0.2564102564102564,11.672319181829163,1,Early Morning (04-08),0.763,0.22835844963424748,5.9,74
192_172,12.988656661764706,77.55892982352941,34,CAR,"BTP015 - Suguna Hospital, Dr. Rajkumar Road",1.0,0.6529411764705882,1.0058823529411764,22.8852,28,Rajajinagar,0.26827674862917317,0.15384615384615385,10.462793196537753,0,Late Night (00-04),0.673,0.18055025182743356,4.8,77
192_181,12.988437277922078,77.57227671298702,77,SCOOTER,No Junction,0.0,0.661038961038961,0.638961038961039,28.774,54,Sheshadripuram,0.3722078325087722,0.5897435897435898,14.516105467842117,0,Late Night (00-04),0.374,0.1392057293582808,3.8,78
192_182,12.989094297468354,77.57379812784811,79,CAR,No Junction,0.0,0.6354430379746835,0.8784810126582279,50.954,55,Sheshadripuram,0.4741895777315224,0.6153846153846154,18.493393531529374,1,Early Morning (04-08),0.645,0.305852277636832,7.7,78
192_183,12.988879255102042,77.57529910612246,49,CAR,No Junction,0.1836734693877551,0.610204081632653,0.8285714285714286,34.553399999999996,31,Sheshadripuram,0.23608824409289547,0.46153846153846156,9.207441519622924,2,Morning Peak (08-12),0.705,0.1664422120854913,4.4,78
192_184,12.988238957575756,77.5770344979798,99,CAR,BTP054 - Shivananda Circle,1.0,0.6949494949494949,0.8696969696969696,93.6091,80,Sheshadripuram,0.6940524840831837,0.48717948717948717,27.068046879244164,2,Morning Peak (08-12),0.946,0.6565736499426917,14.6,78
192_194,12.988648090941824,77.59202517295631,131,CAR,BTP034 - LRDE Junction,1.0,0.6580152671755725,0.8244274809160306,107.8298,97,High ground,0.8463686744304985,0.8717948717948718,33.00837830278944,2,Morning Peak (08-12),0.823,0.6965614190563002,15.2,82
192_195,12.989284167236843,77.59280384828946,76,CAR,No Junction,0.32894736842105265,0.6223684210526316,0.9078947368421053,53.7018,64,High ground,0.5445880310950861,0.3076923076923077,21.23893321270836,1,Early Morning (04-08),0.707,0.3850237379842259,9.4,82
192_198,12.988659864285715,77.59838215476191,42,CAR,No Junction,0.0,0.6952380952380952,0.9714285714285713,25.062,42,High ground,0.21559755386755128,0.0,8.4083046008345,1,Early Morning (04-08),0.597,0.1287117396589281,3.5,76
192_199,12.98889894986595,77.59896246032172,373,CAR,No Junction,0.03485254691689008,0.6769436997319035,0.8680965147453084,241.091,297,Shivajinagar,2.323081837432451,1.9487179487179487,90.60019165986557,1,Early Morning (04-08),0.646,1.5007108669813634,26.4,76
192_201,12.988932181632654,77.60243042857144,49,PASSENGER AUTO,No Junction,0.0,0.6591836734693877,0.8857142857142857,26.972,34,Shivajinagar,0.3144306918308037,0.38461538461538464,12.262796981401346,3,Afternoon (12-16),0.55,0.17293688050694203,4.6,76
192_205,12.988803449999999,77.60888001944444,36,SCOOTER,No Junction,0.0,0.6277777777777778,0.8,18.12,18,Pulikeshinagar(F.Town),0.12660010024048662,0.46153846153846156,4.937403909378978,1,Early Morning (04-08),0.503,0.06367985042096477,1.8,76
192_211,12.988339696875,77.617528228125,32,CAR,No Junction,0.0,0.6,0.8875,19.343999999999998,16,Pulikeshinagar(F.Town),0.17330191108142315,0.41025641025641024,6.758774532175502,2,Morning Peak (08-12),0.604,0.10467435429317958,2.9,81
192_274,12.989090998266484,77.71183503500085,25,CAR,No Junction,0.0,0.7120000000000001,0.976,23.13,25,Mahadevapura,0.20547635616538876,0.0,8.013577890450161,1,Early Morning (04-08),0.925,0.1900656294529846,5.0,290
192_289,12.988053392647059,77.7339986,68,SCOOTER,No Junction,0.0,0.7205882352941176,0.6058823529411764,30.162,12,Mahadevapura,0.17076428070390826,1.435897435897436,6.659806947452422,2,Morning Peak (08-12),0.444,0.07581934063253527,2.1,79
193_135,12.99010622070082,77.50321033731343,67,SCOOTER,No Junction,0.0,0.673134328358209,0.8238805970149254,43.88,44,Kamakshipalya,0.4321260343188798,0.5897435897435898,16.85291533843631,2,Morning Peak (08-12),0.655,0.2830425524788663,7.2,291
193_136,12.990221340909091,77.50460535681817,44,PASSENGER AUTO,No Junction,0.0,0.6727272727272727,0.8818181818181817,29.398999999999997,20,Kamakshipalya,0.18416853218368828,0.6153846153846154,7.182572755163844,2,Morning Peak (08-12),0.668,0.12302457949870378,3.3,292
193_158,12.989754540404041,77.53790299090909,99,CAR,BTP208 - Havanur Circle,1.0,0.698989898989899,0.7878787878787878,85.475,61,Vijayanagara,0.4968722197302169,0.9743589743589743,19.378016569478458,2,Morning Peak (08-12),0.863,0.4288007256271772,10.3,80
193_166,12.989793457407407,77.55040785370372,54,CAR,"BTP170 - Dr. Bheem Rao Palace, Chord Road",1.0,0.774074074074074,1.0444444444444445,60.333,44,Vijayanagara,0.4230829942477771,0.2564102564102564,16.500236775663307,0,Late Night (00-04),1.117,0.47258370457476706,11.2,74
193_167,12.989926278179668,77.55068189253247,150,CAR,"BTP170 - Dr. Bheem Rao Palace, Chord Road",1.0,0.7766666666666666,1.0326666666666666,169.403,122,Rajajinagar,1.173927192754892,0.717948717948718,45.78316051744079,2,Morning Peak (08-12),1.129,1.325363800620273,24.3,74
193_168,12.990105716766466,77.5528373988024,167,CAR,"BTP204 - ESI Hospital, Rajajinagar",1.0,0.6982035928143713,1.0,115.60640000000001,96,Rajajinagar,0.9007354551349456,1.8205128205128205,35.128682750262875,0,Late Night (00-04),0.692,0.6233089349533822,14.0,74
193_169,12.989960568421052,77.55395154649122,114,PASSENGER AUTO,"BTP204 - ESI Hospital, Rajajinagar",1.0,0.6885964912280702,0.8543859649122806,78.7566,97,Rajajinagar,0.8891827773708686,0.4358974358974359,34.67812831746387,1,Early Morning (04-08),0.691,0.6144252991632702,13.8,74
193_170,12.989886014814815,77.55595202222221,81,SCOOTER,"BTP204 - ESI Hospital, Rajajinagar",1.0,0.682716049382716,0.7999999999999999,61.5862,21,Rajajinagar,0.16324497887994874,1.5384615384615385,6.366554176318001,2,Morning Peak (08-12),0.76,0.12406618394876104,3.4,74
193_171,12.990484727272728,77.55710720909092,22,CAR,BTP006 - Navarang Bar Junction,1.0,0.6909090909090909,1.059090909090909,17.2692,10,Rajajinagar,0.10907054855809384,0.3076923076923077,4.2537513937656595,0,Late Night (00-04),0.785,0.08562038061810366,2.4,74
193_181,12.990248319850188,77.57231455430711,267,SCOOTER,No Junction,0.0,0.6187265917602995,0.7565543071161048,162.772,144,Sheshadripuram,1.4163082459026926,3.1538461538461537,55.23602159020501,2,Morning Peak (08-12),0.61,0.8639480300006425,18.0,78
193_182,12.989794199999999,77.57385536725145,171,SCOOTER,No Junction,0.0,0.6222222222222221,0.7941520467836256,102.456,107,Sheshadripuram,1.026146950420451,1.641025641025641,40.01973106639759,2,Morning Peak (08-12),0.599,0.6146620233018502,13.8,78
193_183,12.990728528767123,77.57467313835616,73,CAR,No Junction,0.0,0.6342465753424658,0.9013698630136986,47.058,55,Sheshadripuram,0.4073683256280337,0.46153846153846156,15.887364699493315,2,Morning Peak (08-12),0.645,0.26275257003008173,6.7,78
193_192,12.990622984210527,77.5885630868421,38,SCOOTER,"BTP033 - Sophia High School, Sankey Road",1.0,0.7,0.6894736842105263,24.2424,36,High ground,0.3006241078350032,0.05128205128205128,11.724340205565126,1,Early Morning (04-08),0.638,0.19179818079873204,5.1,83
193_199,12.990153247023809,77.59947298988095,168,SCOOTER,No Junction,0.0,0.6928571428571428,0.7380952380952381,93.407,136,Shivajinagar,1.1135630284118234,0.8205128205128205,43.42895810806112,1,Early Morning (04-08),0.556,0.6191410437969739,13.9,76
193_200,12.990548811392406,77.60082809746835,79,LGV,No Junction,0.0,0.6139240506329114,1.0531645569620254,37.512,41,Shivajinagar,0.36986445314121996,0.9743589743589743,14.424713672507579,0,Late Night (00-04),0.475,0.17568561524207948,4.7,76
193_201,12.989761071428573,77.60192124835166,91,PASSENGER AUTO,No Junction,0.0,0.6373626373626373,0.9252747252747253,43.716,38,Shivajinagar,0.3370731213279696,1.358974358974359,13.145851731790815,0,Late Night (00-04),0.48,0.1617950982374254,4.3,76
193_202,12.990135515384615,77.60376898846154,26,CAR,No Junction,0.0,0.6576923076923076,0.8923076923076922,17.874,16,Shivajinagar,0.19785921478856897,0.2564102564102564,7.716509376754189,2,Morning Peak (08-12),0.687,0.1359292805597469,3.7,76
193_206,12.990159940000002,77.609171755,20,SCOOTER,No Junction,0.0,0.705,0.72,11.682,16,Pulikeshinagar(F.Town),0.1363577480170282,0.10256410256410256,5.3179521726641,3,Afternoon (12-16),0.584,0.07963292484194447,2.2,76
193_208,12.99045487,77.612307414,50,CAR,No Junction,0.0,0.602,0.992,38.958,24,Pulikeshinagar(F.Town),0.19616045791309974,0.6666666666666666,7.650257858610891,2,Morning Peak (08-12),0.779,0.1528089967143047,4.1,293
194_158,12.991596679797981,77.53825681818182,99,SCOOTER,BTP207 - 8th Main Road Basaveshwara Nagar,1.0,0.7141414141414142,0.7191919191919193,82.849,51,Vijayanagara,0.2808871294275657,1.2307692307692308,10.954598047675061,2,Morning Peak (08-12),0.837,0.2351025273308725,6.1,80
194_159,12.99207852121212,77.53859265151516,33,CAR,BTP207 - 8th Main Road Basaveshwara Nagar,1.0,0.7060606060606059,0.8666666666666667,26.7774,21,Vijayanagara,0.11503891575360652,0.3076923076923077,4.486517714390653,0,Late Night (00-04),0.811,0.0932965606761749,2.6,80
194_168,12.991874152272727,77.55262799090909,176,MAXI-CAB,"BTP170 - Dr. Bheem Rao Palace, Chord Road",1.0,0.7,1.1079545454545454,124.7792,118,Rajajinagar,1.1679358000103066,1.4871794871794872,45.54949620040196,0,Late Night (00-04),0.709,0.8280664822073074,17.4,74
194_169,12.99198946190476,77.55451094761905,42,CAR,"BTP204 - ESI Hospital, Rajajinagar",1.0,0.7,0.8476190476190476,28.6286,17,Rajajinagar,0.14954299000058022,0.6410256410256411,5.832176610022628,0,Late Night (00-04),0.682,0.10198831918039572,2.8,74
194_171,12.992200344827586,77.55720491379311,29,CAR,BTP009 - Prakash Nagar Junction,1.0,0.6827586206896551,0.8551724137931035,19.4402,25,Rajajinagar,0.21717740510972924,0.10256410256410256,8.469918799279439,0,Late Night (00-04),0.67,0.1455088614235186,3.9,74
194_180,12.991671058461538,77.57140731692309,65,CAR,No Junction,0.0,0.6553846153846155,0.9046153846153846,49.372,34,Malleshwaram,0.3343215456979733,0.7948717948717948,13.038540282220959,2,Morning Peak (08-12),0.76,0.2540843747304597,6.5,78
194_181,12.99130006060606,77.57185023434343,99,SCOOTER,No Junction,0.0,0.6171717171717171,0.795959595959596,64.068,55,Sheshadripuram,0.6166044932355897,1.1282051282051282,24.047575236188,2,Morning Peak (08-12),0.647,0.39894310712342657,9.7,78
194_183,12.991620524999998,77.57492465,40,CAR,No Junction,0.0,0.65,0.915,27.759999999999998,25,Sheshadripuram,0.23429669290636546,0.38461538461538464,9.137571023348253,2,Morning Peak (08-12),0.694,0.16260190487701762,4.3,78
194_192,12.991515361087297,77.58855522139672,1150,SCOOTER,BTP032 - Windsor Circle,0.9878260869565217,0.7001739130434782,0.6134782608695653,595.9236,1122,High ground,4.345136218325956,0.717948717948718,169.46031251471226,1,Early Morning (04-08),0.518,2.2507805610928453,34.0,83
194_193,12.99192854362416,77.59005009731544,149,SCOOTER,No Junction,0.0,0.6335570469798657,0.6,49.284,149,High ground,1.200834641960809,0.0,46.83255103647154,1,Early Morning (04-08),0.331,0.3974762664890278,9.6,83
194_196,12.991883843076923,77.5944244676923,65,SCOOTER,No Junction,0.0,0.6246153846153847,0.7569230769230769,34.7,35,High ground,0.36615133569903163,0.7692307692307693,14.279902092262233,3,Afternoon (12-16),0.534,0.19552481326328291,5.1,294
194_200,12.991295742307692,77.60030041923076,26,CAR,No Junction,0.0,0.6,1.0615384615384615,11.16,16,Shivajinagar,0.17397973095742655,0.2564102564102564,6.785209507339634,0,Late Night (00-04),0.429,0.07463730458073599,2.1,76
194_203,12.991677673913044,77.6049221,23,CAR,No Junction,0.0,0.6956521739130435,1.0608695652173912,18.798,19,Pulikeshinagar(F.Town),0.1619106285603096,0.10256410256410256,6.314514513852075,0,Late Night (00-04),0.817,0.13228098353377293,3.6,76
194_234,12.991532116216217,77.65196884189189,74,SCOOTER,No Junction,0.0,0.9945945945945945,0.6621621621621622,43.812000000000005,73,Banaswadi,0.8160705189482146,0.02564102564102564,31.826750238980367,1,Early Morning (04-08),0.592,0.483113747217343,11.4,295
194_235,12.991734269090909,77.65300899818182,55,CAR,No Junction,0.0,0.9945454545454546,0.9854545454545455,48.618,55,Banaswadi,0.34297460927878615,0.0,13.376009761872657,1,Early Morning (04-08),0.884,0.30318955460244695,7.6,296
194_239,12.992088904347826,77.65939384782608,23,CAR,No Junction,0.0,0.6,1.008695652173913,16.668,19,Banaswadi,0.21515567095142601,0.10256410256410256,8.391071167105615,2,Morning Peak (08-12),0.725,0.15598786143978385,4.2,85
195_159,12.99301143142857,77.53892865714285,35,CAR,BTP207 - 8th Main Road Basaveshwara Nagar,1.0,0.6828571428571428,0.9428571428571428,34.2654,25,Vijayanagara,0.18765778801221877,0.2564102564102564,7.318653732476531,0,Late Night (00-04),0.979,0.18371697446396218,4.9,80
195_168,12.993067459045227,77.55279103517589,398,CAR,"BTP011 - RR Kalyana Mantapa, Dr. Rajkumar Road",1.0,0.6969849246231156,1.0603015075376885,274.209,262,Rajajinagar,2.5250162234829463,3.4871794871794872,98.47563271583492,0,Late Night (00-04),0.689,1.7397361779797498,29.1,74
195_169,12.993112450392848,77.5541934474193,324,CAR,"BTP011 - RR Kalyana Mantapa, Dr. Rajkumar Road",1.0,0.6938271604938271,0.9969135802469136,201.04760000000002,216,Rajajinagar,2.011054957200396,2.769230769230769,78.43114333081543,0,Late Night (00-04),0.621,1.2488651284214458,23.4,74
195_171,12.99257490263158,77.55754951052631,38,PASSENGER AUTO,BTP009 - Prakash Nagar Junction,1.0,0.7,0.8842105263157896,30.2666,37,Rajajinagar,0.2697121330328366,0.02564102564102564,10.518773188280628,0,Late Night (00-04),0.796,0.21469085789413794,5.6,74
195_172,12.992684826373626,77.55850351978022,91,SCOOTER,BTP009 - Prakash Nagar Junction,1.0,0.6956043956043956,0.6637362637362637,60.5774,91,Rajajinagar,0.5879572733578422,0.0,22.930333660955846,2,Morning Peak (08-12),0.666,0.39157954405632295,9.5,74
195_178,12.993453820833333,77.5679827625,24,CAR,No Junction,0.0,0.6541666666666667,0.9583333333333334,19.23,23,Sheshadripuram,0.21023099196919057,0.02564102564102564,8.199008686798432,2,Morning Peak (08-12),0.801,0.16839502456732167,4.5,297
195_180,12.993568049579832,77.57126880840337,119,CAR,No Junction,0.0,0.6478991596638655,0.873109243697479,85.387,102,Malleshwaram,0.9166344148882778,0.4358974358974359,35.748742180642836,2,Morning Peak (08-12),0.718,0.6581435098897834,14.6,78
195_181,12.993255930851063,77.57212167659574,94,CAR,No Junction,0.0,0.6308510638297872,0.8680851063829786,62.784,70,Sheshadripuram,0.6082923564525452,0.6153846153846154,23.723401901649265,2,Morning Peak (08-12),0.668,0.40633929411030023,9.8,78
195_182,12.993412081132076,77.57395558490566,53,SCOOTER,No Junction,0.0,0.6056603773584905,0.7132075471698113,22.288,30,Sheshadripuram,0.17182634410086886,0.5897435897435898,6.701227419933884,2,Morning Peak (08-12),0.421,0.07233889086646579,2.0,78
195_192,12.993464797215838,77.58906723764693,550,SCOOTER,BTP032 - Windsor Circle,1.0,0.6596363636363636,0.6854545454545454,279.474,456,High ground,2.880054257039069,2.41025641025641,112.3221160245237,1,Early Morning (04-08),0.508,1.4630675625758471,26.0,83
195_197,12.993275619047619,77.59585631904763,21,CAR,No Junction,0.0,0.6809523809523809,0.8952380952380953,14.021999999999998,13,High ground,0.10424097871172269,0.20512820512820512,4.065398169757186,1,Early Morning (04-08),0.668,0.06963297377943076,1.9,298
195_204,12.993323392592593,77.60701854074074,27,CAR,No Junction,0.0,0.7518518518518519,0.8962962962962963,16.366,22,Pulikeshinagar(F.Town),0.18147712471272642,0.1282051282051282,7.07760786379633,1,Early Morning (04-08),0.606,0.10997513757591221,3.0,84
195_205,12.993474760975609,77.60851307317073,41,CAR,No Junction,0.0,0.7121951219512195,0.8048780487804879,27.432,40,Pulikeshinagar(F.Town),0.3280487822799472,0.02564102564102564,12.793902508917942,2,Morning Peak (08-12),0.669,0.2194646353452847,5.7,84
195_206,12.993401243939394,77.60985477878788,66,CAR,No Junction,0.0,0.6696969696969697,0.8772727272727272,28.584,61,Pulikeshinagar(F.Town),0.5254558757364411,0.1282051282051282,20.4927791537212,0,Late Night (00-04),0.433,0.227522394193879,5.9,84
195_208,12.992840945454544,77.61222918636363,22,CAR,No Junction,0.0,0.609090909090909,0.9818181818181819,15.431999999999999,21,Pulikeshinagar(F.Town),0.19220965557202935,0.02564102564102564,7.496176567309145,2,Morning Peak (08-12),0.701,0.13473896855599257,3.6,299
195_240,12.99316675106383,77.66105471914894,47,CAR,No Junction,0.0,0.6,0.9617021276595745,32.22,37,Banaswadi,0.40671498662574523,0.2564102564102564,15.861884478404065,2,Morning Peak (08-12),0.686,0.27900648082526125,7.1,85
195_241,12.993388741292135,77.6620706758427,356,SCOOTER,No Junction,0.0,0.6092696629213482,0.7151685393258427,189.084,214,Banaswadi,2.317409121913253,3.641025641025641,90.37895575461688,2,Morning Peak (08-12),0.531,1.2305442437359373,23.1,85
195_242,12.993597274068355,77.66354704510793,146,SCOOTER,No Junction,0.0,0.660958904109589,0.6561643835616439,71.45400000000001,53,Banaswadi,0.507835701261139,2.3846153846153846,19.805592349184423,2,Morning Peak (08-12),0.489,0.24833165791669695,6.4,85
195_278,12.993671868,77.717363084,25,CAR,No Junction,0.0,0.78,0.88,15.026,13,Mahadevapura,0.10592764642395366,0.3076923076923077,4.131178210534193,1,Early Morning (04-08),0.601,0.06366251550079614,1.8,300
196_167,12.994984705128205,77.5516592017094,117,SCOOTER,"BTP182 - 19th Main Junction, Rajajinagar",1.0,0.6803418803418803,0.694017094017094,55.2552,44,Rajajinagar,0.36230314818497394,1.8717948717948718,14.129822779213985,0,Late Night (00-04),0.472,0.17100708594330769,4.6,74
196_168,12.994768282258065,77.55270549032258,62,CAR,"BTP011 - RR Kalyana Mantapa, Dr. Rajkumar Road",1.0,0.6887096774193547,1.0516129032258066,45.5676,31,Rajajinagar,0.28535280408235447,0.7948717948717948,11.128759359211822,2,Morning Peak (08-12),0.735,0.20973431100053053,5.5,74
196_169,12.99453989499803,77.55448855133874,146,CAR,"BTP011 - RR Kalyana Mantapa, Dr. Rajkumar Road",1.0,0.7027397260273972,0.9582191780821918,135.0908,104,Rajajinagar,0.866886117110651,1.0769230769230769,33.80855856731539,2,Morning Peak (08-12),0.925,0.8018696583273522,17.0,74
196_170,12.99471823001303,77.55526237290732,27,CAR,"BTP011 - RR Kalyana Mantapa, Dr. Rajkumar Road",1.0,0.7555555555555555,1.0407407407407407,25.829700000000003,24,Rajajinagar,0.18643975044372613,0.07692307692307693,7.271150267305319,0,Late Night (00-04),0.957,0.1784228411746459,4.7,74
196_180,12.994798995261846,77.57144353241895,401,CAR,No Junction,0.0,0.6396508728179551,0.8882793017456359,282.49,332,Malleshwaram,2.599233078782248,1.7692307692307692,101.3700900725077,2,Morning Peak (08-12),0.704,1.8298600874627027,30.0,78
196_181,12.994532923232322,77.57156304444445,99,CAR,No Junction,0.0,0.6373737373737374,0.8505050505050505,69.018,85,Malleshwaram,0.7202427488008775,0.358974358974359,28.08946720323422,2,Morning Peak (08-12),0.697,0.5020091959142116,11.7,78
196_192,12.994187238461539,77.58920061897436,390,SCOOTER,BTP032 - Windsor Circle,0.982051282051282,0.6323076923076923,0.6307692307692307,160.3998,345,High ground,2.4272373466836066,1.1538461538461537,94.66225652066065,0,Late Night (00-04),0.411,0.9975945494869622,19.9,83
196_193,12.994794472820512,77.58974945846154,195,SCOOTER,No Junction,0.005128205128205128,0.6964102564102563,0.6174358974358974,73.9236,185,High ground,1.24928005589146,0.2564102564102564,48.72192217976694,0,Late Night (00-04),0.379,0.4734771411828634,11.2,83
196_205,12.994882692592592,77.60840761481482,27,CAR,No Junction,0.0,0.6777777777777778,0.8814814814814815,12.57,24,Pulikeshinagar(F.Town),0.22518567674715756,0.07692307692307693,8.782241393139145,0,Late Night (00-04),0.466,0.10493652536417543,2.9,84
196_206,12.994595465625,77.60998034125001,160,CAR,No Junction,0.0,0.693125,0.884375,66.498,129,Pulikeshinagar(F.Town),1.0543902939966525,0.7948717948717948,41.121221465869446,0,Late Night (00-04),0.416,0.43862636230260743,10.5,84
196_207,12.99506213548387,77.61072116935483,62,CAR,No Junction,0.0,0.6919354838709677,0.8935483870967742,25.536,61,Pulikeshinagar(F.Town),0.5445259318451925,0.02564102564102564,21.23651134196251,0,Late Night (00-04),0.412,0.2243446839202193,5.8,84
196_209,12.995387176063831,77.61405422234043,188,SCOOTER,No Junction,0.0,0.6053191489361702,0.676595744680851,84.566,159,Pulikeshinagar(F.Town),1.4291803691910674,0.7435897435897436,55.73803439845163,3,Afternoon (12-16),0.45,0.6431311661359803,14.3,84
196_210,12.994609507058824,77.61559469647058,170,SCOOTER,No Junction,0.0,0.6129411764705882,0.7852941176470588,95.601,106,Pulikeshinagar(F.Town),0.9777018772783627,1.641025641025641,38.130373213856146,2,Morning Peak (08-12),0.562,0.5494684550304398,12.6,84
196_242,12.994096437168142,77.66327647433629,226,SCOOTER,No Junction,0.0,0.6920353982300884,0.61858407079646,111.702,107,Banaswadi,1.2227693405551625,3.051282051282051,47.68800428165134,3,Afternoon (12-16),0.494,0.6040480542342502,13.6,85
196_244,12.995299182723695,77.66668618329955,69,CAR,No Junction,0.0,0.9217391304347826,1.0028985507246377,59.032,51,Mahadevapura,0.5143645534393732,0.46153846153846156,20.06021758413555,1,Early Morning (04-08),0.856,0.4402960577441034,10.5,86
196_263,12.995084968642892,77.69552591255456,53,PASSENGER AUTO,No Junction,0.0,0.7377358490566038,0.9735849056603774,52.866,35,Mahadevapura,0.346847352101995,0.46153846153846156,13.527046731977805,2,Morning Peak (08-12),0.997,0.34580681004568903,8.6,87
196_264,12.995249811522033,77.69657150537832,469,PASSENGER AUTO,No Junction,0.0,0.7572494669509594,0.9810234541577826,476.291,329,Mahadevapura,2.867038815749264,3.58974358974359,111.8145138142213,2,Morning Peak (08-12),1.016,2.9129114368012523,39.3,87
196_265,12.994904222318576,77.6981840021755,121,CAR,No Junction,0.0,0.7347107438016528,0.9371900826446281,102.244,77,Mahadevapura,0.7400846152739988,1.1282051282051282,28.863299995685953,2,Morning Peak (08-12),0.845,0.625371499906529,14.0,87
197_167,12.996538936,77.55082172,50,CAR,BTP027 - Modi Bridge Junction,1.0,0.694,0.884,38.5138,26,Rajajinagar,0.23227287392016976,0.6153846153846154,9.05864208288662,1,Early Morning (04-08),0.77,0.17885011291853073,4.7,74
197_174,12.996783191304347,77.56170797391304,23,CAR,No Junction,0.0,0.6956521739130435,0.8956521739130434,15.065999999999999,16,Malleshwaram,0.1660647696606064,0.1794871794871795,6.476526016763651,1,Early Morning (04-08),0.655,0.10877242412769719,3.0,88
197_175,12.996319530242825,77.56315319933775,453,SCOOTER,No Junction,0.0,0.6441501103752759,0.6838852097130244,250.12800000000001,340,Sheshadripuram,2.8481149992194026,2.8974358974358974,111.0764849695567,2,Morning Peak (08-12),0.552,1.5721594795691103,27.2,88
197_178,12.996794736,77.56824089599999,25,CAR,No Junction,0.0,0.696,0.8639999999999999,17.208,13,Malleshwaram,0.10302020050516401,0.3076923076923077,4.017787819701397,2,Morning Peak (08-12),0.688,0.07087789794755284,2.0,78
197_179,12.996656549999999,77.56915312105264,38,CAR,No Junction,0.0,0.6710526315789473,0.8894736842105262,30.86,28,Malleshwaram,0.21632658844832336,0.2564102564102564,8.436736949484612,2,Morning Peak (08-12),0.812,0.17565718982003858,4.7,78
197_180,12.996196326041666,77.571303171875,288,CAR,No Junction,0.0,0.6607638888888888,0.8569444444444445,194.02599999999998,228,Malleshwaram,1.8932588816061486,1.5384615384615385,73.8370963826398,1,Early Morning (04-08),0.674,1.2760564862025443,23.7,78
197_181,12.996274812903225,77.5717010467742,62,SCOOTER,No Junction,0.0,0.6870967741935483,0.7935483870967742,34.568,56,Malleshwaram,0.47410052967570276,0.15384615384615385,18.489920657352407,1,Early Morning (04-08),0.558,0.2645480955590422,6.8,78
197_189,12.996392207583478,77.58447896447616,197,CAR,BTP032 - Windsor Circle,1.0,0.6517766497461929,0.9959390862944162,219.4582,143,Sheshadripuram,1.339962654598927,1.3846153846153846,52.25854352935815,2,Morning Peak (08-12),1.114,1.4927183972232048,26.3,89
197_207,12.996224308823528,77.61124254313725,102,SCOOTER,No Junction,0.0,0.6813725490196079,0.8156862745098039,40.296,94,Pulikeshinagar(F.Town),0.8301214420196084,0.20512820512820512,32.374736238764726,0,Late Night (00-04),0.395,0.3278979695977453,8.2,84
197_208,12.995954416071429,77.6132094875,168,SCOOTER,No Junction,0.0,0.6154761904761904,0.6994047619047619,72.102,144,Pulikeshinagar(F.Town),1.1775273305698295,0.6153846153846154,45.92356589222335,3,Afternoon (12-16),0.429,0.5051592248144569,11.8,84
197_209,12.995885750364964,77.61375544927007,274,SCOOTER,No Junction,0.0,0.6087591240875911,0.6598540145985401,111.854,212,Pulikeshinagar(F.Town),1.676786170176154,1.5897435897435896,65.39466063687,3,Afternoon (12-16),0.408,0.6841287574318707,15.0,84
197_211,12.9960881546875,77.6170176390625,64,CAR,No Junction,0.0,0.621875,0.940625,47.346,48,Pulikeshinagar(F.Town),0.3909482611571164,0.41025641025641024,15.246982185127537,2,Morning Peak (08-12),0.74,0.28930171325626614,7.3,84
197_244,12.995684017408701,77.66713033422943,33,CAR,No Junction,0.0,0.8363636363636364,1.1181818181818182,33.663,22,Mahadevapura,0.22429323621888883,0.28205128205128205,8.747436212536664,2,Morning Peak (08-12),1.02,0.22877910094326662,5.9,86
197_245,12.99614277778498,77.66837654564571,1059,SCOOTER,No Junction,0.0,0.8665722379603399,0.9065155807365439,937.462,630,Mahadevapura,7.578306226191164,11.0,295.5539428214554,2,Morning Peak (08-12),0.885,6.706801010179181,58.9,86
197_246,12.996606663719945,77.66933115213538,255,CAR,No Junction,0.0,0.9180392156862744,1.1301960784313725,259.116,192,Mahadevapura,1.9747530055743903,1.6153846153846154,77.01536721740122,0,Late Night (00-04),1.016,2.0063490536635804,31.7,86
197_261,12.996643778154791,77.69256649446744,48,CAR,No Junction,0.0,0.7041666666666666,0.9229166666666666,23.331,44,Mahadevapura,0.25365220302633373,0.10256410256410256,9.892435918027013,0,Late Night (00-04),0.486,0.12327497067079819,3.4,87
197_262,12.996084379482808,77.69393299576004,205,CAR,No Junction,0.0,0.728780487804878,0.8760975609756098,151.678,140,Mahadevapura,1.271646216133146,1.6666666666666667,49.5942024291927,2,Morning Peak (08-12),0.74,0.9410181999385281,19.1,87
197_263,12.99576984072958,77.69510447747395,265,PASSENGER AUTO,No Junction,0.0,0.8181132075471699,0.960754716981132,288.61199999999997,134,Mahadevapura,1.2234212954558585,3.358974358974359,47.71343052277848,2,Morning Peak (08-12),1.089,1.33230579075143,24.4,87
197_264,12.99561542684927,77.69615221888867,25,PASSENGER AUTO,No Junction,0.0,0.856,1.0,32.1,17,Mahadevapura,0.16836518250296112,0.20512820512820512,6.5662421176154835,2,Morning Peak (08-12),1.284,0.21618089433380208,5.6,87
198_160,12.998103951351352,77.54073218108108,111,SCOOTER,"BTP206 - Shankara Mutt Circle, Vijayanagar",1.0,0.6981981981981982,0.7063063063063062,90.87780000000001,84,Vijayanagara,0.8942695693615473,0.6923076923076923,34.876513205100345,2,Morning Peak (08-12),0.819,0.7324067773071072,15.8,74
198_161,12.998352588372093,77.54277902093023,43,CAR,"BTP206 - Shankara Mutt Circle, Vijayanagar",1.0,0.6837209302325581,0.8790697674418604,37.9756,35,Vijayanagara,0.27732125726355483,0.20512820512820512,10.815529033278638,2,Morning Peak (08-12),0.883,0.24487467016371892,6.3,74
198_162,12.997887023566879,77.54390787961783,157,CAR,BTP205 - Modi Hospital Junction,1.0,0.6878980891719745,0.9439490445859872,141.947,134,Vijayanagara,0.9877450846877673,0.5897435897435898,38.52205830282293,2,Morning Peak (08-12),0.904,0.8929215565577417,18.4,74
198_163,12.997502232342622,77.54504633969951,68,CAR,BTP205 - Modi Hospital Junction,1.0,0.6647058823529411,0.9147058823529413,54.8184,43,Vijayanagara,0.35356637655168954,0.6410256410256411,13.789088685515893,0,Late Night (00-04),0.806,0.2849744995006618,7.2,74
198_164,12.99742331728972,77.54674761495328,214,CAR,BTP205 - Modi Hospital Junction,1.0,0.7130841121495327,0.7990654205607477,186.91140000000001,159,Vijayanagara,1.429458828282389,1.4102564102564104,55.74889430301317,2,Morning Peak (08-12),0.873,1.2479175570905257,23.4,74
198_165,12.997498649161288,77.548216612,775,SCOOTER,BTP205 - Modi Hospital Junction,1.0,0.6869677419354838,0.7452903225806452,613.756,608,Vijayanagara,5.531307435513463,4.282051282051282,215.72098998502503,2,Morning Peak (08-12),0.792,4.380795488926663,48.5,74
198_166,12.997595178417907,77.54967865199683,795,SCOOTER,BTP027 - Modi Bridge Junction,1.0,0.7050314465408805,0.7553459119496856,661.1891,536,Vijayanagara,5.345836947545294,6.641025641025641,208.48764095426645,2,Morning Peak (08-12),0.832,4.447736340357684,48.9,74
198_167,12.997924107330876,77.55130723417633,275,SCOOTER,"BTP182 - 19th Main Junction, Rajajinagar",1.0,0.7047272727272726,0.7698181818181817,233.922,193,Malleshwaram,1.9492283176126521,2.1025641025641026,76.01990438689343,1,Early Morning (04-08),0.851,1.6587932982883669,28.2,74
198_168,12.998247574496643,77.55291456879195,596,SCOOTER,BTP008 - Navarang Theatre,1.0,0.6944630872483221,0.6924496644295302,449.969,394,Malleshwaram,3.7679801681583887,5.17948717948718,146.95122655817718,2,Morning Peak (08-12),0.755,2.8448250269595836,38.8,74
198_169,12.998260818478261,77.55368305652173,92,MOTOR CYCLE,BTP008 - Navarang Theatre,1.0,0.6858695652173913,0.6760869565217391,64.0185,51,Rajajinagar,0.4759273814899912,1.0512820512820513,18.561167878109657,1,Early Morning (04-08),0.696,0.3312454575170338,8.2,74
198_172,12.997853699999999,77.55875551904762,42,SCOOTER,No Junction,0.35714285714285715,0.6761904761904761,0.8333333333333334,29.052,22,Rajajinagar,0.14494764167651966,0.5128205128205128,5.652958025384267,1,Early Morning (04-08),0.692,0.10030376804015159,2.8,88
198_173,12.997352391666666,77.56005995833333,36,CAR,No Junction,0.0,0.661111111111111,0.8999999999999999,24.624,24,Malleshwaram,0.2239461830115861,0.3076923076923077,8.733901137451857,0,Late Night (00-04),0.684,0.1531791891799249,4.1,88
198_178,12.997457991034484,77.56836593793103,145,CAR,No Junction,0.0,0.676551724137931,0.9737931034482757,131.35,92,Malleshwaram,0.8303121739838989,1.358974358974359,32.38217478537206,2,Morning Peak (08-12),0.906,0.7522628296294124,16.2,78
198_179,12.998061343023254,77.56943352093023,86,CAR,No Junction,0.0,0.6988372093023255,0.919767441860465,64.35499999999999,56,Malleshwaram,0.4657368222773479,0.7692307692307693,18.163736068816565,1,Early Morning (04-08),0.748,0.34837114306345623,8.6,78
198_180,12.997904015384615,77.57122654777328,247,CAR,No Junction,0.0,0.6635627530364372,0.8161943319838056,171.238,182,Malleshwaram,1.593619317825015,1.6666666666666667,62.15115339517559,2,Morning Peak (08-12),0.693,1.1043781872527354,21.5,78
198_187,12.998179145081966,77.58165556967214,122,MOTOR CYCLE,No Junction,0.0,0.6032786885245901,0.6983606557377049,63.42,69,Sheshadripuram,0.8394375177577231,1.358974358974359,32.7380631925512,2,Morning Peak (08-12),0.52,0.43650750923401604,10.4,89
198_188,12.997487956,77.582865908,25,CAR,BTP032 - Windsor Circle,0.8,0.84,0.76,29.21,20,Sheshadripuram,0.24990469221087613,0.1282051282051282,9.746282996224169,2,Morning Peak (08-12),1.168,0.2918886805023033,7.4,89
198_189,12.997296870491802,77.58414275737705,61,CAR,BTP032 - Windsor Circle,0.9836065573770492,0.7573770491803278,0.9147540983606557,75.3384,39,Sheshadripuram,0.37225490348048484,0.5641025641025641,14.517941235738908,2,Morning Peak (08-12),1.235,0.4597348057983988,10.9,89
198_206,12.997653118055556,77.60999039861112,72,SCOOTER,No Junction,0.0,0.6583333333333333,0.8416666666666667,32.508,62,Pulikeshinagar(F.Town),0.5172174482231673,0.2564102564102564,20.171480480703522,0,Late Night (00-04),0.452,0.2337822865968716,6.1,84
198_207,12.997197487179486,77.61099768974358,39,CAR,No Junction,0.0,0.6717948717948717,0.8564102564102564,15.894,31,Pulikeshinagar(F.Town),0.263777128433859,0.20512820512820512,10.2873080089205,0,Late Night (00-04),0.408,0.10762106840101446,2.9,84
198_209,12.9970892425,77.61440249,80,SCOOTER,No Junction,0.0,0.6075,0.63,21.512,20,Pulikeshinagar(F.Town),0.23019373881483005,1.5384615384615385,8.977555813778372,0,Late Night (00-04),0.269,0.06192211574118928,1.7,84
198_246,12.997296249528079,77.6697986402993,69,CAR,No Junction,0.0,0.827536231884058,1.1710144927536232,62.788999999999994,45,Banaswadi,0.5057808793165395,0.6153846153846154,19.725454293345045,0,Late Night (00-04),0.91,0.4602606001780509,10.9,86
198_247,12.997977527255768,77.67122617576923,52,CAR,No Junction,0.0,0.8480769230769231,1.0769230769230769,40.012,49,Banaswadi,0.459085139774778,0.07692307692307693,17.904320451216343,0,Late Night (00-04),0.769,0.3530364724868043,8.7,86
198_259,12.998126645454546,77.68913783636364,22,CAR,No Junction,0.0,0.7272727272727273,1.0227272727272727,11.628,15,Mahadevapura,0.13302646976184815,0.1794871794871795,5.188032320712077,0,Late Night (00-04),0.529,0.07037100250401768,2.0,301
199_125,12.999521234374999,77.48873265,32,SCOOTER,No Junction,0.0,0.7062499999999999,0.79375,21.628,14,Kamakshipalya,0.1193642796781474,0.46153846153846156,4.655206907447749,2,Morning Peak (08-12),0.676,0.08069025306242765,2.2,302
199_150,12.99960152173913,77.52547948695653,23,CAR,No Junction,0.0,0.8304347826086957,1.0434782608695652,28.47,11,Rajajinagar,0.12590664348616812,0.3076923076923077,4.910359095960557,2,Morning Peak (08-12),1.238,0.15587242463587614,4.2,93
199_160,12.998875035458166,77.54093933864543,251,SCOOTER,"BTP206 - Shankara Mutt Circle, Vijayanagar",1.0,0.6984063745019919,0.7498007968127489,198.185,208,Vijayanagara,1.898891664048151,1.1025641025641026,74.05677489787789,2,Morning Peak (08-12),0.79,1.5001244145980395,26.4,74
199_161,12.998770624657535,77.54211652808219,146,CAR,"BTP206 - Shankara Mutt Circle, Vijayanagar",1.0,0.6876712328767123,0.932876712328767,126.09479999999999,124,Vijayanagara,1.037778920895121,0.5641025641025641,40.47337791490971,1,Early Morning (04-08),0.864,0.8966409876533845,18.5,74
199_165,12.999128379511534,77.54868954151968,737,SCOOTER,BTP027 - Modi Bridge Junction,1.0,0.6778833107191315,0.6075983717774762,391.4456,627,Rajajinagar,5.6359166658561595,2.8205128205128207,219.80074996839022,1,Early Morning (04-08),0.531,2.9926717495696207,39.9,74
199_166,12.999436657993638,77.54966231096988,1489,SCOOTER,BTP027 - Modi Bridge Junction,1.0,0.6591000671591672,0.729012760241773,1066.8437000000001,1262,Rajajinagar,9.693276089455386,5.82051282051282,378.03776748876004,2,Morning Peak (08-12),0.716,6.940385680050056,59.7,74
199_167,12.999324530699088,77.55072927325227,329,CAR,"BTP182 - 19th Main Junction, Rajajinagar",1.0,0.6693009118541033,0.9483282674772037,314.9952,254,Malleshwaram,2.3962934410473835,1.9230769230769231,93.45544420084794,1,Early Morning (04-08),0.957,2.293252823082346,34.4,74
199_168,12.998879681751824,77.55273875,274,SCOOTER,BTP008 - Navarang Theatre,1.0,0.695985401459854,0.7014598540145985,211.1616,147,Malleshwaram,1.3516329307853228,3.2564102564102564,52.7136843006276,1,Early Morning (04-08),0.771,1.0421089896354838,20.6,74
199_170,12.998657508333332,77.55578538611111,36,CAR,BTP008 - Navarang Theatre,1.0,0.6861111111111111,0.8111111111111111,32.1438,17,Malleshwaram,0.09972744143240325,0.48717948717948717,3.8893702158637264,1,Early Morning (04-08),0.893,0.08905660519913611,2.5,74
199_179,12.999178792961166,77.56942080776699,412,CAR,No Junction,0.0,0.6800970873786407,0.9427184466019417,309.966,310,Malleshwaram,2.6305364920011107,2.6153846153846154,102.59092318804332,1,Early Morning (04-08),0.752,1.9781634419848353,31.5,78
199_180,12.99946786706356,77.57130501822405,769,CAR,No Junction,0.0,0.6608582574772431,0.905331599479844,618.74,538,Malleshwaram,5.1885332608576595,5.923076923076923,202.35279717344872,2,Morning Peak (08-12),0.805,4.176769274990416,47.4,78
199_181,12.999376560416666,77.5719638,48,SCOOTER,No Junction,0.0,0.6854166666666667,0.775,31.366,23,Malleshwaram,0.2334747387012328,0.6410256410256411,9.105514809348078,2,Morning Peak (08-12),0.653,0.15245900437190504,4.1,78
199_189,12.999317147368421,77.58384537631578,38,MOPED,No Junction,0.0,0.7184210526315788,0.6421052631578947,22.91,27,Sadashivanagar,0.3702023946664219,0.28205128205128205,14.437893391990457,2,Morning Peak (08-12),0.603,0.2232320439838524,5.8,89
199_197,12.999684753846152,77.59652105769231,26,CAR,No Junction,0.0,0.6961538461538461,0.9461538461538462,17.046,25,R.T. Nagar,0.21989852658494202,0.02564102564102564,8.57604253681274,1,Early Morning (04-08),0.656,0.14425343343972197,3.9,90
199_198,12.999510115384615,77.59721968461538,26,CAR,No Junction,0.0,0.7,0.9846153846153847,12.768,26,R.T. Nagar,0.09320783766538443,0.0,3.6351056689499925,0,Late Night (00-04),0.491,0.04576504829370375,1.3,90
199_207,12.999882716736403,77.61100336025103,239,SCOOTER,No Junction,0.0,0.6092050209205021,0.699581589958159,114.60600000000001,204,Pulikeshinagar(F.Town),1.7150545017107288,0.8974358974358975,66.88712556671844,2,Morning Peak (08-12),0.48,0.8232261608211499,17.3,91
199_212,12.999138623809523,77.61923753809523,21,CAR,No Junction,0.0,0.6904761904761905,1.0238095238095237,20.084999999999997,6,Pulikeshinagar(F.Town),0.05959912897701527,0.38461538461538464,2.3243660301035955,3,Afternoon (12-16),0.956,0.056976767302026596,1.6,303
199_216,12.999330384892087,77.62486351151078,139,CAR,No Junction,0.0,0.6079136690647482,0.9971223021582734,81.734,109,Pulikeshinagar(F.Town),0.9049593648650562,0.7692307692307693,35.29341522973719,0,Late Night (00-04),0.588,0.532116106540653,12.3,304
199_249,12.999675455365026,77.67459286207905,44,PASSENGER AUTO,No Junction,0.0,0.6568181818181817,1.0113636363636365,19.604,29,Banaswadi,0.2853225660740483,0.38461538461538464,11.127580076887885,0,Late Night (00-04),0.446,0.12725386446902556,3.5,92
199_250,12.999603631670945,77.67618973978395,136,SCOOTER,No Junction,0.0,0.7301470588235294,0.7316176470588235,89.957,126,Mahadevapura,0.9438665631015931,0.2564102564102564,36.81079596096213,2,Morning Peak (08-12),0.661,0.6238957982101531,14.0,92
199_251,12.99981641313349,77.67662825046355,44,PASSENGER AUTO,No Junction,0.0,0.8022727272727272,0.9522727272727273,36.722,38,Mahadevapura,0.3812915297929426,0.15384615384615385,14.87036966192476,0,Late Night (00-04),0.835,0.3183784273771071,8.0,92
199_258,12.999193050793652,77.6878505968254,63,CAR,No Junction,0.0,0.7452380952380951,0.9873015873015873,44.582,41,Mahadevapura,0.3486293595674516,0.5641025641025641,13.596545023130613,0,Late Night (00-04),0.708,0.24682958657375573,6.4,305
199_261,12.999373463636363,77.69239176363637,22,LGV,No Junction,0.0,0.7,1.1363636363636365,10.5,22,Mahadevapura,0.15669305586361407,0.0,6.111029178680949,0,Late Night (00-04),0.477,0.0747425876469439,2.1,306
200_150,13.000838252941177,77.52550257352941,34,CAR,No Junction,0.0,0.7411764705882353,1.0941176470588236,36.732,18,Rajajinagar,0.20099676930029192,0.41025641025641024,7.8388740027113855,2,Morning Peak (08-12),1.08,0.21707651084431528,5.7,93
200_166,13.00056698604144,77.5500265874591,917,SCOOTER,BTP027 - Modi Bridge Junction,1.0,0.6742639040348963,0.7562704471101418,726.3542,605,Malleshwaram,5.688792492332924,8.0,221.86290720098404,2,Morning Peak (08-12),0.792,4.505523653927676,49.2,74
200_167,13.000406006790124,77.55058125493828,162,CAR,"BTP182 - 19th Main Junction, Rajajinagar",1.0,0.6709876543209876,0.9358024691358025,146.965,124,Malleshwaram,1.1287550037849758,0.9743589743589743,44.02144514761406,1,Early Morning (04-08),0.907,1.023780788432973,20.3,74
200_179,13.000463258219177,77.56942565821917,146,PASSENGER AUTO,No Junction,0.0,0.6910958904109589,0.9164383561643836,103.526,113,Malleshwaram,0.88702640613459,0.8461538461538461,34.59402983924901,1,Early Morning (04-08),0.709,0.6289017219494243,14.1,78
200_180,13.000687323097113,77.57129921181102,381,CAR,No Junction,0.0,0.6532808398950131,0.9128608923884515,300.28799999999995,224,Malleshwaram,2.278863663243654,4.0256410256410255,88.8756828665025,2,Morning Peak (08-12),0.788,1.7957445666359995,29.6,78
200_196,13.001343156410256,77.59525831794872,39,SCOOTER,No Junction,0.0,0.7051282051282052,0.717948717948718,26.093999999999998,36,R.T. Nagar,0.2511950096420637,0.07692307692307693,9.796605376040484,2,Morning Peak (08-12),0.669,0.16804946145054062,4.5,90
200_207,13.000195785462553,77.6111531475771,227,SCOOTER,No Junction,0.0,0.6162995594713656,0.7480176211453745,117.73400000000001,148,Pulikeshinagar(F.Town),1.5042202408601424,2.0256410256410255,58.66458939354555,2,Morning Peak (08-12),0.519,0.7806903050064139,16.6,91
200_208,13.00105761388889,77.61235282916667,72,CAR,No Junction,0.0,0.6763888888888888,0.8694444444444445,48.634,61,Pulikeshinagar(F.Town),0.4785796203107272,0.28205128205128205,18.664605192118362,2,Morning Peak (08-12),0.675,0.3230412437097409,8.1,91
200_209,13.0005700125,77.614655425,32,SCOOTER,No Junction,0.0,0.640625,0.725,19.292,32,Pulikeshinagar(F.Town),0.19641943221968688,0.0,7.660357856567789,2,Morning Peak (08-12),0.603,0.11844091762847118,3.2,307
200_210,13.000540026086956,77.61563758695652,23,CAR,No Junction,0.0,0.6913043478260869,0.8608695652173913,13.790000000000001,20,Pulikeshinagar(F.Town),0.16778427718098962,0.07692307692307693,6.543586810058596,3,Afternoon (12-16),0.6,0.10067056630859376,2.8,308
200_214,13.00059401,77.621780065,20,SCOOTER,No Junction,0.0,0.6,0.6,10.8,0,UNKNOWN,0.0,0.5128205128205128,0.0,0,Late Night (00-04),0.54,0.0,0.0,309
200_250,13.000349967799693,77.67592410472022,183,PASSENGER AUTO,No Junction,0.0,0.6617486338797814,0.9989071038251367,104.923,89,Banaswadi,0.9684531736926514,2.41025641025641,37.7696737740134,1,Early Morning (04-08),0.573,0.5549236685258891,12.7,92
200_251,13.000481323202377,77.67723198505524,1254,PASSENGER AUTO,No Junction,0.0,0.7842105263157895,1.0078149920255184,816.619,823,Banaswadi,9.634091770597307,11.051282051282051,375.72957905329497,0,Late Night (00-04),0.651,6.271793742658847,57.2,92
200_252,13.000419402416503,77.67822431029406,41,CAR,No Junction,0.0,0.873170731707317,1.0463414634146342,28.074,21,Mahadevapura,0.23901785105477577,0.5128205128205128,9.321696191136253,1,Early Morning (04-08),0.685,0.16372722797252143,4.4,92
200_256,13.00018658,77.68495349,20,CAR,No Junction,0.0,0.74,1.03,11.304,17,Mahadevapura,0.16644515473462823,0.07692307692307693,6.491361034650501,1,Early Morning (04-08),0.565,0.09404151242506494,2.6,310
201_150,13.002551404761906,77.52588563571427,42,CAR,No Junction,0.0,0.9333333333333333,1.1023809523809522,51.467999999999996,35,Rajajinagar,0.41529591198635746,0.1794871794871795,16.196540567467945,2,Morning Peak (08-12),1.225,0.5087374921832879,11.9,93
201_166,13.002197225065274,77.5502008313316,383,CAR,"BTP026 - 1st Block Junction, Rajajinagar",1.0,0.6681462140992166,0.910182767624021,333.2212,307,Malleshwaram,2.664523518364796,1.9487179487179487,103.91641721622703,1,Early Morning (04-08),0.87,2.3181354609773726,34.6,74
201_168,13.002709276923078,77.55333495076923,65,CAR,"BTP001 - 10th Cross, Dr. Rajkumar Road",1.0,0.7,0.7876923076923077,45.208800000000004,49,Malleshwaram,0.4005738991985915,0.41025641025641024,15.622382068745067,1,Early Morning (04-08),0.696,0.27879943384221967,7.1,94
201_179,13.00204735802469,77.56925262839506,81,PASSENGER AUTO,No Junction,0.0,0.6901234567901234,0.9506172839506173,57.074,74,Malleshwaram,0.7767213055064213,0.1794871794871795,30.29213091475043,1,Early Morning (04-08),0.705,0.547588520382027,12.6,78
201_180,13.001928207999999,77.57098460533334,150,CAR,No Junction,0.0,0.6746666666666666,0.8280000000000001,102.00999999999999,117,Malleshwaram,0.8240416633302061,0.8461538461538461,32.13762486987803,2,Morning Peak (08-12),0.68,0.5603483310645402,12.8,78
201_208,13.002206041935484,77.61242452258064,31,SCOOTER,No Junction,0.0,0.696774193548387,0.7741935483870968,17.91,23,Pulikeshinagar(F.Town),0.2176816176013667,0.20512820512820512,8.489583086453301,1,Early Morning (04-08),0.578,0.12581997497358993,3.4,91
201_221,13.001934695302925,77.63245446676872,36,SCOOTER,No Junction,0.0,0.6138888888888888,0.7166666666666667,20.814,32,Banaswadi,0.2747436876066556,0.10256410256410256,10.715003816659568,2,Morning Peak (08-12),0.578,0.1588018514366469,4.2,311
201_304,13.002336780518165,77.75719764617676,44,CAR,No Junction,0.0,0.6590909090909091,0.8727272727272727,33.78,18,Mahadevapura,0.22905648076542554,0.6666666666666666,8.933202749851594,1,Early Morning (04-08),0.768,0.1759153772278468,4.7,312
202_150,13.003620195,77.52612526,20,CAR,No Junction,0.0,0.725,1.02,18.218,19,Rajajinagar,0.20135944706293207,0.02564102564102564,7.85301843545435,2,Morning Peak (08-12),0.911,0.1834384562743311,4.9,93
202_166,13.003540615457412,77.54996232586751,317,CAR,"BTP026 - 1st Block Junction, Rajajinagar",1.0,0.6842271293375394,0.8981072555205047,286.4563,252,Malleshwaram,2.3310688814209075,1.6666666666666667,90.9116863754154,1,Early Morning (04-08),0.904,2.1072862688045007,32.7,74
202_168,13.003886028467154,77.55329050802919,137,SCOOTER,"BTP001 - 10th Cross, Dr. Rajkumar Road",1.0,0.6784671532846714,0.7620437956204379,89.1254,135,Malleshwaram,1.0167142796928432,0.05128205128205128,39.65185690802089,1,Early Morning (04-08),0.651,0.6618809960800409,14.6,94
202_169,13.004030811671063,77.55380188928973,56,CAR,"BTP001 - 10th Cross, Dr. Rajkumar Road",1.0,0.6839285714285713,0.9160714285714285,50.115,45,Malleshwaram,0.41140955953227687,0.28205128205128205,16.0449728217588,1,Early Morning (04-08),0.895,0.3682115557813878,9.0,94
202_179,13.003751802777778,77.56926165555555,36,PASSENGER AUTO,No Junction,0.0,0.6666666666666666,0.9944444444444444,27.811999999999998,35,Malleshwaram,0.22720587533449324,0.02564102564102564,8.861029138045234,1,Early Morning (04-08),0.773,0.17563014163356327,4.7,78
202_180,13.003998447311826,77.57120624838709,93,CAR,No Junction,0.0,0.6655913978494623,0.9419354838709677,71.658,64,Malleshwaram,0.546935428007185,0.7435897435897436,21.330481692280216,2,Morning Peak (08-12),0.771,0.4216872149935396,10.1,78
202_241,13.003539082,77.662758484,50,SCOOTER,No Junction,0.0,0.6,0.612,20.772000000000002,50,Banaswadi,0.42344890847004113,0.0,16.514507430331605,1,Early Morning (04-08),0.415,0.17573129701506707,4.7,313
202_282,13.003462670000001,77.72350343384615,130,SCOOTER,No Junction,0.0,1.0,0.6561538461538461,69.57000000000001,116,K.R. Pura,1.1259402046132498,0.358974358974359,43.91166797991674,1,Early Morning (04-08),0.535,0.6023780094680887,13.6,314
202_304,13.00396869698868,77.75701821534997,36,CAR,No Junction,0.0,0.6916666666666667,0.963888888888889,34.373999999999995,27,Mahadevapura,0.2919715782310732,0.23076923076923078,11.386891551011855,2,Morning Peak (08-12),0.955,0.2788328572106749,7.1,315
203_151,13.005739084848486,77.52750452424242,33,CAR,No Junction,0.0,0.8454545454545455,1.0636363636363637,32.068,27,Rajajinagar,0.22822690381265942,0.15384615384615385,8.900849248693717,2,Morning Peak (08-12),0.972,0.22183655050590495,5.8,95
203_169,13.005146913888888,77.55407853055556,36,SCOOTER,"BTP001 - 10th Cross, Dr. Rajkumar Road",1.0,0.6944444444444444,0.8527777777777777,30.8165,18,Malleshwaram,0.1543388264594647,0.46153846153846156,6.019214231919123,1,Early Morning (04-08),0.856,0.13211403544930178,3.6,94
203_178,13.005496627027027,77.56831871216215,74,SCOOTER,No Junction,0.0,0.6445945945945946,0.7999999999999999,49.406,58,Malleshwaram,0.45860443919715965,0.41025641025641024,17.885573128689227,2,Morning Peak (08-12),0.668,0.3063477653837027,7.7,78
203_179,13.005517000278552,77.56905578189415,718,CAR,No Junction,0.0,0.628133704735376,0.7704735376044569,375.832,648,Malleshwaram,3.972674872747439,1.794871794871795,154.93432003715014,2,Morning Peak (08-12),0.523,2.0777089584469106,32.4,78
203_180,13.005553656850715,77.57103179263802,489,CAR,No Junction,0.0,0.6519427402862986,0.9255623721881391,333.752,424,Malleshwaram,3.3597104190822265,1.6666666666666667,131.02870634420682,1,Early Morning (04-08),0.683,2.294682216233161,34.4,78
203_186,13.00565190952381,77.58014108095237,21,CAR,No Junction,0.0,0.8333333333333334,1.0095238095238095,19.83,6,Sadashivanagar,0.07743969644781101,0.38461538461538464,3.0201481614646295,2,Morning Peak (08-12),0.944,0.0731030734467336,2.0,96
203_187,13.00538772,77.58091269428571,35,CAR,No Junction,0.0,0.6599999999999999,1.0,25.762,20,Sadashivanagar,0.1859391973557257,0.38461538461538464,7.2516286968733015,1,Early Morning (04-08),0.736,0.13685124925381412,3.7,96
203_195,13.005307123684211,77.59343520526315,38,CAR,No Junction,0.0,0.65,0.9526315789473685,27.796,20,R.T. Nagar,0.17922087393170183,0.46153846153846156,6.989614083336371,0,Late Night (00-04),0.731,0.13101045884407403,3.5,316
203_256,13.00529116588188,77.6850440278801,420,CAR,No Junction,0.0,0.6895238095238094,0.8519047619047619,290.291,389,K.R. Pura,2.6006692856925233,0.7948717948717948,101.42610214200842,2,Morning Peak (08-12),0.691,1.7970624764135334,29.7,97
203_257,13.005744056770835,77.68592632526041,384,CAR,No Junction,0.0,0.7192708333333333,0.8744791666666667,268.376,337,K.R. Pura,2.5595505462809895,1.205128205128205,99.8224713049586,2,Morning Peak (08-12),0.699,1.7891258318504115,29.6,97
204_150,13.006771718518518,77.5263992148148,27,CAR,No Junction,0.0,0.7592592592592593,1.0555555555555556,23.9,24,Rajajinagar,0.22379815986031057,0.07692307692307693,8.728128234552113,2,Morning Peak (08-12),0.885,0.19806137147637484,5.2,95
204_151,13.007061930612245,77.52682807551021,98,CAR,No Junction,0.0,0.889795918367347,1.203061224489796,107.656,72,Rajajinagar,0.8823551780911968,0.6666666666666666,34.411851945556684,2,Morning Peak (08-12),1.099,0.9697083407222252,19.5,95
204_165,13.00686382863436,77.54858936255508,227,SCOOTER,BTP023 - Mahalaxmi Layout Entrance,1.0,0.688986784140969,0.826431718061674,183.3858,154,Rajajinagar,1.4188142416286416,1.8717948717948718,55.33375542351702,1,Early Morning (04-08),0.808,1.1464019072359424,22.0,94
204_169,13.006844903125,77.554395025,32,CAR,"BTP001 - 10th Cross, Dr. Rajkumar Road",1.0,0.66875,0.8,20.9898,28,Malleshwaram,0.21007170164055358,0.10256410256410256,8.19279636398159,1,Early Morning (04-08),0.656,0.13780703627620317,3.7,94
204_178,13.006838207692308,77.56813702307691,26,SCOOTER,No Junction,0.0,0.6192307692307691,0.6615384615384615,13.344000000000001,26,Malleshwaram,0.18156439934982746,0.0,7.08101157464327,2,Morning Peak (08-12),0.513,0.09314253686646148,2.6,78
204_179,13.006542468,77.56926746799999,25,CAR,No Junction,0.0,0.672,0.932,18.189,23,Malleshwaram,0.21999318672372015,0.05128205128205128,8.579734282225086,1,Early Morning (04-08),0.728,0.16015503993486827,4.3,78
204_180,13.006834824809577,77.5711720897715,919,CAR,No Junction,0.0,0.6608813928182807,0.8897714907508162,639.502,720,Malleshwaram,6.23182171143836,5.102564102564102,243.04104674609604,2,Morning Peak (08-12),0.696,4.337347911161098,48.3,78
204_185,13.0068598890625,77.5787389828125,64,CAR,No Junction,0.0,0.6234375,0.84375,38.306,42,Sadashivanagar,0.436009430400688,0.5641025641025641,17.004367785626833,2,Morning Peak (08-12),0.599,0.2611696488100121,6.7,96
204_186,13.006952845833334,77.57925974583334,24,CAR,No Junction,0.0,0.7333333333333334,0.9375,18.078,9,Sadashivanagar,0.11285510892194793,0.38461538461538464,4.401349247955969,1,Early Morning (04-08),0.753,0.0849798970182268,2.4,96
204_195,13.006515390243901,77.59303741463415,41,CAR,No Junction,0.0,0.6536585365853658,0.8585365853658538,25.688,27,R.T. Nagar,0.2685132484846942,0.358974358974359,10.472016690903075,1,Early Morning (04-08),0.627,0.16835780679990328,4.5,317
204_214,13.007137525714285,77.62158840714285,70,CAR,No Junction,0.0,0.6128571428571429,0.9171428571428571,43.614,4,Pulikeshinagar(F.Town),0.025403150357405233,1.6923076923076923,0.990722863938804,1,Early Morning (04-08),0.623,0.01582616267266346,0.5,318
204_257,13.00616897480916,77.68661126717558,131,SCOOTER,No Junction,0.0,0.682442748091603,0.7938931297709924,71.504,111,K.R. Pura,0.8580822651630717,0.5128205128205128,33.4652083413598,2,Morning Peak (08-12),0.546,0.4685129167790372,11.1,97
204_258,13.006646952040818,77.68750275714285,98,SCOOTER,No Junction,0.0,0.7040816326530612,0.8102040816326531,48.832,94,K.R. Pura,0.9762692089297251,0.10256410256410256,38.07449914825928,0,Late Night (00-04),0.498,0.4861820660470031,11.4,97
204_265,13.007186911111111,77.69792921851851,27,SCOOTER,No Junction,0.0,0.9259259259259259,0.6666666666666666,23.34,3,K.R. Pura,0.07124410884386823,0.6153846153846154,2.7785202449108612,1,Early Morning (04-08),0.864,0.06155491004110215,1.7,99
204_304,13.006989528205128,77.7572430897436,39,CAR,No Junction,0.0,0.6307692307692307,0.9358974358974359,23.977999999999998,25,Mahadevapura,0.26063748449365176,0.358974358974359,10.16486189525242,1,Early Morning (04-08),0.615,0.16029205296359583,4.3,319
205_150,13.008381031578947,77.52637221052632,38,SCOOTER,No Junction,0.0,0.7394736842105263,0.8447368421052632,30.740000000000002,36,Rajajinagar,0.33129189054905095,0.05128205128205128,12.920383731412988,2,Morning Peak (08-12),0.809,0.26801513945418226,6.8,95
205_151,13.008211037398373,77.52686895609756,123,CAR,No Junction,0.0,0.8536585365853658,1.1,141.49,109,Rajajinagar,1.2308615613660598,0.358974358974359,48.003600893276335,2,Morning Peak (08-12),1.15,1.4154907955709688,25.4,95
205_161,13.008426443661971,77.54280479859155,71,SCOOTER,No Junction,0.0,0.6338028169014085,0.7295774647887323,30.43,68,Rajajinagar,0.4537155636203931,0.07692307692307693,17.69490698119533,1,Early Morning (04-08),0.429,0.19464397679314865,5.1,98
205_162,13.008517560784314,77.54316969019608,102,CAR,No Junction,0.0196078431372549,0.6725490196078431,0.8539215686274509,62.926,93,Rajajinagar,0.7281691155547894,0.23076923076923078,28.39859550663678,2,Morning Peak (08-12),0.617,0.449280344297305,10.7,98
205_165,13.008158759911893,77.54851631600587,681,SCOOTER,BTP023 - Mahalaxmi Layout Entrance,1.0,0.6814977973568281,0.6832599118942732,545.8414,421,Rajajinagar,4.616765171455327,6.666666666666667,180.05384168675775,2,Morning Peak (08-12),0.802,3.7026456675071726,44.6,94
205_169,13.008413161390441,77.55453530378647,1611,CAR,"BTP001 - 10th Cross, Dr. Rajkumar Road",0.983860955927995,0.6595903165735567,0.9251396648044693,1394.8406,935,Malleshwaram,10.469376656833878,17.333333333333332,408.30568961652125,2,Morning Peak (08-12),0.866,9.066480184818138,66.6,94
205_170,13.008474872916668,77.55547009597223,720,SCOOTER,"BTP001 - 10th Cross, Dr. Rajkumar Road",0.6833333333333333,0.6649999999999999,0.7440277777777778,485.9609,564,Malleshwaram,4.515078592746721,4.0,176.0880651171221,2,Morning Peak (08-12),0.675,3.047678050104037,40.3,94
205_171,13.00796928245614,77.55682362719298,114,CAR,No Junction,0.3684210526315789,0.6692982456140351,0.8929824561403509,92.2302,82,Malleshwaram,0.7297711339856349,0.8205128205128205,28.461074225439756,2,Morning Peak (08-12),0.809,0.5903848473943787,13.4,94
205_179,13.008454567889908,77.56949915045871,109,CAR,No Junction,0.0,0.6614678899082568,0.9376146788990826,72.861,96,Malleshwaram,0.8467880943875997,0.3333333333333333,33.02473568111639,1,Early Morning (04-08),0.668,0.5656544470509166,12.9,78
205_180,13.008116528899082,77.57095922908256,1090,CAR,No Junction,0.0,0.6672477064220184,0.8838532110091742,738.491,820,Malleshwaram,7.452698483049473,6.923076923076923,290.65524083892944,2,Morning Peak (08-12),0.678,5.052929571507543,51.9,78
205_186,13.008202448484848,77.57991876060605,33,CAR,No Junction,0.0,0.7515151515151516,0.9454545454545454,27.512,20,Sadashivanagar,0.1821675090188753,0.3333333333333333,7.104532851736136,2,Morning Peak (08-12),0.834,0.15192770252174198,4.1,96
205_261,13.008075297692306,77.692523424,65,CAR,No Junction,0.0,0.7446153846153846,1.056923076923077,48.409,37,K.R. Pura,0.38703872312357557,0.717948717948718,15.094510201819448,0,Late Night (00-04),0.745,0.2883438487270638,7.3,99
205_262,13.008280305518396,77.69401929849498,598,CAR,No Junction,0.0,0.7479933110367893,0.92876254180602,306.212,381,K.R. Pura,4.101200677257647,5.564102564102564,159.94682641304823,0,Late Night (00-04),0.512,2.099814746755915,32.6,99
205_263,13.008207933051965,77.69537007493025,2017,SCOOTER,No Junction,0.0,0.7642538423401091,0.8303916707982151,1200.16,1194,K.R. Pura,14.544357450354273,21.102564102564102,567.2299405638166,0,Late Night (00-04),0.595,8.653892682960793,65.4,99
205_264,13.008361198058251,77.69638269773463,309,CAR,No Junction,0.0,0.8145631067961164,0.9579288025889967,201.332,162,K.R. Pura,1.758089558134962,3.769230769230769,68.56549276726352,2,Morning Peak (08-12),0.652,1.1462743919039953,22.0,99
205_305,13.008850699999998,77.75873020416667,24,MOTOR CYCLE,No Junction,0.0,0.6041666666666666,0.65,10.446,24,Mahadevapura,0.2694052666210227,0.0,10.506805398219884,1,Early Morning (04-08),0.435,0.11719129098014487,3.2,320
206_151,13.009195151020407,77.5268571632653,49,CAR,No Junction,0.0,0.7653061224489796,1.0551020408163265,48.75,40,Rajajinagar,0.38899613196395183,0.23076923076923078,15.170849146594124,2,Morning Peak (08-12),0.995,0.3870511513041321,9.4,95
206_162,13.009869983870967,77.54338290645163,31,CAR,No Junction,0.0,0.6935483870967742,0.8903225806451612,19.912,28,Rajajinagar,0.2269660725523233,0.07692307692307693,8.851676829540608,1,Early Morning (04-08),0.642,0.14571221857859157,3.9,98
206_166,13.010057113333334,77.54965408205128,195,CAR,BTP023 - Mahalaxmi Layout Entrance,1.0,0.6764102564102564,1.0015384615384615,198.5425,114,Malleshwaram,1.0900389856498607,2.076923076923077,42.511520440344576,1,Early Morning (04-08),1.018,1.1096596873915583,21.5,94
206_169,13.009603973348518,77.55442451571754,439,CAR,No Junction,0.0,0.6608200455580865,0.9464692482915718,340.573,295,Malleshwaram,2.837484947606369,3.6923076923076925,110.66191295664838,2,Morning Peak (08-12),0.776,2.2018883193425425,33.6,94
206_170,13.009149701282052,77.55572986666667,78,SCOOTER,No Junction,0.0,0.6923076923076923,0.6102564102564103,32.328,78,Malleshwaram,0.5004265823181863,0.0,19.516636710409262,1,Early Morning (04-08),0.414,0.2071766050797291,5.4,94
206_262,13.009370136904764,77.69306268214285,84,MOTOR CYCLE,No Junction,0.0,0.6047619047619047,0.8107142857142856,44.04,25,K.R. Pura,0.24774379911733538,1.5128205128205128,9.662008165576077,2,Morning Peak (08-12),0.524,0.12981775073748375,3.5,99
206_264,13.009751451555555,77.69706248933333,225,CAR,No Junction,0.0,0.7577777777777778,0.8831111111111111,171.382,172,K.R. Pura,1.604401758498694,1.358974358974359,62.57166858144906,2,Morning Peak (08-12),0.762,1.222554139976005,23.0,99
206_265,13.010381716666668,77.69764208181817,66,CAR,No Junction,0.0,0.8212121212121212,0.9666666666666667,58.02,51,K.R. Pura,0.5478745837662959,0.38461538461538464,21.367108766885544,1,Early Morning (04-08),0.879,0.48158175913057416,11.3,99
207_137,13.011033146153846,77.50649015,26,BUS (BMTC/KSRTC),No Junction,0.0,0.6653846153846155,1.1,21.854,10,Peenya,0.11827905257957608,0.41025641025641024,4.612883050603466,2,Morning Peak (08-12),0.841,0.09947268321942347,2.7,321
207_157,13.010648495000002,77.5359441,20,PRIVATE BUS,No Junction,0.0,0.7,1.325,27.314999999999998,6,Rajajinagar,0.07157551594782745,0.358974358974359,2.7914451219652707,2,Morning Peak (08-12),1.366,0.0977721547847323,2.7,322
207_166,13.010838419892472,77.55022736935484,186,CAR,BTP023 - Mahalaxmi Layout Entrance,1.0,0.6844086021505377,1.0198924731182795,189.4243,118,Malleshwaram,1.1069155400421482,1.7435897435897436,43.16970606164377,1,Early Morning (04-08),1.018,1.126840019762907,21.8,94
207_167,13.011499142528736,77.55138112512314,609,CAR,No Junction,0.36288998357963875,0.6752052545155993,0.9653530377668308,507.00059999999996,392,Malleshwaram,3.91116220756316,5.564102564102564,152.53532609496324,2,Morning Peak (08-12),0.833,3.257998118900112,41.8,94
207_168,13.011878895953757,77.5522804898844,346,CAR,No Junction,0.0,0.6523121387283237,0.9604046242774567,272.019,229,Malleshwaram,2.450134406097384,3.0,95.555241837798,2,Morning Peak (08-12),0.786,1.9258056431925439,31.0,94
207_169,13.011349706314242,77.5545282376652,1362,PASSENGER AUTO,No Junction,0.0,0.6623348017621145,0.848604992657856,1034.725,828,Malleshwaram,8.687597731102723,13.692307692307692,338.81631151300627,2,Morning Peak (08-12),0.76,6.60257427563807,58.5,94
207_179,13.01138071304348,77.56900903043478,23,CAR,No Junction,0.0,0.6956521739130435,0.9217391304347826,13.496,13,Malleshwaram,0.1422313521552726,0.2564102564102564,5.5470227340556315,1,Early Morning (04-08),0.587,0.08348980371514501,2.3,323
207_189,13.010955005405407,77.5836821054054,37,CAR,BTP030 - Mekhri Circle,1.0,0.7621621621621621,0.9783783783783785,39.7462,10,Sadashivanagar,0.10214613245860094,0.6923076923076923,3.983699165885437,2,Morning Peak (08-12),1.074,0.10970494626053741,3.0,324
207_265,13.010825008933333,77.69787980213333,75,CAR,No Junction,0.0,0.7919999999999999,0.9760000000000001,52.457,60,K.R. Pura,0.5801094802362746,0.38461538461538464,22.624269729214706,0,Late Night (00-04),0.699,0.40549652668515596,9.8,99
208_156,13.013066130434783,77.53484495217391,23,VAN,No Junction,0.0,0.6695652173913044,1.2173913043478262,27.54,0,UNKNOWN,0.0,0.5897435897435898,0.0,0,Late Night (00-04),1.197,0.0,0.0,325
208_168,13.012236766855846,77.55285529489215,881,CAR,No Junction,0.0,0.6476730987514189,0.9280363223609535,660.1909999999999,579,Malleshwaram,5.993798383057117,7.743589743589744,233.7581369392275,2,Morning Peak (08-12),0.749,4.48935498890978,49.1,94
208_169,13.01255797051282,77.55430276698719,1248,PASSENGER AUTO,No Junction,0.0,0.6555288461538461,0.9016025641025641,893.832,801,Malleshwaram,8.496080300646364,11.461538461538462,331.3471317252082,2,Morning Peak (08-12),0.716,6.083193495262797,56.4,94
208_217,13.012815269387755,77.62629988571427,49,SCOOTER,No Junction,0.0,0.6224489795918368,0.9204081632653062,23.519,36,Banaswadi,0.3225574376410772,0.3333333333333333,12.57974006800201,1,Early Morning (04-08),0.48,0.15482757006771705,4.2,326
209_127,13.01410846923077,77.4915265923077,26,CAR,No Junction,0.0,0.7,0.8769230769230769,15.707999999999998,26,Kamakshipalya,0.16575365005572437,0.0,6.46439235217325,0,Late Night (00-04),0.604,0.10011520463365751,2.8,327
209_128,13.014151157142857,77.49256017857144,28,SCOOTER,No Junction,0.0,0.7071428571428571,0.8285714285714285,18.942,28,Kamakshipalya,0.15729332046681954,0.0,6.134439498205961,2,Morning Peak (08-12),0.676,0.10633028463557001,2.9,328
209_153,13.014798755555555,77.53034094444445,27,CAR,No Junction,0.0,0.8222222222222222,1.0148148148148148,24.573999999999998,6,Rajajinagar,0.037899114585999795,0.5384615384615384,1.4780654688539923,3,Afternoon (12-16),0.91,0.03448819427325982,1.0,100
209_169,13.013938833333333,77.55405727333333,30,PASSENGER AUTO,No Junction,0.0,0.6699999999999999,0.86,18.652,19,Malleshwaram,0.1808712082985262,0.28205128205128205,7.053977123642522,0,Late Night (00-04),0.622,0.1125018915616833,3.1,94
210_153,13.01593389347826,77.53065592826087,46,CAR,No Junction,0.0,0.7086956521739131,1.0369565217391306,35.128,30,Rajajinagar,0.3001675452794827,0.41025641025641024,11.706534265899824,3,Afternoon (12-16),0.764,0.2293280045935248,6.0,100
210_154,13.016141296551725,77.53117842413792,29,CAR,No Junction,0.0,0.7310344827586207,1.0379310344827586,23.172,28,Rajajinagar,0.20863693495200664,0.02564102564102564,8.136840463128259,1,Early Morning (04-08),0.799,0.1667009110266533,4.4,100
210_162,13.0159543,77.54392417142857,21,CAR,No Junction,0.0,0.6619047619047619,0.9476190476190476,10.688,14,Rajajinagar,0.13916454773552026,0.1794871794871795,5.427417361685289,0,Late Night (00-04),0.509,0.07083475479737981,2.0,329
210_166,13.016091745283019,77.54991893396227,53,CAR,No Junction,0.0,0.6905660377358491,1.149056603773585,38.388,36,Rajajinagar,0.31739909079665285,0.4358974358974359,12.378564541069462,0,Late Night (00-04),0.724,0.22979694173677664,6.0,330
210_169,13.015322625925926,77.55482977777777,27,CAR,No Junction,0.0,0.825925925925926,1.0222222222222224,22.544,22,Malleshwaram,0.22825445707869726,0.1282051282051282,8.901923826069194,0,Late Night (00-04),0.835,0.19059247166071222,5.0,94
210_170,13.015362040717333,77.55526240862658,127,CAR,No Junction,0.0,0.8850393700787402,1.0023622047244094,127.73,86,Malleshwaram,0.8978100833404173,1.0512820512820513,35.014593250276285,2,Morning Peak (08-12),1.006,0.9031969438404599,18.6,94
211_154,13.01724129611111,77.53145516222222,180,CAR,No Junction,0.0,0.7911111111111111,1.051111111111111,158.288,157,Rajajinagar,1.650585905261946,0.5897435897435898,64.3728503052159,0,Late Night (00-04),0.879,1.4508650107252505,25.8,100
211_194,13.017227661764705,77.5917369,34,CAR,No Junction,0.0,0.6794117647058823,0.9117647058823529,21.684,33,R.T. Nagar,0.18905951011318325,0.02564102564102564,7.373320894414147,1,Early Morning (04-08),0.638,0.12061996745221092,3.3,102
212_154,13.018583259605911,77.53178455714286,203,CAR,No Junction,0.0,0.7857142857142857,0.9891625615763546,187.442,133,Rajajinagar,1.4458281324059847,1.794871794871795,56.38729716383341,2,Morning Peak (08-12),0.923,1.334499366210724,24.4,100
212_159,13.019176573913043,77.53952865217391,23,PASSENGER AUTO,No Junction,0.0,0.7,1.008695652173913,16.779,16,Rajajinagar,0.14206226535991334,0.1794871794871795,5.54042834903662,1,Early Morning (04-08),0.73,0.10370545371273673,2.8,331
212_168,13.019002603571428,77.5532614142857,28,PASSENGER AUTO,No Junction,0.0,0.75,1.1321428571428571,15.989999999999998,16,Yeshwanthpura,0.1887240141906211,0.3076923076923077,7.3602365534342225,0,Late Night (00-04),0.571,0.10776141210284464,3.0,332
212_171,13.018988442638877,77.55753782886434,172,SCOOTER,No Junction,0.0,0.6959302325581395,0.7238372093023255,90.67,71,Yeshwanthpura,0.6686767459517547,2.58974358974359,26.078393092118436,1,Early Morning (04-08),0.527,0.35239264511657475,8.7,101
212_172,13.01847258003249,77.55850695841143,118,CAR,No Junction,0.0,0.676271186440678,0.9728813559322034,75.984,92,Yeshwanthpura,0.7399864584139729,0.6666666666666666,28.859471878144944,0,Late Night (00-04),0.644,0.4765512792185986,11.2,101
212_194,13.01872424736842,77.59220016052632,38,SCOOTER,No Junction,0.0,0.6973684210526315,0.7,14.442,38,R.T. Nagar,0.1391324019748609,0.0,5.426163677019575,1,Early Morning (04-08),0.38,0.052870312750447145,1.5,102
213_154,13.020055328301888,77.53195657924527,53,CAR,No Junction,0.0,0.6735849056603773,1.109433962264151,34.794,51,Rajajinagar,0.48442498823734736,0.05128205128205128,18.89257454125655,0,Late Night (00-04),0.656,0.3177827922836999,8.0,100
213_158,13.020196583870968,77.5377643,31,CAR,No Junction,0.0,0.6709677419354838,1.1064516129032258,24.422,30,Rajajinagar,0.2458554644326472,0.02564102564102564,9.588363112873239,1,Early Morning (04-08),0.788,0.193734105972926,5.1,333
213_170,13.01982663,77.55590514333333,30,PASSENGER AUTO,No Junction,0.0,0.61,0.84,17.97,11,Yeshwanthpura,0.16468714800892748,0.48717948717948717,6.4227987723481705,2,Morning Peak (08-12),0.599,0.09864760165734755,2.7,101
213_195,13.020617122857143,77.59282560571428,35,MOTOR CYCLE,No Junction,0.0,0.62,0.7257142857142856,18.686,35,R.T. Nagar,0.23908690663923018,0.0,9.324389358929977,3,Afternoon (12-16),0.534,0.12767240814534891,3.5,102
213_237,13.02042226,77.656659015,20,CAR,No Junction,0.0,0.6599999999999999,0.86,10.558,16,Hennuru,0.14760872719109439,0.10256410256410256,5.756740360452681,0,Late Night (00-04),0.528,0.07793740795689784,2.2,334
214_152,13.021151318181818,77.5284693590909,22,CAR,No Junction,0.0,0.6681818181818181,1.1045454545454545,17.566,12,Yeshwanthpura,0.14395183348101553,0.2564102564102564,5.614121505759607,2,Morning Peak (08-12),0.798,0.11487356311785041,3.1,335
214_154,13.021789327777778,77.53198346111111,36,LGV,No Junction,0.0,0.7722222222222223,1.0611111111111111,28.988,29,Rajajinagar,0.29502718640332254,0.1794871794871795,11.506060269729579,1,Early Morning (04-08),0.805,0.23749688505467464,6.1,100
214_155,13.0220095372549,77.53287868039216,51,HGV,No Junction,0.0,0.696078431372549,1.1705882352941177,43.227,45,Rajajinagar,0.5374121855451379,0.15384615384615385,20.959075236260375,1,Early Morning (04-08),0.848,0.45572553334227694,10.8,100
214_167,13.02173996,77.551669005,20,CAR,No Junction,0.0,0.825,1.025,16.03,16,Yeshwanthpura,0.17059991373176472,0.10256410256410256,6.653396635538823,3,Afternoon (12-16),0.802,0.1368211308128753,3.7,336
214_189,13.022053054166667,77.58447456666666,24,CAR,No Junction,0.0,0.7666666666666666,0.9041666666666667,20.74,22,R.T. Nagar,0.21749784144061196,0.05128205128205128,8.482415816183865,2,Morning Peak (08-12),0.864,0.18791813500468874,5.0,103
214_194,13.021572172727273,77.5924642090909,44,SCOOTER,No Junction,0.0,0.7,0.7636363636363637,22.89,42,R.T. Nagar,0.24021955022791433,0.05128205128205128,9.36856245888866,1,Early Morning (04-08),0.52,0.12491416611851545,3.4,102
214_195,13.021748157142857,77.59254212285714,35,SCOOTER,No Junction,0.0,0.7057142857142857,0.7142857142857143,19.8,34,R.T. Nagar,0.1515781920836678,0.02564102564102564,5.9115494912630435,1,Early Morning (04-08),0.566,0.08579325671935596,2.4,102
214_225,13.022202413846154,77.6383486323077,65,SCOOTER,No Junction,0.0,0.7,0.6338461538461537,35.21,63,Banaswadi,0.5187951577424587,0.05128205128205128,20.23301115195589,3,Afternoon (12-16),0.542,0.28118697549641264,7.1,104
214_226,13.02204223111111,77.63963867999999,45,SCOOTER,No Junction,0.0,0.6644444444444444,0.7066666666666667,26.436,37,Banaswadi,0.32008842927806047,0.20512820512820512,12.483448741844363,2,Morning Peak (08-12),0.587,0.1878919079862215,5.0,104
215_155,13.02290259090909,77.53284250454546,22,HGV,No Junction,0.0,0.6636363636363636,1.440909090909091,25.949999999999996,22,Yeshwanthpura,0.20269401687090255,0.0,7.905066657965199,2,Morning Peak (08-12),1.18,0.239178939907665,6.2,100
215_189,13.02342494436907,77.58485030502614,234,CAR,No Junction,0.0,0.6594017094017093,0.9333333333333333,184.75,176,R.T. Nagar,1.7051621965597763,1.4871794871794872,66.50132566583126,2,Morning Peak (08-12),0.79,1.3470781352822234,24.6,103
215_190,13.023717038095239,77.58504747619047,21,CAR,No Junction,0.0,0.6857142857142856,0.9666666666666667,17.681,20,R.T. Nagar,0.1712383391116655,0.02564102564102564,6.678295225354955,2,Morning Peak (08-12),0.842,0.14418268153202235,3.9,103
215_195,13.023323380701754,77.59270854122808,114,SCOOTER,No Junction,0.0,0.7052631578947368,0.7771929824561403,68.224,114,R.T. Nagar,0.39772828761897216,0.0,15.511403217139915,1,Early Morning (04-08),0.598,0.23784151599614534,6.2,102
215_224,13.022767730156621,77.63724896365669,20,SCOOTER,No Junction,0.0,0.6649999999999999,0.6399999999999999,9.354000000000001,18,Banaswadi,0.25487518794079,0.05128205128205128,9.940132329690808,3,Afternoon (12-16),0.468,0.11928158795628972,3.2,104
215_225,13.02259863,77.637808725,40,SCOOTER,No Junction,0.0,0.6975,0.645,20.154,40,Banaswadi,0.3743148572415948,0.0,14.598279432422197,3,Afternoon (12-16),0.504,0.1886546880497638,5.0,104
216_190,13.024815353333333,77.58524704285715,105,MOTOR CYCLE,No Junction,0.0,0.6799999999999999,0.8057142857142856,61.714,61,R.T. Nagar,0.5487028556026118,1.1282051282051282,21.39941136850186,1,Early Morning (04-08),0.588,0.3226372790943357,8.1,103
216_195,13.024454316216216,77.59330317837838,74,CAR,No Junction,0.0,0.6635135135135134,0.8918918918918919,42.37,73,R.T. Nagar,0.3859391808159684,0.02564102564102564,15.051628051822766,1,Early Morning (04-08),0.573,0.22114315060754988,5.8,102
217_162,13.026636342105263,77.54391943947368,38,CAR,No Junction,0.0,0.6736842105263158,0.8999999999999999,22.645,34,Yeshwanthpura,0.280541499295794,0.10256410256410256,10.941118472535964,0,Late Night (00-04),0.596,0.1672027335802932,4.5,105
217_186,13.026850589839848,77.57959233415622,115,MOTOR CYCLE,No Junction,0.0,0.6852173913043478,0.8547826086956521,62.693,57,Kodigehalli,0.5413562831564374,1.4871794871794872,21.112895043101055,1,Early Morning (04-08),0.545,0.2950391743202584,7.5,106
217_190,13.026347468421053,77.58564757368421,38,CAR,No Junction,0.0,0.6394736842105262,0.9263157894736841,23.099999999999998,30,R.T. Nagar,0.20193048713433376,0.20512820512820512,7.875288998239017,2,Morning Peak (08-12),0.608,0.12277373617767492,3.3,103
217_280,13.026394183333334,77.72057724285715,42,CAR,No Junction,0.0,0.6333333333333333,0.9880952380952381,27.471,39,K.R. Pura,0.45358234025112704,0.07692307692307693,17.689711269793953,2,Morning Peak (08-12),0.654,0.2966428505242371,7.5,337
218_161,13.027753784615385,77.5422989989011,182,MOTOR CYCLE,No Junction,0.0,0.6538461538461539,0.6626373626373626,91.172,126,Yeshwanthpura,1.0969337629169484,1.435897435897436,42.780416753760996,2,Morning Peak (08-12),0.501,0.5495638152213912,12.6,105
218_162,13.027298907627118,77.5433125457627,118,MOTOR CYCLE,No Junction,0.0,0.6203389830508474,0.7084745762711864,57.246,91,Yeshwanthpura,0.8968878429952608,0.6923076923076923,34.97862587681517,1,Early Morning (04-08),0.485,0.4349906038527015,10.4,105
218_174,13.028328303276368,77.56187998598634,20,CAR,No Junction,0.0,0.78,0.96,16.188000000000002,10,Yeshwanthpura,0.09288686599413923,0.2564102564102564,3.62258777377143,2,Morning Peak (08-12),0.809,0.07514547458925865,2.1,338
218_181,13.028174555952381,77.57245821964287,168,CAR,No Junction,0.0,0.6809523809523809,0.8261904761904763,116.95599999999999,133,Sadashivanagar,1.2322803324046665,0.8974358974358975,48.058932963782,2,Morning Peak (08-12),0.696,0.8576671113536478,17.9,106
218_182,13.027997658064516,77.57364761684588,279,CAR,No Junction,0.0,0.67168458781362,0.9491039426523298,195.582,206,Sadashivanagar,1.8567979596324455,1.8717948717948718,72.41512042566538,2,Morning Peak (08-12),0.701,1.3016153697023443,24.0,106
218_183,13.027648571232877,77.57526060479452,146,CAR,No Junction,0.0,0.682876712328767,0.9986301369863014,127.70199999999998,112,Sadashivanagar,0.9430975232963659,0.8717948717948718,36.78080340855827,2,Morning Peak (08-12),0.875,0.8252103328843201,17.3,106
218_184,13.02736087377049,77.57668090327869,61,CAR,No Junction,0.0,0.6918032786885245,0.9508196721311475,42.727999999999994,44,Sadashivanagar,0.39952713610639284,0.4358974358974359,15.58155830814932,2,Morning Peak (08-12),0.7,0.279668995274475,7.1,106
218_185,13.027202583561644,77.57814621643836,73,CAR,No Junction,0.0,0.6767123287671233,0.9876712328767122,45.288,56,Kodigehalli,0.4164121060178456,0.4358974358974359,16.240072134695975,0,Late Night (00-04),0.62,0.2581755057310643,6.6,106
218_186,13.027232849999999,77.57947696481482,54,CAR,No Junction,0.0,0.6814814814814815,0.8444444444444444,29.126,34,Kodigehalli,0.33740899091734816,0.5128205128205128,13.158950645776576,1,Early Morning (04-08),0.539,0.18186344610445068,4.8,106
218_190,13.027714284285715,77.58602406785714,140,CAR,No Junction,0.0,0.6542857142857142,0.9,88.5,107,R.T. Nagar,1.006563809528072,0.8461538461538461,39.255988571594806,2,Morning Peak (08-12),0.632,0.6361483276217416,14.2,103
219_158,13.029741805405404,77.5380022054054,37,PASSENGER AUTO,No Junction,0.0,0.7999999999999999,1.0432432432432432,22.194,21,Yeshwanthpura,0.2325200094590276,0.41025641025641024,9.068280368902077,0,Late Night (00-04),0.6,0.13951200567541655,3.8,107
219_159,13.029019447243336,77.53929538906803,113,CAR,No Junction,0.0,0.8088495575221238,0.9831858407079646,71.844,85,Yeshwanthpura,0.7790612362004626,0.717948717948718,30.38338821181804,0,Late Night (00-04),0.636,0.49548294622349426,11.6,107
219_160,13.028936819088452,77.54030709547945,73,CAR,No Junction,0.0,0.6616438356164384,0.9438356164383562,48.149,55,Yeshwanthpura,0.5435822468575646,0.46153846153846156,21.19970762744502,2,Morning Peak (08-12),0.66,0.35876428292599266,8.8,107
219_180,13.028971744516129,77.57085955870967,155,SCOOTER,No Junction,0.0,0.64,0.6129032258064516,69.066,61,Sadashivanagar,0.6755514977701416,2.41025641025641,26.346508413035522,2,Morning Peak (08-12),0.446,0.30129596800548314,7.6,106
219_187,13.029311768181817,77.58092817727272,22,CAR,No Junction,0.0,0.7,0.990909090909091,22.889999999999997,4,Kodigehalli,0.04131049599932827,0.46153846153846156,1.6111093439738025,2,Morning Peak (08-12),1.04,0.042962915839301404,1.2,339
220_156,13.031021356666665,77.53517201666666,60,MOTOR CYCLE,No Junction,0.0,0.6566666666666666,0.7866666666666666,29.772,34,Yeshwanthpura,0.3247292991163757,0.6666666666666666,12.664442665538653,1,Early Morning (04-08),0.496,0.16106573236172236,4.3,107
220_157,13.030632553887346,77.53640422346498,330,CAR,No Junction,0.0,0.7433333333333333,0.8693939393939393,248.21099999999998,267,Yeshwanthpura,2.524350101845082,1.6153846153846154,98.4496539719582,2,Morning Peak (08-12),0.752,1.8983112765875014,30.7,107
220_158,13.030231973770492,77.5376030295082,61,PASSENGER AUTO,No Junction,0.0,0.7557377049180328,0.9508196721311475,35.402,51,Yeshwanthpura,0.48735180815422097,0.2564102564102564,19.00672051801462,0,Late Night (00-04),0.58,0.2826640487294481,7.2,107
221_172,13.032529733333334,77.55876366666666,33,CAR,No Junction,0.0,1.0,0.7727272727272727,31.05,29,Yeshwanthpura,0.312901331567377,0.10256410256410256,12.203151931127703,2,Morning Peak (08-12),0.941,0.29444015300490173,7.4,108
221_175,13.032341392592594,77.5638845962963,27,CAR,No Junction,0.0,0.6925925925925925,1.0074074074074073,13.596,17,Yeshwanthpura,0.1448324241622273,0.2564102564102564,5.648464542326865,1,Early Morning (04-08),0.504,0.07299554177776256,2.0,340
221_215,13.031702426086957,77.62316460869565,23,CAR,No Junction,0.0,0.6217391304347826,1.1,12.258000000000001,7,K.G. Halli,0.044118772427415215,0.41025641025641024,1.7206321246691936,1,Early Morning (04-08),0.533,0.02351530570381231,0.7,341
221_218,13.032876786956521,77.62732889565218,23,CAR,No Junction,0.0,0.6130434782608696,1.0260869565217392,10.416,10,K.G. Halli,0.07897079024214425,0.3333333333333333,3.0798608194436263,0,Late Night (00-04),0.453,0.03577376797969135,1.0,342
222_171,13.034091955276995,77.55765345106606,74,SCOOTER,No Junction,0.0,0.8783783783783784,0.7972972972972973,49.418,56,Yeshwanthpura,0.5441533909556467,0.46153846153846156,21.221982247270223,1,Early Morning (04-08),0.668,0.363494465158372,8.9,108
222_172,13.03332449047619,77.55824283650793,63,SCOOTER,No Junction,0.0,0.9492063492063492,0.6888888888888889,42.92,39,Yeshwanthpura,0.32362085861217893,0.6153846153846154,12.621213485874977,2,Morning Peak (08-12),0.681,0.22038580471489386,5.7,108
222_192,13.033868368569362,77.58854427815392,193,CAR,No Junction,0.0,0.6098445595854922,0.8176165803108809,101.66,159,Hebbala,1.4982575567623262,0.8717948717948718,58.43204471373072,1,Early Morning (04-08),0.527,0.789581732413746,16.8,111
222_216,13.034165893684209,77.62443388210527,95,CAR,No Junction,0.0,0.6,1.1021052631578947,48.69,78,K.G. Halli,0.6599446575306546,0.4358974358974359,25.73784164369553,0,Late Night (00-04),0.513,0.3385516093132258,8.4,109
223_142,13.03567271923077,77.51379165128205,26,CAR,No Junction,0.0,0.6192307692307691,0.9961538461538461,14.22,26,Peenya,0.3567234478429498,0.0,13.91221446587504,1,Early Morning (04-08),0.547,0.19512772597009356,5.1,343
223_171,13.034728226975918,77.55725793322767,77,CAR,No Junction,0.0,0.7259740259740259,0.8662337662337662,42.098,69,Yeshwanthpura,0.528671883682994,0.20512820512820512,20.618203463636767,0,Late Night (00-04),0.547,0.28918352037459777,7.3,108
223_178,13.03529535652174,77.56754698695653,23,CAR,No Junction,0.0,0.6695652173913044,0.991304347826087,17.497999999999998,12,Sadashivanagar,0.12063366396959871,0.28205128205128205,4.7047128948143495,2,Morning Peak (08-12),0.761,0.09180221828086461,2.5,344
223_183,13.03567003488372,77.57509435813954,43,SCOOTER,No Junction,0.0,0.7,0.6837209302325581,30.869999999999997,43,Kodigehalli,0.5388873091779763,0.0,21.016605057941078,2,Morning Peak (08-12),0.718,0.38692108798978697,9.4,110
223_192,13.03532025310631,77.58902589547083,2529,SCOOTER,No Junction,0.0,0.6190984578884935,0.7402530644523527,1241.096,1927,Hebbala,17.794083940130726,15.435897435897436,693.9692736650983,1,Early Morning (04-08),0.491,8.736895214604186,65.6,111
223_215,13.034841115517242,77.62337808103449,58,TEMPO,No Junction,0.0,0.6,1.0706896551724137,40.662,30,K.G. Halli,0.28499003672040213,0.717948717948718,11.114611432095684,2,Morning Peak (08-12),0.701,0.19977801574100187,5.3,109
223_216,13.035121282105262,77.62487519157895,95,CAR,No Junction,0.0,0.6042105263157894,1.211578947368421,55.766999999999996,90,K.G. Halli,0.7921585590344837,0.1282051282051282,30.894183802344862,0,Late Night (00-04),0.587,0.46499707415324193,11.0,109
223_289,13.034728214285714,77.73416345714286,21,MOTOR CYCLE,No Junction,0.0,0.6,0.7380952380952381,5.58,21,K.R. Pura,0.2220574885992218,0.0,8.66024205536965,0,Late Night (00-04),0.266,0.05906729196739301,1.7,345
223_290,13.035750444736841,77.73546707631579,38,CAR,No Junction,0.0,0.7763157894736842,0.9315789473684211,30.46,21,K.R. Pura,0.2220954186037065,0.4358974358974359,8.661721325544555,1,Early Morning (04-08),0.802,0.17812052572017262,4.7,346
224_182,13.037094055,77.57438634500001,20,CAR,No Junction,0.0,0.69,0.8099999999999999,14.351999999999999,13,Kodigehalli,0.0959759887260758,0.1794871794871795,3.7430635603169558,1,Early Morning (04-08),0.718,0.06891075990532242,1.9,110
224_183,13.03689135,77.574684385,60,MOTOR CYCLE,No Junction,0.0,0.6966666666666667,0.7616666666666666,39.272999999999996,33,Kodigehalli,0.23024020593323138,0.6923076923076923,8.979368031396024,2,Morning Peak (08-12),0.655,0.15080733488626658,4.0,110
224_192,13.03624177286432,77.58933698944723,199,PASSENGER AUTO,No Junction,0.0,0.6693467336683416,0.8653266331658291,131.738,147,Hebbala,1.2653147207104412,1.3333333333333333,49.347274107707214,2,Morning Peak (08-12),0.662,0.8376383451103121,17.5,111
224_193,13.036539630555556,77.58957824166666,36,SCOOTER,No Junction,0.0,0.6472222222222221,0.7666666666666667,20.491999999999997,32,Hebbala,0.3229121211858925,0.10256410256410256,12.593572726249807,1,Early Morning (04-08),0.569,0.18373699695477283,4.9,111
224_215,13.036610316129032,77.62332163225805,31,CAR,No Junction,0.0,0.6290322580645161,0.9096774193548387,17.076,26,K.G. Halli,0.227344473032025,0.1282051282051282,8.866434448248976,0,Late Night (00-04),0.551,0.1252668046406458,3.4,109
224_216,13.036570023809523,77.62516105714286,21,CAR,No Junction,0.0,0.6047619047619047,1.2,12.443999999999999,21,K.G. Halli,0.2031375506653309,0.0,7.922364475947905,0,Late Night (00-04),0.593,0.12046056754454122,3.3,109
225_145,13.03834205,77.5181795939394,22,CAR,No Junction,0.0,0.890909090909091,1.0,28.362,22,Peenya,0.27202106838569673,0.0,10.608821667042172,2,Morning Peak (08-12),1.289,0.35063515714916305,8.7,112
225_177,13.038250913636364,77.56621795,22,CAR,No Junction,0.0,0.6681818181818181,1.009090909090909,20.034,21,Kodigehalli,0.18372001856194414,0.02564102564102564,7.165080723915821,2,Morning Peak (08-12),0.911,0.16736893690993113,4.5,347
225_193,13.03792865111111,77.58958825333333,45,MOTOR CYCLE,No Junction,0.0,0.6377777777777778,0.7333333333333333,26.75,34,Hebbala,0.3699475017143396,0.28205128205128205,14.427952566859245,2,Morning Peak (08-12),0.594,0.21974881601831772,5.7,111
226_145,13.039998314619881,77.51854390545809,171,PASSENGER AUTO,No Junction,0.0,0.6701754385964912,0.9847953216374269,122.80799999999999,144,Peenya,1.6727263510383137,0.6923076923076923,65.23632769049424,2,Morning Peak (08-12),0.718,1.201017520045509,22.7,112
226_146,13.03969638,77.51913849,20,BUS (BMTC/KSRTC),No Junction,0.0,0.7,1.1,13.113,19,Peenya,0.21402967356487565,0.02564102564102564,8.34715726903015,0,Late Night (00-04),0.656,0.14040346585855842,3.8,112
226_192,13.03970117777778,77.58937485555555,27,CAR,No Junction,0.0,0.7,0.9962962962962962,18.355999999999998,14,Kodigehalli,0.140538086333362,0.3333333333333333,5.480985367001118,3,Afternoon (12-16),0.68,0.09556589870668618,2.6,111
226_193,13.039862685964913,77.58978887719297,57,SCOOTER,No Junction,0.0,0.6807017543859648,0.8175438596491228,37.834,52,Hebbala,0.46126365413163756,0.1282051282051282,17.989282511133865,2,Morning Peak (08-12),0.664,0.30627906634340735,7.7,111
227_142,13.041630818367349,77.51444509183673,49,CAR,No Junction,0.0,0.6265306122448979,0.8918367346938776,30.605999999999998,26,Peenya,0.27994281419726347,0.5897435897435898,10.917769753693275,2,Morning Peak (08-12),0.625,0.17496425887328967,4.6,348
227_145,13.040723281818181,77.51853067727274,22,PASSENGER AUTO,No Junction,0.0,0.6454545454545454,0.8636363636363636,10.584,9,Chikkabanavara,0.08155077796809179,0.3333333333333333,3.18048034075558,0,Late Night (00-04),0.481,0.03922592420265215,1.1,112
227_193,13.040873634210527,77.58978565526316,38,SCOOTER,No Junction,0.0,0.6605263157894736,0.8052631578947368,18.602,35,Kodigehalli,0.373425420988597,0.07692307692307693,14.563591418555283,1,Early Morning (04-08),0.49,0.18297845628441253,4.8,111
228_143,13.042365169565217,77.51464338695652,23,CAR,No Junction,0.0,0.7391304347826086,0.9217391304347826,18.843999999999998,13,Chikkabanavara,0.13243059707970367,0.2564102564102564,5.164793286108443,2,Morning Peak (08-12),0.819,0.1084606590082773,3.0,349
228_193,13.042854875,77.59044300000001,20,BUS (BMTC/KSRTC),No Junction,0.0,0.695,1.0699999999999998,14.346,17,Kodigehalli,0.16406284964987955,0.07692307692307693,6.398451136345304,0,Late Night (00-04),0.717,0.11763306319896363,3.2,111
230_137,13.045440996666667,77.50638495666666,60,PASSENGER AUTO,No Junction,0.0,0.69,0.88,36.099,42,Peenya,0.4754410506020656,0.46153846153846156,18.542200973480558,1,Early Morning (04-08),0.602,0.2862155124624435,7.3,350
230_138,13.045396875862068,77.5075223724138,116,PASSENGER AUTO,No Junction,0.0,0.6862068965517241,0.8525862068965517,70.79899999999999,66,Chikkabanavara,0.7120751823539854,1.2820512820512822,27.77093211180543,1,Early Morning (04-08),0.61,0.43436586123593107,10.4,351
230_148,13.046111700551208,77.52249587372562,25,CAR,No Junction,0.0,0.6359999999999999,0.84,10.932,18,Jalahalli,0.20080786588405686,0.1794871794871795,7.831506769478218,0,Late Night (00-04),0.437,0.08775303739133285,2.4,352
230_165,13.045555724000002,77.54849731600001,25,CAR,No Junction,0.0,0.736,0.9440000000000001,23.79,25,Jalahalli,0.24903685879351145,0.0,9.712437492946947,2,Morning Peak (08-12),0.952,0.23708308957142288,6.1,353
230_218,13.045565969230768,77.62732425384615,26,SCOOTER,No Junction,0.0,0.6,0.6153846153846154,10.656,17,Hennuru,0.2988964237014366,0.23076923076923078,11.656960524356029,2,Morning Peak (08-12),0.41,0.122547533717589,3.3,354
230_300,13.045868462857142,77.75038690214286,140,CAR,No Junction,0.0,0.72,0.9714285714285714,108.013,107,K.R. Pura,1.1332344475886567,0.8461538461538461,44.19614345595761,2,Morning Peak (08-12),0.772,0.8748569935384429,18.1,355
231_133,13.04711527142857,77.5008683936508,63,SCOOTER,No Junction,0.0,0.6984126984126984,0.6682539682539683,25.596,63,Peenya,0.4943641732684334,0.0,19.280202757468906,0,Late Night (00-04),0.406,0.20071185434698396,5.3,356
231_134,13.047064039215686,77.5011584764706,51,SCOOTER,No Junction,0.0,0.6941176470588235,0.6,19.926,51,Peenya,0.4772199733967908,0.0,18.61157896247484,1,Early Morning (04-08),0.391,0.1865930095981452,4.9,357
231_180,13.047348031818181,77.57090897272727,22,CAR,No Junction,0.0,0.6681818181818181,1.0136363636363637,10.152,22,Kodigehalli,0.22064489108713595,0.0,8.605150752398302,0,Late Night (00-04),0.461,0.10171729479116967,2.8,113
231_181,13.047374295454546,77.57203401818182,44,CAR,No Junction,0.0,0.6636363636363636,0.9727272727272727,22.47,40,Kodigehalli,0.29201570928160614,0.10256410256410256,11.38861266198264,0,Late Night (00-04),0.511,0.14922002744290075,4.0,113
231_182,13.047431563157895,77.57392536842106,57,CAR,No Junction,0.0,0.6894736842105262,0.9210526315789473,32.649,48,Kodigehalli,0.40711297793338536,0.23076923076923078,15.877406139402028,1,Early Morning (04-08),0.573,0.2332757363558298,6.0,113
231_183,13.04739840754717,77.57563896957546,424,SCOOTER,No Junction,0.0,0.6943396226415094,0.6931603773584906,187.949,100,Kodigehalli,1.1586001374944057,8.307692307692308,45.18540536228181,0,Late Night (00-04),0.443,0.5132598609100217,11.9,113
231_184,13.047588723303836,77.57635147020649,339,MOTOR CYCLE,No Junction,0.0,0.6504424778761062,0.7292035398230088,161.724,212,Kodigehalli,2.223681520016619,3.2564102564102564,86.72357928064814,2,Morning Peak (08-12),0.477,1.0606960850479272,20.8,113
231_185,13.047809037037037,77.578086,27,CAR,No Junction,0.0,0.6814814814814815,0.8740740740740741,14.475999999999999,20,Kodigehalli,0.16158554675811948,0.1794871794871795,6.3018363235666595,1,Early Morning (04-08),0.536,0.08660985306235204,2.4,113
232_131,13.048991170222221,77.49726695585186,45,SCOOTER,No Junction,0.0,0.7911111111111111,0.9111111111111111,36.861,35,Chikkabanavara,0.41411903943754946,0.2564102564102564,16.150642538064428,2,Morning Peak (08-12),0.819,0.33916349329935297,8.4,358
232_132,13.048648155185186,77.4985022562963,27,SCOOTER,No Junction,0.0,0.7185185185185184,0.6,13.176,15,Chikkabanavara,0.23217856414808025,0.3076923076923077,9.05496400177513,1,Early Morning (04-08),0.488,0.11330313930426315,3.1,359
232_162,13.048981049999998,77.54336718181818,22,CAR,No Junction,0.0,0.7636363636363637,0.9590909090909091,15.617999999999999,14,Jalahalli,0.15905967778871252,0.20512820512820512,6.20332743375979,0,Late Night (00-04),0.71,0.11293237122998588,3.1,360
232_195,13.049313676428572,77.5933435842857,140,SCOOTER,No Junction,0.0,0.6042857142857142,0.6257142857142857,52.238,132,Hebbala,1.1288284185988209,0.20512820512820512,44.02430832535401,1,Early Morning (04-08),0.373,0.4210530001373602,10.1,114
233_129,13.050181921818181,77.49448386,55,CAR,No Junction,0.0,0.7109090909090908,0.989090909090909,32.556,42,Chikkabanavara,0.5105584332183078,0.3333333333333333,19.911778895514004,0,Late Night (00-04),0.592,0.3022505924652382,7.6,361
233_138,13.050168264705881,77.5077196882353,34,CAR,No Junction,0.0,0.6441176470588235,0.8058823529411764,18.772000000000002,15,Chikkabanavara,0.17538182304672142,0.48717948717948717,6.839891098822135,3,Afternoon (12-16),0.552,0.09681076632179024,2.7,362
233_150,13.05046507236181,77.52552964170854,199,SCOOTER,No Junction,0.0,0.6432160804020101,0.6,82.206,199,Jalahalli,1.355502319204769,0.0,52.864590448985986,0,Late Night (00-04),0.413,0.5598224578315696,12.8,363
233_168,13.05076866147541,77.5528290852459,122,SCOOTER,No Junction,0.0,0.6770491803278688,0.7245901639344262,66.522,80,Jalahalli,0.699955852319638,1.0769230769230769,27.29827824046588,2,Morning Peak (08-12),0.545,0.3814759395142027,9.3,364
233_195,13.050210648623853,77.59291215321102,218,CAR,No Junction,0.0,0.6811926605504587,0.9788990825688073,131.88299999999998,170,Kodigehalli,1.46623146517829,1.2307692307692308,57.18302714195331,0,Late Night (00-04),0.605,0.8870700364328654,18.3,114
233_220,13.0501532375,77.63027920208333,48,MOTOR CYCLE,No Junction,0.0,0.6,0.6166666666666666,20.724,40,Hennuru,0.5391435345834267,0.20512820512820512,21.02659784875364,3,Afternoon (12-16),0.432,0.23291000694004033,6.0,365
234_168,13.051347223255815,77.5523616627907,43,CAR,No Junction,0.0,0.7674418604651163,0.8744186046511628,31.080000000000002,30,Jalahalli,0.3069647199004236,0.3333333333333333,11.971624076116521,1,Early Morning (04-08),0.723,0.22193549248800626,5.8,366
234_195,13.051290179591836,77.59345457959184,49,CAR,No Junction,0.0,0.6714285714285714,0.8959183673469387,26.156,32,Kodigehalli,0.30687366069904937,0.4358974358974359,11.968072767262925,2,Morning Peak (08-12),0.534,0.16387053481329236,4.4,114
235_195,13.05382274819277,77.59281933493976,83,SCOOTER,No Junction,0.0,0.6903614457831325,0.6048192771084336,46.614,83,Kodigehalli,0.535797750186443,0.0,20.896112257271277,2,Morning Peak (08-12),0.562,0.301118335604781,7.6,367
236_138,13.054927083333334,77.50761476904762,84,CAR,No Junction,0.0,0.6142857142857142,0.9619047619047618,55.608,59,Chikkabanavara,0.6789887804646594,0.6410256410256411,26.480562438121716,2,Morning Peak (08-12),0.662,0.44949057266760456,10.7,368
236_156,13.055056013207546,77.53465663018868,53,SCOOTER,No Junction,0.0,0.6641509433962264,0.8264150943396226,35.187,46,Jalahalli,0.4651976406865933,0.1794871794871795,18.14270798677714,2,Morning Peak (08-12),0.664,0.30889123341589797,7.8,369
236_308,13.05451060714286,77.7628191404762,42,MOTOR CYCLE,No Junction,0.0,0.6571428571428571,0.6571428571428571,26.622,41,K.R. Pura,0.48614123131001674,0.02564102564102564,18.959508021090652,2,Morning Peak (08-12),0.634,0.3082135406505506,7.7,370
236_309,13.055170111538462,77.76449870769231,26,MOTOR CYCLE,No Junction,0.0,0.8,0.6,18.72,26,K.R. Pura,0.3436969462126324,0.0,13.404180902292664,2,Morning Peak (08-12),0.72,0.24746180127309533,6.4,371
237_164,13.056796323750001,77.54697597625,80,CAR,No Junction,0.0,0.625,0.835,46.308,61,Jalahalli,0.6545610928021954,0.48717948717948717,25.52788261928562,2,Morning Peak (08-12),0.579,0.3789908727324711,9.3,115
237_196,13.055722338095238,77.59428697619049,21,SCOOTER,No Junction,0.0,0.6142857142857142,0.6190476190476191,7.01,21,Hebbala,0.21358554075542885,0.0,8.329836089461725,1,Early Morning (04-08),0.334,0.07133757061231324,2.0,372
238_115,13.057334833333332,77.47313015238095,21,CAR,No Junction,0.0,0.7047619047619047,1.0095238095238095,16.398,6,No Police Station,0.08884256816358829,0.38461538461538464,3.4648601583799437,2,Morning Peak (08-12),0.781,0.06938604573576246,1.9,373
238_164,13.057606605882352,77.54655403725491,51,CAR,No Junction,0.0,0.6607843137254901,0.8509803921568627,34.158,40,Jalahalli,0.4255036626333079,0.28205128205128205,16.59464284269901,2,Morning Peak (08-12),0.67,0.28508745396431634,7.2,115
238_165,13.057286272727273,77.54779903939394,33,CAR,No Junction,0.0,0.603030303030303,0.9636363636363636,18.756,28,Jalahalli,0.3110281728783415,0.1282051282051282,12.130098742255319,0,Late Night (00-04),0.568,0.17666400219489795,4.7,115
238_194,13.058233265706,77.59154981786148,105,CAR,No Junction,0.0,0.6876190476190477,1.020952380952381,79.42399999999999,80,Kodigehalli,0.7206535199933156,0.6410256410256411,28.10548727973931,3,Afternoon (12-16),0.756,0.5448140611149466,12.5,116
238_195,13.058086743121377,77.59319503777976,58,CAR,No Junction,0.0,0.6379310344827587,0.9551724137931035,46.571999999999996,45,Kodigehalli,0.40729652311863274,0.3333333333333333,15.884564401626676,2,Morning Peak (08-12),0.803,0.3270591080642621,8.2,116
239_184,13.059754739274377,77.57673154858861,51,CAR,No Junction,0.0,0.7,0.9745098039215687,37.346,31,Kodigehalli,0.2232854618594093,0.5128205128205128,8.708133012516964,2,Morning Peak (08-12),0.732,0.1634449580810876,4.4,374
239_191,13.0594064875,77.58760752916668,24,CAR,No Junction,0.0,0.7124999999999999,0.8958333333333334,19.625,23,Kodigehalli,0.24469228080647648,0.02564102564102564,9.542998951452583,2,Morning Peak (08-12),0.818,0.20015828569969774,5.3,117
239_194,13.058702433333334,77.59176307999999,30,CAR,No Junction,0.0,0.69,1.02,24.413999999999998,29,Kodigehalli,0.28073333978376525,0.02564102564102564,10.948600251566846,2,Morning Peak (08-12),0.814,0.2285169385839849,5.9,116
239_195,13.05889480603337,77.59307080679892,55,CAR,No Junction,0.0,0.6545454545454545,0.8945454545454546,35.992,38,Kodigehalli,0.2612548879469211,0.4358974358974359,10.188940629929922,2,Morning Peak (08-12),0.654,0.1708606967172864,4.5,116
240_107,13.060770322857143,77.46126350571429,35,CAR,No Junction,0.0,0.7028571428571428,0.8114285714285714,19.2,26,No Police Station,0.30497643770057903,0.23076923076923078,11.89408107032258,0,Late Night (00-04),0.549,0.1674320642976179,4.5,375
240_184,13.060461274275802,77.57639986553566,35,CAR,No Junction,0.0,0.7028571428571428,0.9257142857142857,22.612,18,Kodigehalli,0.18887877302016096,0.4358974358974359,7.366272147786277,2,Morning Peak (08-12),0.646,0.12201568737102399,3.3,376
240_191,13.06109021875,77.587291978125,32,CAR,No Junction,0.0,0.734375,1.0,26.899,30,Kodigehalli,0.3166019120456546,0.05128205128205128,12.347474569780529,3,Afternoon (12-16),0.841,0.26626220803039546,6.8,117
240_234,13.060479233898306,77.65207519152541,59,CAR,No Junction,0.0,0.6186440677966102,0.8203389830508474,34.17,7,Hennuru,0.0871329202803032,1.3333333333333333,3.3981838909318247,1,Early Morning (04-08),0.579,0.05044996084229555,1.4,377
241_191,13.06220404477612,77.58719368656716,67,CAR,No Junction,0.0,0.7059701492537312,0.9850746268656716,51.032000000000004,53,Kodigehalli,0.4781416776329356,0.358974358974359,18.64752542768449,3,Afternoon (12-16),0.762,0.3643439583562969,9.0,117
241_194,13.062905757894738,77.59223477368421,38,CAR,No Junction,0.0,0.7421052631578947,0.9736842105263158,27.458000000000002,37,Kodigehalli,0.3358527830153193,0.02564102564102564,13.098258537597452,3,Afternoon (12-16),0.723,0.24282156212007583,6.3,117
241_195,13.062566413559322,77.59286456271187,59,CAR,No Junction,0.0,0.688135593220339,0.976271186440678,41.914,45,Kodigehalli,0.42202597800489955,0.358974358974359,16.459013142191083,3,Afternoon (12-16),0.71,0.29963844438347864,7.6,117
242_191,13.063574838202246,77.58708298820225,178,CAR,No Junction,0.0,0.6938202247191011,0.8769662921348315,110.533,126,Kodigehalli,1.0917677643440875,1.3333333333333333,42.5789428094194,3,Afternoon (12-16),0.621,0.6779877816576784,14.9,117
242_192,13.063744518181819,77.58885454935064,77,CAR,No Junction,0.0,0.7285714285714285,0.922077922077922,48.7,56,Kodigehalli,0.5290072300226829,0.5384615384615384,20.631281970884633,0,Late Night (00-04),0.632,0.3343325693743356,8.3,117
242_193,13.063682175,77.59029967578125,128,CAR,No Junction,0.0,0.715625,0.79921875,77.389,62,Kodigehalli,0.60974201478608,1.6923076923076923,23.779938576657123,3,Afternoon (12-16),0.605,0.36889391894557844,9.1,117
242_194,13.063304798039217,77.59159709411765,102,CAR,No Junction,0.0,0.7401960784313726,0.9519607843137254,72.517,85,Kodigehalli,0.8676048511025292,0.4358974358974359,33.83658919299864,3,Afternoon (12-16),0.711,0.6168670491338982,13.9,117
244_196,13.066836868181817,77.59430836363636,22,SCOOTER,No Junction,0.0,0.6,0.6,7.128,22,Hebbala,0.2315301221153431,0.0,9.029674762498383,1,Early Morning (04-08),0.324,0.07501575956537117,2.1,118
245_153,13.06854769130435,77.53013169782608,46,SCOOTER,No Junction,0.0,0.6413043478260869,0.6913043478260869,22.358,29,Jalahalli,0.3457806399555955,0.4358974358974359,13.485444958268225,3,Afternoon (12-16),0.486,0.1680493910184194,4.5,378
245_195,13.068402589545014,77.59272868158186,98,CAR,No Junction,0.0,0.6724489795918367,0.8591836734693877,69.32,72,Kodigehalli,0.6633719593712052,0.6666666666666666,25.871506415477,2,Morning Peak (08-12),0.707,0.469003975275442,11.1,118
245_217,13.06879189512195,77.6259800804878,41,SCOOTER,No Junction,0.0,0.6097560975609756,0.648780487804878,17.988,28,Hennuru,0.29387402073742525,0.3333333333333333,11.461086808759585,3,Afternoon (12-16),0.439,0.12901069510372967,3.5,379
245_219,13.06813081111111,77.62938534074074,27,CAR,No Junction,0.0,0.7851851851851852,0.9185185185185185,19.854,27,Hennuru,0.18941742265777362,0.0,7.387279483653171,1,Early Morning (04-08),0.735,0.1392218056534636,3.8,380
246_153,13.06957309,77.529886845,20,CAR,No Junction,0.0,0.7,0.8300000000000001,15.274,8,Jalahalli,0.0737922942220478,0.3076923076923077,2.8778994746598645,3,Afternoon (12-16),0.764,0.05637731278564453,1.6,381
246_190,13.069694008571428,77.58576072285716,35,SCOOTER,No Junction,0.0,0.6514285714285714,0.6514285714285715,17.42,29,Kodigehalli,0.3007671056347642,0.15384615384615385,11.729917119755804,2,Morning Peak (08-12),0.498,0.1497820186061126,4.0,118
246_191,13.070299999676724,77.58751348976294,928,SCOOTER,No Junction,0.0,0.6739224137931035,0.6821120689655172,549.17,618,Kodigehalli,6.327224905897974,7.948717948717949,246.76177133002093,2,Morning Peak (08-12),0.592,3.7457171442916004,44.9,118
246_192,13.06987242857143,77.58816963714285,35,SCOOTER,No Junction,0.0,0.6542857142857142,0.7142857142857143,22.238,16,Kodigehalli,0.17319584898739043,0.48717948717948717,6.754638110508227,2,Morning Peak (08-12),0.635,0.10997936410699292,3.0,118
246_194,13.069593212707215,77.59239675846153,39,SCOOTER,No Junction,0.0,0.7,0.6871794871794872,25.308,3,Kodigehalli,0.04160133837087099,0.9230769230769231,1.6224521964639689,2,Morning Peak (08-12),0.649,0.026999268602695272,0.8,118
246_195,13.069463745945946,77.59269891081081,37,SCOOTER,No Junction,0.0,0.6459459459459459,0.8324324324324325,23.666,23,Kodigehalli,0.2172361195349607,0.358974358974359,8.472208661863467,2,Morning Peak (08-12),0.64,0.13903111650237485,3.8,118
247_191,13.07098940635951,77.58774614794697,1320,SCOOTER,No Junction,0.0,0.6779545454545455,0.6556060606060606,757.32,789,Kodigehalli,9.494887425866116,13.615384615384615,370.30060960877853,2,Morning Peak (08-12),0.574,5.45006538244715,53.7,118
247_192,13.071382078681808,77.5882195080583,2145,SCOOTER,No Junction,0.0,0.6667132867132867,0.6174358974358973,1129.344,1437,Kodigehalli,14.460488951390552,18.153846153846153,563.9590691042316,2,Morning Peak (08-12),0.527,7.6206776773828215,62.1,118
247_194,13.07127698923077,77.59229522615385,65,SCOOTER,No Junction,0.0,0.6676923076923077,0.76,44.321999999999996,33,Kodigehalli,0.30778606762136873,0.8205128205128205,12.00365663723338,2,Morning Peak (08-12),0.682,0.2099100981177735,5.5,118
247_195,13.071482217266187,77.59300810503596,139,CAR,No Junction,0.0,0.6496402877697841,0.841726618705036,96.12599999999999,100,Hebbala,0.9680597058995029,1.0,37.75432853008061,2,Morning Peak (08-12),0.692,0.6698973164824559,14.8,118
247_222,13.07136248478261,77.63371348695652,46,SCOOTER,No Junction,0.0,0.8239130434782609,0.7869565217391303,33.67,45,Hennuru,0.35100975932388867,0.02564102564102564,13.68938061363166,2,Morning Peak (08-12),0.732,0.2569391438250865,6.6,382
248_192,13.072177872164948,77.58867796804124,97,SCOOTER,No Junction,0.0,0.6742268041237113,0.7216494845360825,60.577999999999996,78,Kodigehalli,0.73179026321814,0.48717948717948717,28.53982026550746,2,Morning Peak (08-12),0.625,0.4573689145113375,10.9,118
248_193,13.072570180851065,77.59028762446809,94,CAR,No Junction,0.0,0.6861702127659575,0.9074468085106383,79.24799999999999,82,Kodigehalli,0.7579062305481122,0.3076923076923077,29.558342991376378,2,Morning Peak (08-12),0.843,0.6389149523520586,14.2,118
248_194,13.07220647027027,77.59186019189188,74,CAR,No Junction,0.0,0.6878378378378378,1.0513513513513513,70.71799999999999,64,Kodigehalli,0.5719304195825321,0.2564102564102564,22.30528636371875,2,Morning Peak (08-12),0.956,0.5467654811209006,12.6,118
248_222,13.07231728918919,77.63374235675676,37,CAR,No Junction,0.0,0.7459459459459459,0.827027027027027,24.23,36,Hennuru,0.2699867837652774,0.02564102564102564,10.529484566845818,1,Early Morning (04-08),0.655,0.1768413433662567,4.7,383
254_165,13.08170637653808,77.54823985096871,38,PASSENGER AUTO,No Junction,0.0,0.6842105263157895,0.9131578947368422,27.878999999999998,19,Yelahanka,0.19164856225129426,0.48717948717948717,7.474293927800476,1,Early Morning (04-08),0.734,0.14067004469244998,3.8,384
255_224,13.083624686206896,77.63697624482758,29,SCOOTER,No Junction,0.0,0.7689655172413793,0.7793103448275862,17.898,29,Hennuru,0.23557366885869094,0.0,9.187373085488947,1,Early Morning (04-08),0.617,0.1453489536858123,3.9,385
255_225,13.08346757586207,77.63826041724137,29,SCOOTER,No Junction,0.0,0.8448275862068966,0.6827586206896552,17.736,29,Hennuru,0.2213109687440013,0.0,8.631127781016051,3,Afternoon (12-16),0.612,0.1354423128713288,3.7,386
261_196,13.092885052173914,77.59420877826088,23,SCOOTER,No Junction,0.0,0.6652173913043478,0.7043478260869565,14.43,21,Yelahanka,0.1740618089519117,0.05128205128205128,6.788410549124556,2,Morning Peak (08-12),0.627,0.10913675421284863,3.0,119
262_196,13.093628374881517,77.59422412417062,211,SCOOTER,No Junction,0.0,0.6895734597156398,0.6388625592417061,114.48,183,Yelahanka,1.553655419511105,0.717948717948718,60.5925613609331,2,Morning Peak (08-12),0.543,0.8436348927945301,17.6,119
263_196,13.0947395,77.59439569285715,42,SCOOTER,No Junction,0.0,0.6833333333333333,0.7142857142857143,22.568,37,Yelahanka,0.3757855923847925,0.1282051282051282,14.65563810300691,1,Early Morning (04-08),0.537,0.20179686311063358,5.3,119
263_200,13.095728784210527,77.60040117105264,38,CAR,No Junction,0.0,0.6973684210526315,0.9894736842105264,17.772,33,Yelahanka,0.3124146605744566,0.1282051282051282,12.184171762403809,0,Late Night (00-04),0.468,0.1462100611488457,3.9,120
264_199,13.097044277546296,77.59955035231481,432,SCOOTER,No Junction,0.0,0.6622685185185184,0.8182870370370371,154.686,229,Yelahanka,2.6294873829949306,5.205128205128205,102.55000793680229,0,Late Night (00-04),0.358,0.9413564831121851,19.1,120
264_200,13.096329537931034,77.60013578620689,29,CAR,No Junction,0.0,0.693103448275862,1.013793103448276,12.948,27,Yelahanka,0.2681927508208838,0.05128205128205128,10.459517282014467,0,Late Night (00-04),0.446,0.11961396686611417,3.3,120
265_182,13.098532819230769,77.57360821923076,26,CAR,No Junction,0.0,0.6076923076923076,0.8692307692307693,19.008,22,Yelahanka,0.23443280155818746,0.10256410256410256,9.14287926076931,2,Morning Peak (08-12),0.731,0.17137037793903503,4.6,387
265_184,13.098641786956522,77.57732423913043,23,SCOOTER,No Junction,0.0,0.6826086956521739,0.6521739130434783,9.162,23,Yelahanka,0.0765707344476167,0.0,2.986258643457051,1,Early Morning (04-08),0.398,0.030475152310151445,0.9,388
265_189,13.098212824242426,77.5844740060606,33,SCOOTER,No Junction,0.0,0.6848484848484848,0.7454545454545455,19.974,5,Yelahanka,0.05666531380451694,0.717948717948718,2.2099472383761603,0,Late Night (00-04),0.605,0.03428251485173275,1.0,389
265_198,13.098448503030303,77.59797390909091,33,MOTOR CYCLE,No Junction,0.0,0.6848484848484848,0.9272727272727272,20.469,32,Yelahanka,0.2674136393967412,0.02564102564102564,10.429131936472904,1,Early Morning (04-08),0.62,0.16579645642597954,4.4,120
265_199,13.097692904651163,77.59911494418606,86,SCOOTER,No Junction,0.0,0.677906976744186,0.9209302325581395,41.681999999999995,46,Yelahanka,0.48665184337409256,1.0256410256410255,18.979421891589613,0,Late Night (00-04),0.485,0.23602614403643488,6.1,120
266_184,13.099261231034482,77.57695220344827,58,CAR,No Junction,0.0,0.6,0.843103448275862,32.058,58,Yelahanka,0.4568476174147732,0.0,17.817057079176156,2,Morning Peak (08-12),0.553,0.2526367324303696,6.5,390
266_192,13.099635416911765,77.58864521323528,136,SCOOTER,No Junction,0.0,0.6147058823529411,0.6882352941176471,72.572,127,Yelahanka,0.9935820746715035,0.23076923076923078,38.74970091218864,2,Morning Peak (08-12),0.534,0.5305728278745829,12.3,391
266_198,13.099362504789989,77.59743079409317,48,MOTOR CYCLE,No Junction,0.0,0.6875,0.8708333333333332,31.868,42,Yelahanka,0.35965971877883185,0.15384615384615385,14.026729032374442,2,Morning Peak (08-12),0.664,0.23881405326914437,6.2,120
279_206,13.119698125,77.60998470833333,24,MAXI-CAB,No Junction,0.0,0.6999999999999998,1.0333333333333334,11.298,24,Yelahanka,0.11594274797793935,0.0,4.5217671711396346,0,Late Night (00-04),0.471,0.05460903429760943,1.5,392
280_212,13.121373861904761,77.61862194761905,21,SCOOTER,No Junction,0.0,0.7142857142857143,0.9238095238095237,13.176,21,Yelahanka,0.12810288107084478,0.0,4.996012361762946,0,Late Night (00-04),0.627,0.08032050643141968,2.2,393
280_221,13.120626927272728,77.63190475454546,33,MAXI-CAB,No Junction,0.0,0.7606060606060605,1.0818181818181818,19.14,33,Yelahanka,0.2677101055591691,0.0,10.440694116807594,0,Late Night (00-04),0.58,0.15527186122431805,4.2,394
281_207,13.122144163157895,77.61099963947369,38,MAXI-CAB,No Junction,0.0,0.6973684210526315,1.0605263157894735,24.93,30,Yelahanka,0.31667092674793673,0.20512820512820512,12.350166143169533,0,Late Night (00-04),0.656,0.2077361279466465,5.4,395
281_208,13.121723285714287,77.61279385238096,21,MAXI-CAB,No Junction,0.0,0.6952380952380952,1.1285714285714286,10.608,15,Yelahanka,0.11282158155035059,0.15384615384615385,4.400041680463673,0,Late Night (00-04),0.505,0.05697489868292705,1.6,396
281_220,13.121995911240877,77.6308247069343,137,CAR,No Junction,0.0,0.810948905109489,0.8963503649635036,97.017,116,Chikkajala,1.0447704908070967,0.5384615384615384,40.746049141476774,3,Afternoon (12-16),0.708,0.7396975074914245,16.0,397
296_211,13.14435543611111,77.61785086527777,72,MOTOR CYCLE,No Junction,0.0,0.6194444444444445,0.7569444444444444,30.188,63,Chikkajala,0.5845251448561303,0.23076923076923078,22.79648064938908,0,Late Night (00-04),0.419,0.24491603569471856,6.3,398
307_217,13.16133968095238,77.62652209047619,21,CAR,No Junction,0.0,0.7714285714285714,0.8999999999999999,15.512,20,Chikkajala,0.14255507742842613,0.02564102564102564,5.559648019708619,2,Morning Peak (08-12),0.739,0.1053482022196069,2.9,399
322_252,13.183669164356436,77.6794441891089,101,CAR,No Junction,0.0,0.7158415841584158,1.0653465346534652,82.954,67,Chikkajala,0.7927929986296883,0.8717948717948718,30.918926946557846,3,Afternoon (12-16),0.821,0.6508830518749741,14.5,121
322_253,13.184013763962371,77.67973628143102,1754,CAR,No Junction,0.0,0.7295324971493728,1.0888255416191561,1420.406,1202,Chikkajala,13.315718665172326,14.153846153846153,519.3130279417206,0,Late Night (00-04),0.81,10.785732118789586,71.1,121
322_254,13.183584301219511,77.68170442439025,82,CAR,No Junction,0.0,0.6585365853658537,1.053658536585366,55.272,60,Chikkajala,0.5947693235648293,0.5641025641025641,23.196003619028343,1,Early Morning (04-08),0.674,0.4008745240826949,9.7,121
322_255,13.183462221428572,77.68330037380953,84,CAR,No Junction,0.0,0.6797619047619047,1.0321428571428573,50.277,71,Chikkajala,0.6221558954615795,0.3333333333333333,24.264079923001596,1,Early Morning (04-08),0.599,0.3726713813814861,9.1,121
322_257,13.183895866233767,77.68632697012987,77,CAR,No Junction,0.0,0.7025974025974026,1.0103896103896104,47.878,71,Chikkajala,0.6837480396325277,0.15384615384615385,26.666173545668585,0,Late Night (00-04),0.622,0.42529128065143224,10.2,122
322_258,13.184160889473684,77.68779804561404,57,CAR,No Junction,0.0,0.7035087719298244,1.031578947368421,35.18,45,Chikkajala,0.408376056905191,0.3076923076923077,15.92666621930245,1,Early Morning (04-08),0.617,0.25196802711050287,6.5,122
322_259,13.184120258064516,77.68917349354838,31,CAR,No Junction,0.0,0.696774193548387,1.0064516129032257,21.666,19,Chikkajala,0.18681652979951027,0.3076923076923077,7.2858446621809,2,Morning Peak (08-12),0.699,0.13058475432985767,3.5,122
322_260,13.1842933,77.69030257272728,22,CAR,No Junction,0.0,0.7,1.0,13.02,4,Chikkajala,0.06487804681778624,0.46153846153846156,2.5302438258936633,0,Late Night (00-04),0.592,0.03840780371612945,1.1,122
323_253,13.185236426874999,77.67983787203124,640,CAR,No Junction,0.0,0.7223437500000001,1.06859375,461.75,490,Chikkajala,4.851076203313919,3.8461538461538463,189.19197192924287,0,Late Night (00-04),0.721,3.4976259425893357,43.3,121
324_253,13.1868045080402,77.68029114120603,796,CAR,No Junction,0.0,0.6956030150753768,1.0394472361809044,574.1,577,Chikkajala,6.17551964600402,5.615384615384615,240.84526619415675,1,Early Morning (04-08),0.721,4.452549664768898,48.9,121
324_254,13.187029527659574,77.68130262765958,47,CAR,No Junction,0.0,0.7,1.0170212765957447,29.862,35,Chikkajala,0.29783558509299,0.3076923076923077,11.615587818626613,1,Early Morning (04-08),0.635,0.18912559653404867,5.0,121
325_253,13.18821578060345,77.68040956939655,232,CAR,No Junction,0.0,0.6508620689655172,1.021551724137931,140.79,163,Devanahalli Airport,1.6295140016347582,1.7692307692307692,63.551046063755564,1,Early Morning (04-08),0.607,0.9891149989922983,19.8,121
326_230,13.190353396153846,77.64543559230769,26,CAR,No Junction,0.0,0.7384615384615384,1.0038461538461538,19.009999999999998,24,Chikkajala,0.22991923121388,0.05128205128205128,8.966850017341322,0,Late Night (00-04),0.731,0.16807095801734628,4.5,123
326_253,13.189862713414636,77.68061043841463,164,CAR,No Junction,0.0,0.6804878048780487,1.021341463414634,105.71,129,Devanahalli Airport,1.2054473710599636,0.8974358974358975,47.01244747133858,1,Early Morning (04-08),0.645,0.7775135543336765,16.6,121
327_230,13.19107522972441,77.64602443110236,508,CAR,No Junction,0.0,0.7531496062992126,1.0047244094488188,401.182,419,Chikkajala,3.6286767362583214,2.282051282051282,141.51839271407454,2,Morning Peak (08-12),0.79,2.866654621644074,39.0,123
327_231,13.191678536666666,77.64672141881721,186,CAR,No Junction,0.0,0.7838709677419355,1.017741935483871,137.264,177,Chikkajala,1.3274500258194413,0.23076923076923078,51.7705510069582,0,Late Night (00-04),0.738,0.9796581190547476,19.7,123
327_253,13.1909914254717,77.68072062830188,106,CAR,No Junction,0.0,0.6801886792452829,1.0132075471698114,82.148,80,Devanahalli Airport,0.7792246003910814,0.6666666666666666,30.389759415252176,2,Morning Peak (08-12),0.775,0.6038990653030881,13.6,121
328_231,13.192236165384616,77.64725573076923,26,CAR,No Junction,0.0,0.8807692307692307,1.0615384615384615,21.849,25,Chikkajala,0.260308099362846,0.02564102564102564,10.152015875150992,0,Late Night (00-04),0.84,0.21865880346479064,5.7,123
328_253,13.192629795454547,77.68092389090909,22,CAR,No Junction,0.0,0.6636363636363636,1.018181818181818,15.533999999999999,15,Devanahalli Airport,0.1680279705420156,0.1794871794871795,6.5530908511386095,2,Morning Peak (08-12),0.706,0.118627747202663,3.2,121
363_275,13.244964273770492,77.71301133934425,61,CAR,No Junction,0.0,0.6524590163934426,0.8754098360655738,42.1,21,Devanahalli Airport,0.268121806873413,1.0256410256410255,10.456750468063106,1,Early Morning (04-08),0.69,0.18500404674265497,4.9,400
78_259,12.81827175409836,77.68932672131147,61,SCOOTER,No Junction,0.0,0.7540983606557377,0.7295081967213115,33.419999999999995,55,Electronic City,0.6125456756033897,0.15384615384615385,23.8892813485322,0,Late Night (00-04),0.548,0.3356750302306576,8.3,124
79_259,12.818822970967743,77.68906344516128,31,CAR,No Junction,0.0,0.7580645161290323,0.9096774193548387,23.208,27,Electronic City,0.2921428718159056,0.10256410256410256,11.393572000820319,2,Morning Peak (08-12),0.749,0.2188150109901133,5.7,124
80_258,12.82042356590909,77.68749957727273,44,SCOOTER,No Junction,0.0,0.9113636363636364,0.6636363636363636,32.866,44,Electronic City,0.629868664862827,0.0,24.564877929650248,2,Morning Peak (08-12),0.747,0.4705118926525318,11.1,124
90_252,12.8357544,77.67909956896553,29,SCOOTER,No Junction,0.0,0.6827586206896551,0.8793103448275862,17.936999999999998,26,Electronic City,0.2873136994409107,0.07692307692307693,11.205234278195515,1,Early Morning (04-08),0.619,0.1778471799539237,4.7,401
92_251,12.83925276153846,77.67780211538462,26,SCOOTER,No Junction,0.0,0.6038461538461538,0.6346153846153846,8.73,26,Electronic City,0.3689550695720599,0.0,14.389247713310338,1,Early Morning (04-08),0.336,0.12396890337621214,3.4,125
93_233,12.840847798113208,77.65039154716982,53,CAR,No Junction,0.0,0.6716981132075472,0.8905660377358491,35.480000000000004,27,Electronic City,0.2829818784750651,0.6666666666666666,11.03629326052754,3,Afternoon (12-16),0.669,0.18931487669981859,5.0,126
93_234,12.840423280952379,77.65194098571429,21,CAR,No Junction,0.0,0.6428571428571429,0.8857142857142856,12.858,8,Electronic City,0.08871331302586476,0.3333333333333333,3.459819208008725,1,Early Morning (04-08),0.612,0.05429254757182923,1.5,126
93_250,12.840693081818182,77.67603701363636,22,SCOOTER,No Junction,0.0,0.8545454545454546,0.8136363636363636,22.41,19,Electronic City,0.22575822161920675,0.07692307692307693,8.804570643149063,2,Morning Peak (08-12),1.019,0.23004762782997165,6.0,125
93_251,12.84054120986111,77.67686392473617,188,SCOOTER,No Junction,0.0,0.7148936170212766,0.7037234042553192,124.096,170,Electronic City,1.6657244832828337,0.46153846153846156,64.96325484803052,2,Morning Peak (08-12),0.66,1.0993781589666702,21.4,125
94_229,12.84180008895349,77.64437278459303,344,CAR,No Junction,0.0,0.6276162790697674,0.8715116279069768,206.339,233,Electronic City,2.3748632593507617,2.8461538461538463,92.6196671146797,3,Afternoon (12-16),0.6,1.424917955610457,25.5,126
94_230,12.841876900274348,77.64576842510289,729,SCOOTER,No Junction,0.0,0.6739368998628257,0.6799725651577503,372.62600000000003,537,Electronic City,5.8407756828583395,4.923076923076923,227.79025163147526,3,Afternoon (12-16),0.511,2.9846363739406114,39.9,126
94_231,12.841653904897958,77.64733302918367,490,SCOOTER,No Junction,0.0,0.6781632653061224,0.7228571428571429,264.232,267,Electronic City,3.239435339476693,5.717948717948718,126.33797823959104,3,Afternoon (12-16),0.539,1.7460556479779374,29.1,126
94_232,12.84133199642857,77.64856111428571,28,CAR,No Junction,0.0,0.6642857142857143,0.8357142857142856,18.128,19,Electronic City,0.19020467001873909,0.23076923076923078,7.417982130730826,3,Afternoon (12-16),0.647,0.1230624215021242,3.3,126
94_250,12.841324666539094,77.67629288472712,44,MOTOR CYCLE,No Junction,0.0,0.7704545454545454,0.7545454545454546,36.467999999999996,43,Electronic City,0.4386560089414591,0.02564102564102564,17.107584348716905,2,Morning Peak (08-12),0.829,0.3636458314124696,8.9,125
95_229,12.843093283872912,77.64425232522815,151,SCOOTER,No Junction,0.0,0.6668874172185429,0.7801324503311258,83.555,119,Electronic City,1.1487753230086777,0.8205128205128205,44.80223759733842,3,Afternoon (12-16),0.553,0.6352727536237988,14.2,126
