rank,cell,lat,lon,EPI,epi_raw,pred_daily_viol,actual_daily_viol,mean_impact_per_viol,total_events,peak_block,peak_block_label,dom_police_station,dom_junction,cell_junction_share,zone_id
1,187_206,12.981214093993751,77.6100502435534,100.0,28.20396340153159,26.886523738352327,39.23076923076923,1.049,4413,2,Morning Peak (08-12),Shivajinagar,BTP051 - Safina Plaza Junction,1.0,76
2,184_184,12.976881676221986,77.57684184685165,91.1,20.663742554260967,28.037642543094936,38.56410256410256,0.737,4685,2,Morning Peak (08-12),Upparpet,BTP040 - Elite Junction,1.0,48
3,176_184,12.964423779060073,77.57666079717684,88.1,18.562396018059697,27.540646911067796,37.94871794871795,0.674,4185,2,Morning Peak (08-12),City Market,BTP082 - KR Market Junction,1.0,48
4,187_205,12.981349679060347,77.608158045241,84.0,16.018679900190676,17.24292777200288,16.23076923076923,0.929,2469,2,Morning Peak (08-12),Shivajinagar,BTP051 - Safina Plaza Junction,1.0,76
5,189_202,12.984066517578851,77.60352403905381,78.7,13.243173844260037,13.541077550368136,15.820512820512821,0.978,2156,2,Morning Peak (08-12),Shivajinagar,BTP211 - Central Street Junction,1.0,76
6,182_185,12.973747048557373,77.57834471053168,72.5,10.5619390522843,11.260062955526973,10.487179487179487,0.938,1645,2,Morning Peak (08-12),Upparpet,BTP044 - Sagar Theatre Junction,1.0,48
7,322_253,13.184013763962371,77.67973628143102,71.9,10.302970638014097,12.71971683705444,14.153846153846153,0.81,1754,0,Late Night (00-04),Chikkajala,No Junction,0.0,121
8,155_260,12.933464509285217,77.69106562496549,70.4,9.754492636558144,20.070972503206058,22.794871794871796,0.486,4168,1,Early Morning (04-08),HAL Old Airport,No Junction,0.0,30
9,184_186,12.976926416149462,77.57981180690311,69.6,9.45902474633379,10.17099435089655,9.025641025641026,0.93,1579,2,Morning Peak (08-12),Upparpet,BTP044 - Sagar Theatre Junction,1.0,48
10,205_169,13.008413161390441,77.55453530378647,68.3,9.013648078432873,10.408369605580685,17.333333333333332,0.866,1611,2,Morning Peak (08-12),Malleshwaram,"BTP001 - 10th Cross, Dr. Rajkumar Road",0.983860955927995,94
11,184_185,12.976609506103543,77.57825497291553,67.9,8.901898858709473,12.261568675908364,11.897435897435898,0.726,1835,2,Morning Peak (08-12),Upparpet,BTP044 - Sagar Theatre Junction,1.0,48
12,183_184,12.97553249824664,77.57663915336062,67.2,8.656014474919692,11.419544162163183,9.128205128205128,0.758,1711,2,Morning Peak (08-12),Upparpet,BTP040 - Elite Junction,1.0,48
13,184_183,12.976906187316176,77.57550791011029,66.9,8.560441482318717,11.088654769842899,10.282051282051283,0.772,1632,2,Morning Peak (08-12),Upparpet,BTP040 - Elite Junction,1.0,48
14,182_186,12.97343093090278,77.57934233640046,66.6,8.455132710056319,11.410435506148879,11.256410256410257,0.741,1728,2,Morning Peak (08-12),Upparpet,BTP044 - Sagar Theatre Junction,1.0,48
15,183_183,12.975401487284966,77.5753034053104,66.1,8.2949906993967,8.948210031711652,8.820512820512821,0.927,1337,2,Morning Peak (08-12),Upparpet,BTP040 - Elite Junction,1.0,48
16,185_183,12.978151760826771,77.57532341240157,66.0,8.279752848808448,9.987639142109105,9.487179487179487,0.829,1524,2,Morning Peak (08-12),Upparpet,BTP045 - Danvanthri Road Junction,1.0,48
17,205_263,13.008207933051965,77.69537007493025,65.8,8.218931998889131,13.813331090569967,21.102564102564102,0.595,2017,0,Late Night (00-04),K.R. Pura,No Junction,0.0,99
18,185_182,12.978189502264685,77.5737426143666,65.2,8.023493556837222,9.045652262499686,8.871794871794872,0.887,1413,1,Early Morning (04-08),Upparpet,BTP057 - Anand Rao Junction,1.0,48
19,223_192,13.03532025310631,77.58902589547083,65.1,8.007021753163105,16.307579945342372,15.435897435897436,0.491,2529,1,Early Morning (04-08),Hebbala,No Junction,0.0,111
20,188_204,12.982409035810333,77.60669561861289,64.9,7.9298241878109845,9.554005045555403,10.76923076923077,0.83,1413,2,Morning Peak (08-12),Shivajinagar,BTP051 - Safina Plaza Junction,1.0,76
21,247_192,13.071382078681808,77.5882195080583,63.4,7.500921153528048,14.233246970641456,18.153846153846153,0.527,2145,2,Morning Peak (08-12),Kodigehalli,No Junction,0.0,118
22,159_263,12.939721476606492,77.69554393328286,62.8,7.328391217684998,6.153141240709486,7.846153846153846,1.191,1234,2,Morning Peak (08-12),HAL Old Airport,No Junction,0.0,30
23,176_189,12.964714072822085,77.58403996668711,62.5,7.229734280984472,9.639645707979296,10.205128205128204,0.75,1630,2,Morning Peak (08-12),Halasuru Gate,"BTP080 - NR Road, SP Road Junction",1.0,48
24,188_207,12.982727795392604,77.61081732907203,62.1,7.11904837216494,9.998663444051882,15.307692307692308,0.712,1541,2,Morning Peak (08-12),Shivajinagar,No Junction,0.05256327060350422,76
25,186_204,12.97969748795539,77.60711739390335,61.9,7.067173305888965,8.423329327638815,9.743589743589743,0.839,1345,2,Morning Peak (08-12),Shivajinagar,BTP051 - Safina Plaza Junction,1.0,76
26,175_184,12.963604390194524,77.57685234027227,60.1,6.609887990421687,10.184727257968701,16.743589743589745,0.649,1591,0,Late Night (00-04),City Market,BTP082 - KR Market Junction,1.0,48
27,182_167,12.973589448430493,77.55115385532511,60.0,6.5639305261661445,11.069022809723684,10.512820512820513,0.593,1784,2,Morning Peak (08-12),Magadi Road,"BTP070 - Cholurpalya Junction, Magadi Road",1.0,62
28,197_245,12.99614277778498,77.66837654564571,59.6,6.460404864322106,7.299892502058877,11.0,0.885,1059,2,Morning Peak (08-12),Mahadevapura,No Junction,0.0,86
29,186_183,12.979802087088816,77.57492183799343,59.4,6.409681894906706,7.685469897969671,10.128205128205128,0.834,1216,2,Morning Peak (08-12),Upparpet,BTP057 - Anand Rao Junction,1.0,48
30,199_166,12.999436657993638,77.54966231096988,59.0,6.332876735093198,8.844799909348042,5.82051282051282,0.716,1489,2,Morning Peak (08-12),Rajajinagar,BTP027 - Modi Bridge Junction,1.0,74
31,185_186,12.978217176494656,77.57964615789926,58.5,6.209644652104347,8.672688061598251,10.051282051282051,0.716,1345,0,Late Night (00-04),Upparpet,BTP058 - Subbanna Junction,1.0,48
32,208_169,13.01255797051282,77.55430276698719,58.3,6.143601980988253,8.580449694117672,11.461538461538462,0.716,1248,2,Morning Peak (08-12),Malleshwaram,No Junction,0.0,94
33,176_185,12.964444295536978,77.57814117204354,57.9,6.052463724697674,6.877799687156448,5.102564102564102,0.88,1046,2,Morning Peak (08-12),City Market,BTP082 - KR Market Junction,1.0,48
34,207_169,13.011349706314242,77.5545282376652,57.8,6.038551551837743,7.945462568207556,13.692307692307692,0.76,1362,2,Morning Peak (08-12),Malleshwaram,No Junction,0.0,94
35,182_163,12.974234883394834,77.54520130906694,57.3,5.907412834166451,10.185194541666297,9.846153846153847,0.58,1897,1,Early Morning (04-08),Vijayanagara,BTP020 - Hosahalli Metro Station,1.0,62
36,179_183,12.969652771189825,77.57558941576887,55.1,5.421767841665453,7.756463292797501,7.538461538461538,0.699,1183,2,Morning Peak (08-12),City Market,No Junction,0.3888419273034658,48
37,200_251,13.000481323202377,77.67723198505524,54.0,5.190952962721067,7.973814074840347,11.051282051282051,0.651,1254,0,Late Night (00-04),Banaswadi,No Junction,0.0,92
38,247_191,13.07098940635951,77.58774614794697,53.1,4.994321916282241,8.700909261815752,13.615384615384615,0.574,1320,2,Morning Peak (08-12),Kodigehalli,No Junction,0.0,118
39,205_180,13.008116528899082,77.57095922908256,52.6,4.909360100188698,7.2409441005733,6.923076923076923,0.678,1090,1,Early Morning (04-08),Malleshwaram,No Junction,0.0,78
40,178_183,12.96809039941003,77.57473340162242,50.4,4.479879467099633,4.299308509692546,4.538461538461538,1.042,678,2,Morning Peak (08-12),Chamarajpet,"BTP083 - AS Char Street, Mysore Road",1.0,48
41,185_184,12.977823169758064,77.5769626795363,49.8,4.371900841708784,6.373033296951579,8.41025641025641,0.686,992,0,Late Night (00-04),Upparpet,BTP040 - Elite Junction,1.0,48
42,208_168,13.012236766855846,77.55285529489215,49.3,4.280520837878898,5.714981091961145,7.743589743589744,0.749,881,2,Morning Peak (08-12),Malleshwaram,No Junction,0.0,94
43,200_166,13.00056698604144,77.5500265874591,49.3,4.272115366725039,5.394085058996262,8.0,0.792,917,2,Morning Peak (08-12),Malleshwaram,BTP027 - Modi Bridge Junction,1.0,74
44,198_166,12.997595178417907,77.54967865199683,49.0,4.217939541546666,5.069638872051281,6.641025641025641,0.832,795,2,Morning Peak (08-12),Vijayanagara,BTP027 - Modi Bridge Junction,1.0,74
45,198_165,12.997498649161288,77.548216612,48.8,4.1898050160318485,5.290157848525061,4.282051282051282,0.792,775,2,Morning Peak (08-12),Vijayanagara,BTP205 - Modi Hospital Junction,1.0,74
46,204_180,13.006834824809577,77.5711720897715,48.7,4.178854908908823,6.004101880616125,5.102564102564102,0.696,919,2,Morning Peak (08-12),Malleshwaram,No Junction,0.0,78
47,199_180,12.99946786706356,77.57130501822405,48.1,4.067860260013792,5.053242559023344,5.923076923076923,0.805,769,2,Morning Peak (08-12),Malleshwaram,No Junction,0.0,78
48,176_183,12.964734485278314,77.57543684762055,47.9,4.028653056950502,6.374451039478642,8.128205128205128,0.632,976,0,Late Night (00-04),City Market,BTP082 - KR Market Junction,1.0,48
49,324_253,13.1868045080402,77.68029114120603,47.8,4.019830425519226,5.575354265629994,5.615384615384615,0.721,796,1,Early Morning (04-08),Chikkajala,No Junction,0.0,121
50,184_180,12.977199161310258,77.57076277614338,47.7,3.9927587875549904,4.653565020460362,7.564102564102564,0.858,809,1,Early Morning (04-08),Chamarajpet,BTP048 - Shanthala Junction,1.0,48
51,172_184,12.959181760794474,77.57665643644214,47.4,3.944665556593493,3.7284173502774034,3.7948717948717947,1.058,579,3,Afternoon (12-16),City Market,BTP104 - Medical College Circle,1.0,48
52,246_191,13.070299999676724,77.58751348976294,45.8,3.6898637671964547,6.2328779851291465,7.948717948717949,0.592,928,2,Morning Peak (08-12),Kodigehalli,No Junction,0.0,118
53,186_185,12.979166785328639,77.57828978497652,45.7,3.675703761764242,5.2964031149340665,5.17948717948718,0.694,852,0,Late Night (00-04),Upparpet,BTP058 - Subbanna Junction,1.0,48
54,156_260,12.934485577755215,77.69057874089019,45.6,3.6652519858905865,7.635941637272055,8.666666666666666,0.48,1191,1,Early Morning (04-08),HAL Old Airport,No Junction,0.0,30
55,183_185,12.97556400626822,77.5783592680758,44.3,3.451778477070755,4.24572998409687,5.871794871794871,0.813,686,2,Morning Peak (08-12),Upparpet,BTP044 - Sagar Theatre Junction,1.0,48
56,187_198,12.98105470929071,77.5983023975025,44.0,3.410455662454131,6.004323349391076,6.82051282051282,0.568,1001,1,Early Morning (04-08),Shivajinagar,BTP042 - Minsk Square Junction (CTO),1.0,76
57,323_253,13.185236426874999,77.67983787203124,43.5,3.347084643253617,4.642281058604185,3.8461538461538463,0.721,640,0,Late Night (00-04),Chikkajala,No Junction,0.0,121
58,207_167,13.011499142528736,77.55138112512314,42.3,3.161838215625326,3.795724148409755,5.564102564102564,0.833,609,2,Morning Peak (08-12),Malleshwaram,No Junction,0.36288998357963875,94
59,181_238,12.971750372962727,77.65809423631427,42.1,3.1444298038916925,6.000820236434527,4.6923076923076925,0.524,1041,1,Early Morning (04-08),Jeevanbheemanagar,No Junction,0.0,257
60,185_185,12.9783011880226,77.57828088248588,42.1,3.1361249544313226,5.2095098910819315,9.102564102564102,0.602,885,0,Late Night (00-04),Upparpet,BTP058 - Subbanna Junction,1.0,48
61,205_165,13.008158759911893,77.54851631600587,42.1,3.1359997921804155,3.910224179776079,6.666666666666667,0.802,681,2,Morning Peak (08-12),Rajajinagar,BTP023 - Mahalaxmi Layout Entrance,1.0,94
62,176_159,12.964852335476907,77.53892509963995,42.1,3.1351739665932263,4.764702076889401,0.8205128205128205,0.658,1073,2,Morning Peak (08-12),Vijayanagara,"BTP016 - 5th Main Road, RPC Layout",0.9776328052190121,59
63,185_187,12.978661712730318,77.58089166499163,41.4,3.0408856245656932,3.8395020512193097,3.076923076923077,0.792,597,2,Morning Peak (08-12),Upparpet,BTP058 - Subbanna Junction,0.8710217755443886,48
64,176_278,12.964821697405661,77.71811143089623,41.1,2.9958131402638677,4.18409656461434,2.41025641025641,0.716,848,1,Early Morning (04-08),HAL Old Airport,No Junction,0.0,51
65,189_201,12.98438768935743,77.60253126445782,41.0,2.9890868017959975,2.986100701094903,4.0256410256410255,1.001,498,2,Morning Peak (08-12),Shivajinagar,BTP211 - Central Street Junction,1.0,76
66,187_207,12.981037320879121,77.61081786835165,40.8,2.965826151824121,2.7874305938196624,3.7435897435897436,1.064,455,2,Morning Peak (08-12),Shivajinagar,BTP051 - Safina Plaza Junction,0.9098901098901099,76
67,205_170,13.008474872916668,77.55547009597223,40.5,2.926224043502478,4.335146731114782,4.0,0.675,720,2,Morning Peak (08-12),Malleshwaram,"BTP001 - 10th Cross, Dr. Rajkumar Road",0.6833333333333333,94
68,198_168,12.998247574496643,77.55291456879195,40.4,2.9041253529407554,3.846523646279146,5.17948717948718,0.755,596,2,Morning Peak (08-12),Malleshwaram,BTP008 - Navarang Theatre,1.0,74
69,188_206,12.982841608653846,77.60989835961539,40.3,2.9002760009940127,4.05066480585756,7.102564102564102,0.716,728,2,Morning Peak (08-12),Shivajinagar,No Junction,0.46703296703296704,76
70,162_180,12.943540527587702,77.5710733793876,40.3,2.8998456231287584,4.178451906525589,4.743589743589744,0.694,582,2,Morning Peak (08-12),Basavanagudi,BTP108 - Tagore Park Junction,1.0,40
71,163_180,12.945279041063575,77.57106680321196,40.1,2.8651095306512744,3.9034189790889298,4.666666666666667,0.734,609,2,Morning Peak (08-12),Basavanagudi,BTP108 - Tagore Park Junction,1.0,40
72,176_186,12.964485312638582,77.57966780886919,39.9,2.8403760626653396,3.0541678093175695,2.6153846153846154,0.93,451,2,Morning Peak (08-12),Halasuru Gate,BTP082 - KR Market Junction,1.0,48
73,157_210,12.936097307103825,77.61577437978143,39.7,2.815641384015585,3.699922975053331,4.282051282051282,0.761,549,2,Morning Peak (08-12),Adugodi,BTP135 - UCO Bank Junction,1.0,33
74,183_163,12.974647701043025,77.54512700886572,39.4,2.783522455008741,4.5482393055698385,2.8461538461538463,0.612,767,2,Morning Peak (08-12),Vijayanagara,BTP020 - Hosahalli Metro Station,1.0,62
75,94_230,12.841876900274348,77.64576842510289,39.0,2.730537152118816,5.343516931739366,4.923076923076923,0.511,729,3,Afternoon (12-16),Electronic City,No Junction,0.0,126
76,196_264,12.995249811522033,77.69657150537832,39.0,2.7300875859131684,2.687094080623197,3.58974358974359,1.016,469,2,Morning Peak (08-12),Mahadevapura,No Junction,0.0,87
77,176_182,12.964827209957752,77.57386070606519,38.7,2.690817553130661,3.085799946250758,2.948717948717949,0.872,495,0,Late Night (00-04),City Market,"BTP083 - AS Char Street, Mysore Road",1.0,48
78,181_185,12.97283680214724,77.5788020297546,38.0,2.6031189972863675,3.9501046999793132,3.9743589743589745,0.659,652,2,Morning Peak (08-12),Upparpet,BTP044 - Sagar Theatre Junction,1.0,48
79,187_199,12.981347554125875,77.59860399846154,37.7,2.5672087130182133,4.194785478787931,4.871794871794871,0.612,715,1,Early Morning (04-08),Shivajinagar,BTP042 - Minsk Square Junction (CTO),1.0,76
80,176_188,12.964220879545454,77.58279577702021,37.5,2.542128196900042,2.5370540887225967,1.435897435897436,1.002,396,2,Morning Peak (08-12),Halasuru Gate,"BTP080 - NR Road, SP Road Junction",1.0,48
81,327_230,13.19107522972441,77.64602443110236,37.3,2.515823905877146,3.1845872226292986,2.282051282051282,0.79,508,2,Morning Peak (08-12),Chikkajala,No Junction,0.0,123
82,187_204,12.981636166575973,77.60664219250366,36.9,2.469921936716224,3.150410633566612,1.7179487179487178,0.784,497,2,Morning Peak (08-12),Shivajinagar,BTP051 - Safina Plaza Junction,1.0,76
83,199_165,12.999128379511534,77.54868954151968,36.5,2.427852623912999,4.572227163677964,2.8205128205128207,0.531,737,1,Early Morning (04-08),Rajajinagar,BTP027 - Modi Bridge Junction,1.0,74
84,180_198,12.971280945174538,77.59770889835728,36.4,2.4147849368662686,2.9520598250198886,3.282051282051282,0.818,487,2,Morning Peak (08-12),Cubbon Park,BTP063 - Siddalingaiah Circle,1.0,65
85,166_266,12.949901776605055,77.69966630077579,35.7,2.330424544213472,3.5043978108473257,6.0,0.665,540,0,Late Night (00-04),HAL Old Airport,No Junction,0.0,30
86,178_185,12.967630475324533,77.57844780762896,35.6,2.323082054589122,3.076929873627976,3.076923076923077,0.755,482,2,Morning Peak (08-12),City Market,BTP082 - KR Market Junction,0.9937759336099585,48
87,177_182,12.9662107373297,77.57385053433242,35.3,2.285334248244834,2.3201362926343494,2.7435897435897436,0.985,367,0,Late Night (00-04),Chamarajpet,"BTP083 - AS Char Street, Mysore Road",1.0,48
88,180_183,12.97019583270783,77.57569196095376,35.2,2.2834588860514367,2.7087294021962474,2.5128205128205128,0.843,393,1,Early Morning (04-08),City Market,BTP043 - Upparpet Junction,1.0,48
89,206_169,13.009603973348518,77.55442451571754,35.1,2.270894807379919,2.926410834252473,3.6923076923076925,0.776,439,2,Morning Peak (08-12),Malleshwaram,No Junction,0.0,94
90,201_166,13.002197225065274,77.5502008313316,34.8,2.231256815807755,2.5646630066755804,1.9487179487179487,0.87,383,1,Early Morning (04-08),Malleshwaram,"BTP026 - 1st Block Junction, Rajajinagar",1.0,74
91,186_206,12.979958170487105,77.60974698137535,34.6,2.2095987081880857,1.8982806771375307,1.8205128205128205,1.164,349,2,Morning Peak (08-12),Shivajinagar,BTP051 - Safina Plaza Junction,1.0,76
92,194_192,12.991515361087297,77.58855522139672,34.1,2.158632286210007,4.167243795772214,0.717948717948718,0.518,1150,1,Early Morning (04-08),High ground,BTP032 - Windsor Circle,0.9878260869565217,83
93,171_267,12.957405646769514,77.70105927369319,33.9,2.135011847901826,3.94641746377417,3.076923076923077,0.541,621,2,Morning Peak (08-12),HAL Old Airport,No Junction,0.0,50
94,186_184,12.979466151270207,77.57711212032332,33.8,2.1324685494511244,2.798515156760006,3.641025641025641,0.762,433,2,Morning Peak (08-12),Upparpet,BTP058 - Subbanna Junction,1.0,48
95,153_256,12.930191164191806,77.68517639842551,33.8,2.124923827129592,2.462252406870906,5.128205128205129,0.863,493,1,Early Morning (04-08),HAL Old Airport,No Junction,0.0,30
96,205_262,13.008280305518396,77.69401929849498,33.5,2.0928123618036327,4.08752414414772,5.564102564102564,0.512,598,0,Late Night (00-04),K.R. Pura,No Junction,0.0,99
97,151_253,12.927474343456838,77.68025416681041,33.3,2.079419093489922,3.2289116358539163,3.5384615384615383,0.644,545,0,Late Night (00-04),Bellandur,No Junction,0.0,28
98,186_209,12.979914256447687,77.61387121143552,33.1,2.0527774472216307,2.340681239705394,1.7692307692307692,0.877,411,2,Morning Peak (08-12),Shivajinagar,No Junction,0.0,76
99,182_209,12.973689169776875,77.61445213590264,32.8,2.0239461301316433,3.113763277125605,2.5384615384615383,0.65,493,1,Early Morning (04-08),Halasur,No Junction,0.0,69
100,199_167,12.999324530699088,77.55072927325227,32.5,1.9920226894600563,2.081528411139035,1.9230769230769231,0.957,329,1,Early Morning (04-08),Malleshwaram,"BTP182 - 19th Main Junction, Rajajinagar",1.0,74
101,183_187,12.975659905594405,77.5814690555944,32.4,1.986994101680565,1.8179268999822187,0.9743589743589743,1.093,286,1,Early Morning (04-08),Upparpet,BTP038 - Mysore Bank Junction,1.0,48
102,203_180,13.005553656850715,77.57103179263802,32.3,1.9782102276358486,2.8963546524682995,1.6666666666666667,0.683,489,1,Early Morning (04-08),Malleshwaram,No Junction,0.0,78
103,203_179,13.005517000278552,77.56905578189415,32.2,1.962852495666333,3.7530640452511146,1.794871794871795,0.523,718,2,Morning Peak (08-12),Malleshwaram,No Junction,0.0,78
104,199_179,12.999178792961166,77.56942080776699,32.0,1.9390850184164297,2.5785705032133373,2.6153846153846154,0.752,412,1,Early Morning (04-08),Malleshwaram,No Junction,0.0,78
105,180_184,12.970825770520706,77.5762112680103,31.7,1.9103055535879678,2.1061803236912544,1.5128205128205128,0.907,317,2,Morning Peak (08-12),City Market,BTP043 - Upparpet Junction,1.0,48
106,180_231,12.970719180000984,77.64729440308221,31.4,1.888727003041941,2.165971333763694,1.4102564102564104,0.872,347,2,Morning Peak (08-12),Jeevanbheemanagar,No Junction,0.0,66
107,187_202,12.981007332722513,77.60343060209424,31.4,1.8845986265061807,2.1965018956948494,3.0,0.858,382,2,Morning Peak (08-12),Shivajinagar,BTP211 - Central Street Junction,1.0,76
108,157_261,12.936308066021148,77.69238922222537,31.3,1.8730686703335804,3.4055794006065097,3.1794871794871793,0.55,551,1,Early Morning (04-08),HAL Old Airport,No Junction,0.0,30
109,169_162,12.953860045070424,77.54349575323944,31.3,1.8730019912347358,2.326710548117684,1.3333333333333333,0.805,355,2,Morning Peak (08-12),Byatarayanapura,"BTP095 - Satellite Bus Stand, Mysore Road",1.0,46
110,172_185,12.958953297256096,77.57768775182927,31.2,1.8703683107041809,1.9523677564761805,2.923076923076923,0.958,328,2,Morning Peak (08-12),City Market,BTP118 - Basappa Circle,1.0,48
111,202_166,13.003540615457412,77.54996232586751,31.0,1.8468976448750631,2.0430283682246273,1.6666666666666667,0.904,317,1,Early Morning (04-08),Malleshwaram,"BTP026 - 1st Block Junction, Rajajinagar",1.0,74
112,182_187,12.973406167272728,77.58113493963637,30.8,1.825194576970331,1.7600719160755363,1.3333333333333333,1.037,275,2,Morning Peak (08-12),Upparpet,BTP038 - Mysore Bank Junction,1.0,48
113,188_208,12.982484693873518,77.61250722134388,30.7,1.8159964534123145,2.5082823942159043,6.923076923076923,0.724,506,2,Morning Peak (08-12),Shivajinagar,No Junction,0.0,76
114,207_168,13.011878895953757,77.5522804898844,30.7,1.8156326794206237,2.3099652409931597,3.0,0.786,346,2,Morning Peak (08-12),Malleshwaram,No Junction,0.0,94
115,197_246,12.996606663719945,77.66933115213538,30.6,1.8051945164459247,1.776766256344414,1.6153846153846154,1.016,255,0,Late Night (00-04),Mahadevapura,No Junction,0.0,86
116,200_180,13.000687323097113,77.57129921181102,30.5,1.7957476669089538,2.278867597600195,4.0256410256410255,0.788,381,2,Morning Peak (08-12),Malleshwaram,No Junction,0.0,78
117,152_187,12.92861589005964,77.58087766023857,30.3,1.7815802138691015,2.770731281289427,4.384615384615385,0.643,503,2,Morning Peak (08-12),Jayanagara,"BTP189 - New Diagonal Road, Jayanagar",1.0,22
118,183_173,12.975735490461851,77.56038043584255,30.3,1.7795774669971696,2.538626914403951,2.5384615384615383,0.701,377,2,Morning Peak (08-12),Magadi Road,BTP074 - Leprosy Hospital Junction,0.8885941644562334,62
119,188_205,12.982634821428572,77.60812039209183,30.1,1.7630703490301316,2.3198294066185943,2.7948717948717947,0.76,392,2,Morning Peak (08-12),Shivajinagar,BTP051 - Safina Plaza Junction,1.0,76
120,181_186,12.972698253691275,77.57929377002237,30.1,1.7595351424266676,2.7840745924472587,2.4871794871794872,0.632,447,2,Morning Peak (08-12),Upparpet,BTP044 - Sagar Theatre Junction,1.0,48
121,186_186,12.97923056711558,77.57944140271516,29.5,1.710034289365156,2.464026353552098,2.128205128205128,0.694,385,0,Late Night (00-04),Upparpet,BTP058 - Subbanna Junction,1.0,48
122,191_158,12.987576433766234,77.53755187402598,29.5,1.7043084547061012,1.8054114986293446,2.8205128205128207,0.944,308,2,Morning Peak (08-12),Kamakshipalya,BTP208 - Havanur Circle,1.0,80
123,203_256,13.00529116588188,77.6850440278801,29.4,1.6956256765469544,2.453872180241613,0.7948717948717948,0.691,420,2,Morning Peak (08-12),K.R. Pura,No Junction,0.0,97
124,196_180,12.994798995261846,77.57144353241895,29.3,1.6916665187551003,2.4029353959589494,1.7692307692307692,0.704,401,2,Morning Peak (08-12),Malleshwaram,No Junction,0.0,78
125,94_231,12.841653904897958,77.64733302918367,29.3,1.6877246322258943,3.1312145310313437,5.717948717948718,0.539,490,3,Afternoon (12-16),Electronic City,No Junction,0.0,126
126,195_168,12.993067459045227,77.55279103517589,29.1,1.6658959266344235,2.417846047364911,3.4871794871794872,0.689,398,0,Late Night (00-04),Rajajinagar,"BTP011 - RR Kalyana Mantapa, Dr. Rajkumar Road",1.0,74
127,153_257,12.930495755205415,77.68572228955878,29.1,1.6652693275193315,1.9185130501374787,3.0256410256410255,0.868,342,2,Morning Peak (08-12),HAL Old Airport,No Junction,0.0,30
128,174_199,12.96182933492823,77.59905378261563,29.0,1.6648859500241096,3.2078727360772823,4.076923076923077,0.519,627,1,Early Morning (04-08),Ashok Nagar,BTP172 - Nanjappa Circle,1.0,58
129,176_187,12.964356016521739,77.58114346434783,28.8,1.6395660345969327,1.497320579540578,1.2564102564102564,1.095,230,2,Morning Peak (08-12),Halasuru Gate,"BTP080 - NR Road, SP Road Junction",1.0,48
130,220_157,13.030632553887346,77.53640422346498,28.7,1.6354277901385712,2.174770997524696,1.6153846153846154,0.752,330,2,Morning Peak (08-12),Yeshwanthpura,No Junction,0.0,107
131,203_257,13.005744056770835,77.68592632526041,28.5,1.612553335489414,2.3069432553496623,1.205128205128205,0.699,384,2,Morning Peak (08-12),K.R. Pura,No Junction,0.0,97
132,181_158,12.972322798557158,77.53778356846493,27.6,1.5409036780147836,2.030176123866645,3.2051282051282053,0.759,356,2,Morning Peak (08-12),Vijayanagara,BTP028 - Vijayanagar Bus Stand Junction,1.0,59
133,159_264,12.93882569676796,77.69683332523492,27.6,1.5388703368959809,1.8019558980046615,0.9230769230769231,0.854,261,2,Morning Peak (08-12),HAL Old Airport,No Junction,0.0,30
134,187_172,12.98079043099881,77.55840124605359,27.6,1.5341777500634837,2.217019870033936,2.230769230769231,0.692,330,1,Early Morning (04-08),Magadi Road,BTP010 - Rajajinagar Entrance,1.0,75
135,175_189,12.963736464383562,77.58407279280821,27.5,1.526488688819661,1.9176993578136443,2.076923076923077,0.796,292,2,Morning Peak (08-12),Halasuru Gate,"BTP080 - NR Road, SP Road Junction",1.0,48
136,189_203,12.984403018527917,77.60506669340101,27.4,1.522715217699731,2.3176791745810212,2.6153846153846154,0.657,394,1,Early Morning (04-08),Shivajinagar,BTP211 - Central Street Junction,0.8883248730964467,76
137,177_157,12.965848441078839,77.53635611950207,27.4,1.5199371104225838,1.467120762956162,0.7435897435897436,1.036,241,2,Morning Peak (08-12),Vijayanagara,"BTP016 - 5th Main Road, RPC Layout",1.0,59
138,182_210,12.973341745821326,77.61558593083573,27.4,1.5165241097923086,2.3882269445548165,1.8974358974358974,0.635,347,1,Early Morning (04-08),Halasur,No Junction,0.0,69
139,182_164,12.974384719024606,77.54663421171234,27.3,1.5125945252300987,2.6866687837124315,4.461538461538462,0.563,545,1,Early Morning (04-08),Vijayanagara,BTP069 - MC Circle,1.0,62
140,198_167,12.997924107330876,77.55130723417633,27.2,1.5046074746184368,1.768046386155625,2.1025641025641026,0.851,275,1,Early Morning (04-08),Malleshwaram,"BTP182 - 19th Main Junction, Rajajinagar",1.0,74
141,169_161,12.953624778401315,77.54269785292429,27.1,1.4970350344476582,1.7128547304893114,1.564102564102564,0.874,239,2,Morning Peak (08-12),Byatarayanapura,"BTP095 - Satellite Bus Stand, Mysore Road",1.0,46
142,185_180,12.978034439795918,77.57078163979591,27.0,1.4898295010831757,1.3897663256372907,0.9743589743589743,1.072,196,2,Morning Peak (08-12),Chamarajpet,BTP048 - Shanthala Junction,1.0,48
143,183_172,12.975734415703169,77.55888154390068,26.9,1.480824103772686,3.459869401338051,4.282051282051282,0.428,605,1,Early Morning (04-08),Magadi Road,No Junction,0.0,62
144,177_185,12.966285010248448,77.57783570279503,26.9,1.479315593880547,2.2899622196293294,1.7179487179487178,0.646,322,1,Early Morning (04-08),City Market,BTP082 - KR Market Junction,1.0,48
145,168_160,12.952352741130484,77.54101883985128,26.9,1.474600154279622,2.254740297063642,2.358974358974359,0.654,371,0,Late Night (00-04),Byatarayanapura,BTP096 - Gali Anjaneya Temple,1.0,46
146,181_184,12.972173557626617,77.57692152051708,26.8,1.4731471556293683,1.792149824366628,1.564102564102564,0.822,258,2,Morning Peak (08-12),City Market,BTP044 - Sagar Theatre Junction,1.0,48
147,94_229,12.84180008895349,77.64437278459303,26.7,1.4651411202036304,2.4419018670060506,2.8461538461538463,0.6,344,3,Afternoon (12-16),Electronic City,No Junction,0.0,126
148,192_199,12.98889894986595,77.59896246032172,26.6,1.4524530690112611,2.248379363794522,1.9487179487179487,0.646,373,1,Early Morning (04-08),Shivajinagar,No Junction,0.03485254691689008,76
149,161_180,12.942554554355402,77.57113477874564,26.5,1.445045598147046,2.0210427946112532,2.3076923076923075,0.715,287,2,Morning Peak (08-12),Basavanagudi,BTP108 - Tagore Park Junction,1.0,40
150,183_174,12.975642141739476,77.5614837966954,26.4,1.4381586987082517,1.8367288616963624,4.076923076923077,0.783,332,2,Morning Peak (08-12),Magadi Road,BTP074 - Leprosy Hospital Junction,1.0,62
151,195_192,12.993464797215838,77.58906723764693,26.3,1.4315470555132281,2.818006014789819,2.41025641025641,0.508,550,1,Early Morning (04-08),High ground,BTP032 - Windsor Circle,1.0,83
152,173_232,12.959901113554654,77.64903595138829,26.3,1.4290981517276702,1.9364473600645937,1.5384615384615385,0.738,316,1,Early Morning (04-08),Jeevanbheemanagar,No Junction,0.0,53
153,183_188,12.975433334299517,77.58247963091787,26.2,1.4241207942480885,1.2749514720215653,0.8717948717948718,1.117,207,2,Morning Peak (08-12),Upparpet,BTP038 - Mysore Bank Junction,1.0,48
154,179_157,12.968918812004903,77.53645124507142,26.2,1.422930815835858,2.0444408273503707,1.2820512820512822,0.696,321,2,Morning Peak (08-12),Vijayanagara,"BTP022 - Marenahalli Junction, Vijayanagar",1.0,59
155,144_182,12.917120296675535,77.57348635672413,26.2,1.4203681913927841,2.119952524466842,1.6666666666666667,0.67,306,2,Morning Peak (08-12),Banashankari,"BTP115 - Sahasra Hospital, Jayanagar",0.9771241830065359,16
156,175_185,12.963626913961038,77.57827158701299,26.1,1.409970610050074,1.7690973777290764,2.3846153846153846,0.797,308,2,Morning Peak (08-12),City Market,BTP082 - KR Market Junction,1.0,48
157,155_258,12.932713318541873,77.68834917239,25.9,1.3959320971834013,1.4787416283722472,1.7179487179487178,0.944,269,2,Morning Peak (08-12),HAL Old Airport,No Junction,0.0,30
158,173_185,12.960264405405406,77.57769958185328,25.6,1.3739525163136332,1.2974055866984262,2.871794871794872,1.059,259,1,Early Morning (04-08),City Market,BTP104 - Medical College Circle,1.0,48
159,137_219,12.90641760895321,77.62946474681524,25.3,1.349568831109707,1.8163779691920685,1.9487179487179487,0.743,276,3,Afternoon (12-16),HSR Layout,No Junction,0.0,7
160,197_189,12.996392207583478,77.58447896447616,25.3,1.348029095893904,1.2100799783607756,1.3846153846153846,1.114,197,2,Morning Peak (08-12),Sheshadripuram,BTP032 - Windsor Circle,1.0,89
161,189_185,12.98402165562957,77.5781132673566,25.3,1.346445679022174,1.5953147855712961,1.5128205128205128,0.844,235,2,Morning Peak (08-12),High ground,BTP054 - Shivananda Circle,1.0,48
162,182_215,12.973833062611275,77.62321973234421,25.3,1.3453595130839233,2.2311103036217634,1.2307692307692308,0.603,337,1,Early Morning (04-08),Halasur,No Junction,0.0,69
163,141_225,12.912009471503957,77.63812775725593,25.1,1.3296002573390977,2.4307134503456993,1.0,0.547,379,2,Morning Peak (08-12),HSR Layout,No Junction,0.0,13
164,190_168,12.985445141,77.55296292833334,24.7,1.2976905917280603,2.050064125952702,1.2307692307692308,0.633,300,1,Early Morning (04-08),Rajajinagar,BTP061 - Bhashyam Circle,1.0,74
165,197_175,12.996319530242825,77.56315319933775,24.6,1.2918150254669953,2.3402446113532522,2.8974358974358974,0.552,453,2,Morning Peak (08-12),Sheshadripuram,No Junction,0.0,88
166,199_160,12.998875035458166,77.54093933864543,24.6,1.2911586694808288,1.6343780626339606,1.1025641025641026,0.79,251,2,Morning Peak (08-12),Vijayanagara,"BTP206 - Shankara Mutt Circle, Vijayanagar",1.0,74
167,198_164,12.99742331728972,77.54674761495328,24.4,1.2776103718531693,1.4634712163266543,1.4102564102564104,0.873,214,2,Morning Peak (08-12),Vijayanagara,BTP205 - Modi Hospital Junction,1.0,74
168,218_182,13.027997658064516,77.57364761684588,24.3,1.2724965124714562,1.8152589336254727,1.8717948717948718,0.701,279,2,Morning Peak (08-12),Sadashivanagar,No Junction,0.0,106
169,150_251,12.926151368106312,77.67675182558139,24.3,1.2721332232885183,1.7967983379781332,1.7179487179487178,0.708,301,1,Early Morning (04-08),Bellandur,No Junction,0.0,28
170,170_190,12.955384438157894,77.58569237280702,24.2,1.2659589077860451,1.6992737017262352,1.435897435897436,0.745,228,2,Morning Peak (08-12),Wilson Garden,BTP192 - Urvashi Theater,1.0,48
171,151_190,12.927283688268158,77.58626060558659,24.1,1.2522347285744873,1.263607193314316,0.6153846153846154,0.991,179,2,Morning Peak (08-12),Jayanagara,"BTP226 - 33rd Cross, 11th Main, Jayanagar",1.0,22
172,167_266,12.951300093882587,77.69989494528232,24.0,1.2511446518134135,1.5276491475133256,1.8717948717948718,0.819,232,0,Late Night (00-04),HAL Old Airport,No Junction,0.0,30
173,181_187,12.97235393986711,77.58103995415283,24.0,1.2464657653599036,1.7481988293967794,1.8717948717948718,0.713,301,2,Morning Peak (08-12),Halasuru Gate,BTP038 - Mysore Bank Junction,1.0,48
174,181_274,12.971933885498647,77.71174292467036,23.9,1.2398543768676693,1.8900219159568128,1.3333333333333333,0.656,267,0,Late Night (00-04),HAL Old Airport,No Junction,0.0,70
175,190_170,12.985713981159419,77.55591971014493,23.9,1.2381045373461024,1.4214747845535045,1.5384615384615385,0.871,207,2,Morning Peak (08-12),Rajajinagar,BTP061 - Bhashyam Circle,1.0,74
176,178_157,12.967644738296482,77.5360749456078,23.9,1.236302767668284,1.49854880929489,1.0512820512820513,0.825,226,2,Morning Peak (08-12),Vijayanagara,"BTP022 - Marenahalli Junction, Vijayanagar",1.0,59
177,197_180,12.996196326041666,77.571303171875,23.8,1.2314141907158733,1.8270240218336398,1.5384615384615385,0.674,288,1,Early Morning (04-08),Malleshwaram,No Junction,0.0,78
178,188_202,12.982824688095238,77.60339098571428,23.8,1.2313715606195186,1.1380513499256177,0.38461538461538464,1.082,168,2,Morning Peak (08-12),Shivajinagar,BTP211 - Central Street Junction,1.0,76
179,141_223,12.912490369682459,77.63537031855424,23.6,1.220452949558664,2.4907203052217635,1.358974358974359,0.49,452,3,Afternoon (12-16),HSR Layout,No Junction,0.0,13
180,175_278,12.963459466666666,77.71756115680273,23.6,1.2197866664479284,1.5800345420309954,0.8717948717948718,0.772,294,1,Early Morning (04-08),HAL Old Airport,No Junction,0.0,51
181,154_258,12.932001037579193,77.68790107181462,23.5,1.208666540425413,1.239657990179911,2.4871794871794872,0.975,280,2,Morning Peak (08-12),HAL Old Airport,No Junction,0.0,30
182,197_263,12.99576984072958,77.69510447747395,23.5,1.2078364478678376,1.1091243782073807,3.358974358974359,1.089,265,2,Morning Peak (08-12),Mahadevapura,No Junction,0.0,87
183,204_165,13.00686382863436,77.54858936255508,23.3,1.1969285491368087,1.4813472142782285,1.8717948717948718,0.808,227,1,Early Morning (04-08),Rajajinagar,BTP023 - Mahalaxmi Layout Entrance,1.0,94
184,175_187,12.963333978996237,77.58124058887913,23.3,1.1957720527631814,1.3697274373003223,4.641025641025641,0.873,336,2,Morning Peak (08-12),City Market,"BTP080 - NR Road, SP Road Junction",1.0,48
185,178_192,12.967964633333333,77.58860620287356,23.3,1.1946656212077424,1.8407790773616988,2.6666666666666665,0.649,348,1,Early Morning (04-08),Halasuru Gate,BTP076 - Hudson Circle,1.0,48
186,193_167,12.989926278179668,77.55068189253247,23.3,1.1944769989492303,1.0579955703713289,0.717948717948718,1.129,150,2,Morning Peak (08-12),Rajajinagar,"BTP170 - Dr. Bheem Rao Palace, Chord Road",1.0,74
187,177_227,12.96647110845771,77.6415325,23.0,1.175647019449196,1.1250210712432498,0.46153846153846156,1.045,201,2,Morning Peak (08-12),Jeevanbheemanagar,"BTP148 - 17th Main, Doopanahalli Bus Stop",1.0,61
188,174_185,12.961345827755101,77.57774697142858,23.0,1.1745889066978485,1.5195199310450822,1.641025641025641,0.773,245,1,Early Morning (04-08),City Market,BTP082 - KR Market Junction,1.0,48
189,187_183,12.98074901972477,77.57490148027523,23.0,1.172910838002365,1.4097486033682272,1.5384615384615385,0.832,218,0,Late Night (00-04),Upparpet,BTP057 - Anand Rao Junction,1.0,48
190,187_208,12.981747112612613,77.61248255810811,22.9,1.169019426268558,1.3375508309708901,2.0,0.874,222,2,Morning Peak (08-12),Shivajinagar,No Junction,0.0,76
191,215_189,13.02342494436907,77.58485030502614,22.9,1.1688819097959584,1.4795973541720993,1.4871794871794872,0.79,234,2,Morning Peak (08-12),R.T. Nagar,No Junction,0.0,103
192,186_263,12.97943822920354,77.6950685840708,22.9,1.1651828794100356,1.3106669059730434,2.1794871794871793,0.889,226,1,Early Morning (04-08),Mahadevapura,No Junction,0.0,73
193,192_158,12.988585008055926,77.53758417903025,22.8,1.1586403083311265,1.3062461198772566,2.2564102564102564,0.887,229,2,Morning Peak (08-12),Vijayanagara,BTP208 - Havanur Circle,1.0,80
194,155_259,12.93314656508033,77.68894206236213,22.7,1.15104354253143,1.4478535126181509,1.435897435897436,0.795,240,2,Morning Peak (08-12),HAL Old Airport,No Junction,0.0,30
195,206_264,13.009751451555555,77.69706248933333,22.7,1.1499099963854047,1.509068236726253,1.358974358974359,0.762,225,2,Morning Peak (08-12),K.R. Pura,No Junction,0.0,99
196,186_182,12.980130702597402,77.57368398506493,22.6,1.1472365305850558,0.9616400088726369,1.3333333333333333,1.193,154,2,Morning Peak (08-12),Upparpet,BTP057 - Anand Rao Junction,1.0,48
197,168_161,12.953211853152071,77.54203173472166,22.6,1.146743877586333,1.1797776518377912,1.1282051282051282,0.972,165,0,Late Night (00-04),Byatarayanapura,BTP096 - Gali Anjaneya Temple,1.0,46
198,195_241,12.993388741292135,77.6620706758427,22.5,1.1394011606223862,2.1457648975939474,3.641025641025641,0.531,356,2,Morning Peak (08-12),Banaswadi,No Junction,0.0,85
199,212_154,13.018583259605911,77.53178455714286,22.5,1.136983594565266,1.2318348803524009,1.794871794871795,0.923,203,2,Morning Peak (08-12),Rajajinagar,No Junction,0.0,100
200,180_230,12.9704029782371,77.64575362775494,22.5,1.1368543386545173,1.4880292390765935,1.0769230769230769,0.764,219,2,Morning Peak (08-12),Jeevanbheemanagar,No Junction,0.0,66
201,181_198,12.971720214893619,77.59777281968086,22.3,1.1256428203804623,1.327408986297715,0.8461538461538461,0.848,188,2,Morning Peak (08-12),Cubbon Park,BTP063 - Siddalingaiah Circle,1.0,65
202,178_182,12.967424844303798,77.57432640337552,22.2,1.1140021065600154,1.299885771948676,2.3846153846153846,0.857,237,2,Morning Peak (08-12),Chamarajpet,"BTP083 - AS Char Street, Mysore Road",1.0,48
203,198_180,12.997904015384615,77.57122654777328,22.1,1.1099895236032513,1.6017164842759761,1.6666666666666667,0.693,247,2,Morning Peak (08-12),Malleshwaram,No Junction,0.0,78
204,195_169,12.993112450392848,77.5541934474193,22.0,1.1007976789800487,1.7726210611594986,2.769230769230769,0.621,324,0,Late Night (00-04),Rajajinagar,"BTP011 - RR Kalyana Mantapa, Dr. Rajkumar Road",1.0,74
205,205_264,13.008361198058251,77.69638269773463,21.7,1.077907701975547,1.6532326717416364,3.769230769230769,0.652,309,2,Morning Peak (08-12),K.R. Pura,No Junction,0.0,99
206,206_166,13.010057113333334,77.54965408205128,21.5,1.066674869243029,1.0478142134017967,2.076923076923077,1.018,195,1,Early Morning (04-08),Malleshwaram,BTP023 - Mahalaxmi Layout Entrance,1.0,94
207,179_227,12.96939800538191,77.6413662196545,21.4,1.0611680442193576,2.156845618332028,2.2051282051282053,0.492,377,1,Early Morning (04-08),Jeevanbheemanagar,No Junction,0.0,66
208,176_169,12.964439345907474,77.55441281779359,21.4,1.0601311924859673,1.8697199162010008,2.128205128205128,0.567,281,2,Morning Peak (08-12),Magadi Road,No Junction,0.0,60
209,184_182,12.97723592180851,77.57417321702128,21.4,1.0590292482575276,1.199353622035705,1.6666666666666667,0.883,188,2,Morning Peak (08-12),Upparpet,BTP045 - Danvanthri Road Junction,1.0,48
210,211_154,13.01724129611111,77.53145516222222,21.4,1.0564821486245046,1.2019137071951134,0.5897435897435898,0.879,180,0,Late Night (00-04),Rajajinagar,No Junction,0.0,100
211,207_166,13.010838419892472,77.55022736935484,21.4,1.0559475644051763,1.0372765858597017,1.7435897435897436,1.018,186,1,Early Morning (04-08),Malleshwaram,BTP023 - Mahalaxmi Layout Entrance,1.0,94
212,176_158,12.965194203480293,77.5379021674401,21.2,1.0480301387938171,1.2954637067908739,1.0512820512820513,0.809,241,0,Late Night (00-04),Vijayanagara,"BTP016 - 5th Main Road, RPC Layout",1.0,59
213,173_141,12.96086934372093,77.51191567255815,21.2,1.0462828395323123,1.3876430232524035,0.4358974358974359,0.754,215,3,Afternoon (12-16),Jnanabharathi,No Junction,0.0,54
214,175_186,12.96342890006327,77.57979713459486,21.2,1.0443407963120763,1.1376261397735037,1.7435897435897436,0.918,202,2,Morning Peak (08-12),City Market,BTP082 - KR Market Junction,1.0,48
215,177_156,12.966239654625943,77.53504862982064,21.0,1.0303858720622312,1.5827739970233965,1.9743589743589745,0.651,272,2,Morning Peak (08-12),Vijayanagara,"BTP016 - 5th Main Road, RPC Layout",1.0,59
216,172_277,12.95878149032258,77.71588203346774,20.9,1.023864845088062,1.490341841467339,1.4871794871794872,0.687,248,1,Early Morning (04-08),HAL Old Airport,No Junction,0.0,51
217,231_184,13.047588723303836,77.57635147020649,20.8,1.0156351887713284,2.1292142322250074,3.2564102564102564,0.477,339,2,Morning Peak (08-12),Kodigehalli,No Junction,0.0,113
218,172_230,12.958955125167785,77.64553074597316,20.7,1.0106684480906851,1.7607464252450962,2.2051282051282053,0.574,298,1,Early Morning (04-08),Jeevanbheemanagar,No Junction,0.0,53
219,158_190,12.937405370819091,77.58516690081483,20.6,1.0012455852166986,1.8337831231075064,0.9230769230769231,0.546,256,2,Morning Peak (08-12),Wilson Garden,No Junction,0.19140625,36
220,200_167,13.000406006790124,77.55058125493828,20.6,1.001243953559192,1.1039073357874223,0.9743589743589743,0.907,162,1,Early Morning (04-08),Malleshwaram,"BTP182 - 19th Main Junction, Rajajinagar",1.0,74
221,132_250,12.898972379669715,77.67542286317375,20.5,0.9965474471793344,1.6363669083404506,1.0769230769230769,0.609,241,2,Morning Peak (08-12),Bellandur,No Junction,0.0,6
222,179_158,12.968674434509804,77.53722944313725,20.5,0.9948050298966075,1.525774585730993,1.7692307692307692,0.652,255,1,Early Morning (04-08),Vijayanagara,"BTP022 - Marenahalli Junction, Vijayanagar",1.0,59
223,199_168,12.998879681751824,77.55273875,20.4,0.9892798751959705,1.2831126785939955,3.2564102564102564,0.771,274,1,Early Morning (04-08),Malleshwaram,BTP008 - Navarang Theatre,1.0,74
224,191_186,12.987223770857142,77.58020901428571,20.4,0.9872562986694041,1.0638537701178923,0.9487179487179487,0.928,175,2,Morning Peak (08-12),High ground,BTP054 - Shivananda Circle,1.0,78
225,186_201,12.97997361314554,77.60260657840375,20.2,0.974032690292875,1.0507364512328747,2.4871794871794872,0.927,213,2,Morning Peak (08-12),Shivajinagar,BTP211 - Central Street Junction,1.0,76
226,151_252,12.926952792051,77.67898008757128,20.2,0.9738313757845072,1.9399031390129624,2.4615384615384617,0.502,323,0,Late Night (00-04),Bellandur,No Junction,0.0,28
227,185_162,12.978346258154573,77.54369303200879,20.1,0.9708507490936449,1.1696996977031866,0.6666666666666666,0.83,169,2,Morning Peak (08-12),Magadi Road,BTP067 - Jai Muni Rao Circle,1.0,62
228,191_166,12.98740883137255,77.5497378875817,20.0,0.9605119773359757,0.9585947877604548,0.8717948717948718,1.002,153,2,Morning Peak (08-12),Vijayanagara,BTP018 - Dhobi Ghat Junction,1.0,74
229,141_222,12.91241881749578,77.63358540981882,19.9,0.9585839656880696,1.8944347147985565,1.0769230769230769,0.506,327,3,Afternoon (12-16),HSR Layout,No Junction,0.0,13
230,189_169,12.984630014071355,77.55387536065912,19.9,0.9545279442451436,1.1640584685916386,1.5384615384615385,0.82,204,2,Morning Peak (08-12),Rajajinagar,BTP061 - Bhashyam Circle,1.0,74
231,193_181,12.990248319850188,77.57231455430711,19.8,0.9484470793122598,1.5548312775610817,3.1538461538461537,0.61,267,2,Morning Peak (08-12),Sheshadripuram,No Junction,0.0,78
232,133_250,12.900018421266967,77.67546235520362,19.7,0.9432144760421118,1.4760789922411766,0.6666666666666666,0.639,221,2,Morning Peak (08-12),Bellandur,No Junction,0.0,6
233,183_180,12.975352128877004,77.57078732299465,19.7,0.9425273996142258,1.172297760714211,1.564102564102564,0.804,187,0,Late Night (00-04),Chamarajpet,BTP048 - Shanthala Junction,1.0,48
234,188_175,12.982447589995264,77.56322857186689,19.6,0.9391532528009048,0.8655790348395436,0.8461538461538461,1.085,141,2,Morning Peak (08-12),Magadi Road,BTP010 - Rajajinagar Entrance,1.0,77
235,173_229,12.960235479780035,77.64429805838488,19.6,0.9367801441392349,1.1152144573086131,0.8974358974358975,0.84,165,1,Early Morning (04-08),Jeevanbheemanagar,"BTP148 - 17th Main, Doopanahalli Bus Stop",0.9030303030303031,53
236,205_151,13.008211037398373,77.52686895609756,19.5,0.9331339180810126,0.8114207983313154,0.358974358974359,1.15,123,2,Morning Peak (08-12),Rajajinagar,No Junction,0.0,95
237,173_152,12.960715161979167,77.52876685546875,19.5,0.92990127615811,1.5628592876606893,0.0,0.595,384,2,Morning Peak (08-12),Byatarayanapura,BTP017 - Attiguppe Circle,0.6927083333333334,55
238,140_225,12.911223789632107,77.63808355719063,19.4,0.9260474894878521,1.8447161145176336,0.8717948717948718,0.502,299,2,Morning Peak (08-12),HSR Layout,No Junction,0.0,13
239,158_265,12.938091099183678,77.69818030266741,19.4,0.9260358657591621,1.224915166348098,0.8717948717948718,0.756,172,2,Morning Peak (08-12),HAL Old Airport,No Junction,0.0,30
240,191_289,12.987700233865816,77.73436455463259,19.3,0.9210808359726953,1.764522674277194,1.8205128205128205,0.522,313,2,Morning Peak (08-12),Mahadevapura,No Junction,0.0,79
241,150_250,12.925690965527503,77.67609432478525,19.3,0.9181563639214153,1.4279259158964468,1.205128205128205,0.643,217,0,Late Night (00-04),Bellandur,No Junction,0.0,28
242,327_231,13.191678536666666,77.64672141881721,19.2,0.9119595396730396,1.235717533432303,0.23076923076923078,0.738,186,0,Late Night (00-04),Chikkajala,No Junction,0.0,123
243,127_225,12.89139968350627,77.63849023579704,19.2,0.9106146439512546,1.4272956801743801,0.8205128205128205,0.638,197,0,Late Night (00-04),HSR Layout,No Junction,0.0,4
244,198_162,12.997887023566879,77.54390787961783,19.1,0.9063732730558882,1.0026253020529736,0.5897435897435898,0.904,157,2,Morning Peak (08-12),Vijayanagara,BTP205 - Modi Hospital Junction,1.0,74
245,149_212,12.92468154209171,77.61848689138405,19.1,0.9041994150373472,1.1053782579918672,0.6410256410256411,0.818,166,2,Morning Peak (08-12),Madiwala,BTP137 - Madiwala Traffic PS Junction,1.0,25
246,163_196,12.9450947813232,77.59500020756637,19.0,0.8999100284279618,1.4083099036431326,2.2051282051282053,0.639,226,2,Morning Peak (08-12),Wilson Garden,"BTP123 - 10th Cross, Wilson Garden",1.0,43
247,171_268,12.956903644289886,77.70268986455783,19.0,0.8959817160438525,1.468822485317791,0.8717948717948718,0.61,193,2,Morning Peak (08-12),HAL Old Airport,No Junction,0.0,50
248,190_169,12.985655111167512,77.5542011,18.9,0.8950783218454524,1.02294665353766,1.7179487179487178,0.875,197,2,Morning Peak (08-12),Rajajinagar,BTP061 - Bhashyam Circle,1.0,74
249,175_227,12.963504328102884,77.64152738669851,18.9,0.8931219257523718,0.9644945202509414,0.41025641025641024,0.926,159,2,Morning Peak (08-12),Jeevanbheemanagar,"BTP148 - 17th Main, Doopanahalli Bus Stop",1.0,61
250,152_190,12.928539569945354,77.58569829836065,18.9,0.8914109320084972,1.1531836119126742,1.1282051282051282,0.773,183,2,Morning Peak (08-12),Jayanagara,BTP225 - Geetha Junction,1.0,22
251,226_145,13.039998314619881,77.51854390545809,18.9,0.8908398311061676,1.2407239987551082,0.6923076923076923,0.718,171,2,Morning Peak (08-12),Peenya,No Junction,0.0,112
252,325_253,13.18821578060345,77.68040956939655,18.9,0.8901407998501516,1.4664593078256205,1.7692307692307692,0.607,232,1,Early Morning (04-08),Devanahalli Airport,No Junction,0.0,121
253,172_183,12.959343506349207,77.57581078650793,18.8,0.8888329283935945,0.8696995385455915,0.6410256410256411,1.022,126,3,Afternoon (12-16),City Market,BTP104 - Medical College Circle,1.0,48
254,191_182,12.987149278672987,77.57434578767771,18.7,0.882271321602798,1.4487213819421971,1.0256410256410255,0.609,211,0,Late Night (00-04),Sheshadripuram,No Junction,0.0,78
255,186_169,12.979868347643981,77.55419995078535,18.7,0.8795901768252259,1.177496889993609,1.564102564102564,0.747,191,2,Morning Peak (08-12),Magadi Road,"BTP062 - Basava Mantapa, Dr. Rajkumar Road",1.0,75
256,199_161,12.998770624657535,77.54211652808219,18.6,0.875413342121362,1.0132098867145394,0.5641025641025641,0.864,146,1,Early Morning (04-08),Vijayanagara,"BTP206 - Shankara Mutt Circle, Vijayanagar",1.0,74
257,188_199,12.982171702222221,77.59897800666667,18.6,0.8731178668701673,0.9733755483502423,0.5384615384615384,0.897,135,2,Morning Peak (08-12),Shivajinagar,BTP173 - TMC,1.0,76
258,180_197,12.9712291125,77.59650237833333,18.5,0.86545695139331,0.8418841939623638,0.5384615384615384,1.028,120,2,Morning Peak (08-12),Cubbon Park,BTP063 - Siddalingaiah Circle,1.0,65
259,197_262,12.996084379482808,77.69393299576004,18.5,0.8646595711457817,1.1684588799267321,1.6666666666666667,0.74,205,2,Morning Peak (08-12),Mahadevapura,No Junction,0.0,87
260,180_274,12.971009858065182,77.7122080129621,18.4,0.8604011648250063,1.4783525168814542,1.9487179487179487,0.582,230,0,Late Night (00-04),HAL Old Airport,No Junction,0.0,70
261,184_163,12.976839616158536,77.5454831875,18.4,0.8589569716950384,1.4583310215535457,2.7948717948717947,0.589,328,2,Morning Peak (08-12),Vijayanagara,BTP068 - Veeresh Theatre Junction,1.0,62
262,196_169,12.99453989499803,77.55448855133874,18.3,0.8543535081064489,0.9236254141691339,1.0769230769230769,0.925,146,2,Morning Peak (08-12),Rajajinagar,"BTP011 - RR Kalyana Mantapa, Dr. Rajkumar Road",1.0,74
263,218_181,13.028174555952381,77.57245821964287,18.2,0.8498235664495724,1.2210108713355925,0.8974358974358975,0.696,168,2,Morning Peak (08-12),Sadashivanagar,No Junction,0.0,106
264,224_192,13.03624177286432,77.58933698944723,18.2,0.8492064581611256,1.2827892117237547,1.3333333333333333,0.662,199,2,Morning Peak (08-12),Hebbala,No Junction,0.0,111
265,137_220,12.906432054042552,77.63069956042554,18.2,0.8473161728792746,1.366638988514959,0.38461538461538464,0.62,235,3,Afternoon (12-16),HSR Layout,No Junction,0.0,7
266,176_170,12.96440355776699,77.55548570825243,18.0,0.8377726866129567,1.2655176534938921,1.0769230769230769,0.662,206,0,Late Night (00-04),Magadi Road,No Junction,0.2524271844660194,60
267,128_224,12.893059040384616,77.63712465230769,18.0,0.8350302176439527,1.676767505309142,2.2564102564102564,0.498,260,0,Late Night (00-04),Hulimavu,No Junction,0.0,4
268,187_209,12.980934498591548,77.61447857746478,17.8,0.8235160230038783,1.005514069601805,0.5897435897435898,0.819,142,2,Morning Peak (08-12),Shivajinagar,No Junction,0.0,76
269,192_166,12.988952678048781,77.55020130975609,17.8,0.8234676449152687,0.7432018455913977,0.5897435897435898,1.108,123,2,Morning Peak (08-12),Vijayanagara,"BTP170 - Dr. Bheem Rao Palace, Chord Road",1.0,74
270,183_186,12.9756765875,77.57922390892858,17.8,0.8217167661272685,0.8016748937827011,0.6666666666666666,1.025,112,2,Morning Peak (08-12),Upparpet,BTP044 - Sagar Theatre Junction,1.0,48
271,172_267,12.958549096634615,77.70108986730769,17.7,0.8164263144346254,1.3698428094540696,1.5384615384615385,0.596,208,2,Morning Peak (08-12),HAL Old Airport,No Junction,0.0,50
272,196_192,12.994187238461539,77.58920061897436,17.6,0.8140132275741616,1.9805674636840918,1.1538461538461537,0.411,390,0,Late Night (00-04),High ground,BTP032 - Windsor Circle,0.982051282051282,83
273,233_195,13.050210648623853,77.59291215321102,17.6,0.8106350291956352,1.3398926102407194,1.2307692307692308,0.605,218,0,Late Night (00-04),Kodigehalli,No Junction,0.0,114
274,167_278,12.951503639573199,77.7174734284193,17.5,0.8075376867800999,0.872070936047624,4.564102564102564,0.926,283,2,Morning Peak (08-12),Whitefield,No Junction,0.0,45
275,185_161,12.97855123369401,77.5423927588348,17.5,0.8022557379788051,1.0028196724735063,0.6666666666666666,0.8,144,2,Morning Peak (08-12),Magadi Road,BTP067 - Jai Muni Rao Circle,1.0,62
276,264_199,13.097044277546296,77.59955035231481,17.4,0.8017502519505173,2.239525843437199,5.205128205128205,0.358,432,0,Late Night (00-04),Yelahanka,No Junction,0.0,120
277,199_207,12.999882716736403,77.61100336025103,17.2,0.7848685384524807,1.6351427884426681,0.8974358974358975,0.48,239,2,Morning Peak (08-12),Pulikeshinagar(F.Town),No Junction,0.0,91
278,157_201,12.936601678048781,77.60174493089431,17.1,0.7797770580299198,0.8063878573215303,0.5128205128205128,0.967,123,1,Early Morning (04-08),Mico Layout,BTP126 - Dairy Circle,1.0,205
279,186_181,12.979792737974684,77.57254515189874,16.9,0.7686785393493732,1.0127516987475274,0.8461538461538461,0.759,158,0,Late Night (00-04),Upparpet,BTP057 - Anand Rao Junction,1.0,48
280,153_206,12.930442629921261,77.60973889212599,16.9,0.7667071891048839,0.7429333227760503,0.5897435897435898,1.032,127,0,Late Night (00-04),Mico Layout,BTP140 - Madiwala Check Post,0.968503937007874,24
281,230_300,13.045868462857142,77.75038690214286,16.8,0.7639918851440526,0.9896267942280473,0.8461538461538461,0.772,140,2,Morning Peak (08-12),K.R. Pura,No Junction,0.0,355
282,154_190,12.931592342201835,77.58605768623853,16.8,0.7636795632705621,0.789741016825814,0.3076923076923077,0.967,109,2,Morning Peak (08-12),Jayanagara,BTP219 - Canara Bank Junction,1.0,22
283,194_168,12.991874152272727,77.55262799090909,16.8,0.7629605249453691,1.0761079336323967,1.4871794871794872,0.709,176,0,Late Night (00-04),Rajajinagar,"BTP170 - Dr. Bheem Rao Palace, Chord Road",1.0,74
284,177_190,12.965683231746032,77.58561841825397,16.7,0.7597632082740923,0.9012612197794689,0.1794871794871795,0.843,126,2,Morning Peak (08-12),Halasuru Gate,BTP078 - NR Square Junction,1.0,48
285,190_203,12.985601642593965,77.60533971842105,16.4,0.7414970052051215,1.2610493285801387,1.6153846153846154,0.588,190,2,Morning Peak (08-12),Shivajinagar,No Junction,0.0,76
286,154_189,12.93154557878788,77.5838574739394,16.4,0.740443084173892,0.8579873513023083,1.8461538461538463,0.863,165,2,Morning Peak (08-12),Jayanagara,BTP219 - Canara Bank Junction,1.0,22
287,151_187,12.927748835664335,77.58080871468532,16.4,0.7403401534139823,0.9151299794981239,1.0,0.809,143,2,Morning Peak (08-12),Jayanagara,"BTP189 - New Diagonal Road, Jayanagar",1.0,22
288,184_187,12.976458348314607,77.58074330337078,16.4,0.737142899473262,0.6987136487898218,0.15384615384615385,1.055,89,1,Early Morning (04-08),Upparpet,BTP044 - Sagar Theatre Junction,1.0,48
289,210_170,13.015362040717333,77.55526240862658,16.4,0.736641855630035,0.7322483654374106,1.0512820512820513,1.006,127,2,Morning Peak (08-12),Malleshwaram,No Junction,0.0,94
290,171_190,12.957485229411764,77.586187375,16.4,0.7362490211102238,1.0016993484492842,0.8205128205128205,0.735,136,1,Early Morning (04-08),Wilson Garden,BTP192 - Urvashi Theater,1.0,48
291,175_188,12.963654482352942,77.58287786176471,16.3,0.7359026661766069,0.6690024237969153,0.6923076923076923,1.1,102,2,Morning Peak (08-12),Halasuru Gate,"BTP080 - NR Road, SP Road Junction",1.0,48
292,162_265,12.943679065326902,77.69781162179902,16.3,0.7315939758746899,0.8699096027047443,0.5897435897435898,0.841,151,1,Early Morning (04-08),HAL Old Airport,No Junction,0.0,30
293,185_263,12.9787757490084,77.69529621859317,16.3,0.7309565527701217,0.9864460901081264,1.1282051282051282,0.741,148,1,Early Morning (04-08),Mahadevapura,No Junction,0.0,73
294,204_151,13.007061930612245,77.52682807551021,16.2,0.7292526058436442,0.6635601509041348,0.6666666666666666,1.099,98,2,Morning Peak (08-12),Rajajinagar,No Junction,0.0,95
295,147_243,12.920879606779549,77.66537542210892,16.1,0.7228304604981654,1.1677390314994593,0.7948717948717948,0.619,166,2,Morning Peak (08-12),Bellandur,No Junction,0.0,192
296,141_217,12.912142586206896,77.62586141149426,16.1,0.7225924449820396,1.0915293730846518,1.358974358974359,0.662,174,2,Morning Peak (08-12),HSR Layout,No Junction,0.0,12
297,218_183,13.027648571232877,77.57526060479452,16.1,0.7189586186304144,0.8216669927204736,0.8717948717948718,0.875,146,2,Morning Peak (08-12),Sadashivanagar,No Junction,0.0,106
298,183_213,12.975234223804355,77.62019650394264,16.0,0.7186586553547836,0.9633494039608359,1.0769230769230769,0.746,160,2,Morning Peak (08-12),Halasur,No Junction,0.0,69
299,189_205,12.983775670560748,77.60847452429907,16.0,0.7181628302967002,1.1399410004709527,1.4102564102564104,0.63,214,2,Morning Peak (08-12),Shivajinagar,No Junction,0.102803738317757,76
300,154_261,12.931982620187862,77.69179253796709,16.0,0.713015219951961,1.105449953413893,0.9743589743589743,0.645,201,2,Morning Peak (08-12),HAL Old Airport,No Junction,0.0,30
301,159_189,12.939373750728155,77.58402592524273,15.9,0.7104486522630576,1.242043098361989,8.307692307692308,0.572,412,4,Evening Peak (16-20),Wilson Garden,"BTP186 - 9th Cross, 4th Main, Jayanagar",0.9611650485436893,36
302,192_184,12.988238957575756,77.5770344979798,15.9,0.7090429826666117,0.7495168949964184,0.48717948717948717,0.946,99,2,Morning Peak (08-12),Sheshadripuram,BTP054 - Shivananda Circle,1.0,78
303,173_277,12.960106904081632,77.71631188911564,15.8,0.7027251751498138,0.9307618213904819,0.7435897435897436,0.755,147,1,Early Morning (04-08),HAL Old Airport,No Junction,0.0,51
304,169_190,12.954643574829932,77.5854991632653,15.7,0.6961002315303279,0.995851547253688,1.205128205128205,0.699,147,0,Late Night (00-04),Wilson Garden,BTP120 - Lalbagh Main Gate Junction,1.0,48
305,156_210,12.934891331914894,77.61596090691489,15.6,0.6901388150429415,0.9466924760534178,1.7692307692307692,0.729,188,3,Afternoon (12-16),Adugodi,BTP135 - UCO Bank Junction,1.0,33
306,138_200,12.90790941734694,77.60046120442178,15.6,0.6899671154688887,1.0146575227483656,4.6923076923076925,0.68,294,2,Morning Peak (08-12),Mico Layout,BTP130 - GD Mara Junction,1.0,9
307,222_192,13.033868368569362,77.58854427815392,15.5,0.6869311128795687,1.3034745974944375,0.8717948717948718,0.527,193,1,Early Morning (04-08),Hebbala,No Junction,0.0,111
308,200_207,13.000195785462553,77.6111531475771,15.4,0.6816291741095399,1.313351009844971,2.0256410256410255,0.519,227,2,Morning Peak (08-12),Pulikeshinagar(F.Town),No Junction,0.0,91
309,157_145,12.936139027225131,77.51799500261781,15.4,0.6795370096692107,1.1213482007742752,1.641025641025641,0.606,191,2,Morning Peak (08-12),Byatarayanapura,No Junction,0.0,204
310,180_204,12.970322420278958,77.6067366379589,15.3,0.6730129747476375,1.5835599405826766,0.15384615384615385,0.425,307,1,Early Morning (04-08),Ashok Nagar,No Junction,0.0,69
311,93_251,12.84054120986111,77.67686392473617,15.2,0.672001206480134,1.018183646182021,0.46153846153846156,0.66,188,2,Morning Peak (08-12),Electronic City,No Junction,0.0,125
312,173_183,12.95966138192771,77.57530606024096,15.2,0.6711241110274714,0.5049842821877136,0.6666666666666666,1.329,83,2,Morning Peak (08-12),City Market,BTP104 - Medical College Circle,1.0,48
313,182_184,12.973301267142856,77.57739174928572,15.1,0.665345422541797,0.9990171509636591,0.8205128205128205,0.666,140,2,Morning Peak (08-12),City Market,BTP044 - Sagar Theatre Junction,1.0,48
314,184_192,12.976838416184972,77.5889753618497,15.1,0.6638474721900903,0.9908171226717766,0.5384615384615384,0.67,173,2,Morning Peak (08-12),Cubbon Park,BTP041 - Gopal Gowda Circle,1.0,71
315,180_227,12.97020276984127,77.64115859126984,15.0,0.6588490090100424,0.9137989029265497,0.6923076923076923,0.721,126,2,Morning Peak (08-12),Jeevanbheemanagar,No Junction,0.0,66
316,151_167,12.926846666108787,77.55087321924685,15.0,0.658255125886902,1.0237249236188213,3.2564102564102564,0.643,239,3,Afternoon (12-16),Banashankari,BTP155 - Katriguppe Junction,1.0,26
317,152_188,12.92887414516129,77.58242257526882,14.9,0.6523072192379176,0.7082597385862297,0.3076923076923077,0.921,93,2,Morning Peak (08-12),Jayanagara,BTP220 - Puttanna Junction,1.0,22
318,192_194,12.988648090941824,77.59202517295631,14.9,0.6522400398677224,0.7925152367773055,0.8717948717948718,0.823,131,2,Morning Peak (08-12),High ground,BTP034 - LRDE Junction,1.0,82
319,154_221,12.93201773277027,77.63207367736487,14.9,0.6511921742530464,1.1691062374381442,4.102564102564102,0.557,296,0,Late Night (00-04),Adugodi,No Junction,0.0,32
320,326_253,13.189862713414636,77.68061043841463,14.8,0.649517536480476,1.00700393252787,0.8974358974358975,0.645,164,1,Early Morning (04-08),Devanahalli Airport,No Junction,0.0,121
321,189_173,12.98419556033058,77.56008245950414,14.8,0.6485435085508333,0.7918724158129834,0.41025641025641024,0.819,121,2,Morning Peak (08-12),Rajajinagar,BTP010 - Rajajinagar Entrance,1.0,77
322,262_196,13.093628374881517,77.59422412417062,14.8,0.6472753644844688,1.1920356620340125,0.717948717948718,0.543,211,2,Morning Peak (08-12),Yelahanka,No Junction,0.0,119
323,197_209,12.995885750364964,77.61375544927007,14.8,0.6450590645638692,1.5810271190290912,1.5897435897435896,0.408,274,3,Afternoon (12-16),Pulikeshinagar(F.Town),No Junction,0.0,84
324,173_230,12.959955759319177,77.64568656206886,14.7,0.64452555198215,1.0118140533471742,1.2307692307692308,0.637,161,1,Early Morning (04-08),Jeevanbheemanagar,No Junction,0.0,53
325,171_276,12.957001225805122,77.71514852021048,14.7,0.64317480098122,0.9201356237213448,0.48717948717948717,0.699,127,1,Early Morning (04-08),HAL Old Airport,No Junction,0.0,51
326,150_212,12.925646099378882,77.61894102857143,14.7,0.640469174263763,0.8690219460838033,0.6666666666666666,0.737,161,2,Morning Peak (08-12),Madiwala,No Junction,0.2795031055900621,25
327,195_180,12.993568049579832,77.57126880840337,14.5,0.6320884102207207,0.8803459752377726,0.4358974358974359,0.718,119,2,Morning Peak (08-12),Malleshwaram,No Junction,0.0,78
328,182_165,12.974274746955233,77.54783597227913,14.5,0.6319221549775784,0.8380930437368415,2.2564102564102564,0.754,179,2,Morning Peak (08-12),Vijayanagara,BTP069 - MC Circle,1.0,62
329,95_229,12.843093283872912,77.64425232522815,14.5,0.6313346511573368,1.141653980393014,0.8205128205128205,0.553,151,3,Afternoon (12-16),Electronic City,No Junction,0.0,126
330,186_203,12.98000779589041,77.60532230958904,14.5,0.6302870045556355,0.5414836808897212,0.23076923076923078,1.164,73,2,Morning Peak (08-12),Shivajinagar,BTP051 - Safina Plaza Junction,1.0,76
331,186_170,12.980161429850131,77.555517876,14.5,0.6294331216116936,0.609915815515207,0.2564102564102564,1.032,80,1,Early Morning (04-08),Magadi Road,"BTP062 - Basava Mantapa, Dr. Rajkumar Road",1.0,75
332,198_178,12.997457991034484,77.56836593793103,14.5,0.6294021540861114,0.6947043643334563,1.358974358974359,0.906,145,2,Morning Peak (08-12),Malleshwaram,No Junction,0.0,78
333,281_220,13.121995911240877,77.6308247069343,14.4,0.62824135798609,0.8873465508278108,0.5384615384615384,0.708,137,3,Afternoon (12-16),Chikkajala,No Junction,0.0,397
334,182_159,12.973368073504036,77.53909197977889,14.2,0.6128068217888305,0.501889288934341,0.2564102564102564,1.221,81,2,Morning Peak (08-12),Vijayanagara,BTP028 - Vijayanagar Bus Stand Junction,1.0,59
335,193_199,12.990153247023809,77.59947298988095,14.1,0.6118753400938802,1.1004952159961874,0.8205128205128205,0.556,168,1,Early Morning (04-08),Shivajinagar,No Junction,0.0,76
336,200_179,13.000463258219177,77.56942565821917,14.1,0.6069773907136464,0.85610351299527,0.8461538461538461,0.709,146,1,Early Morning (04-08),Malleshwaram,No Junction,0.0,78
337,199_250,12.999603631670945,77.67618973978395,14.0,0.6037124263618059,0.9133319612130194,0.2564102564102564,0.661,136,2,Morning Peak (08-12),Mahadevapura,No Junction,0.0,92
338,182_188,12.973657857843136,77.58277066176471,14.0,0.6034743745741424,0.6976582365018987,0.0,0.865,102,1,Early Morning (04-08),Halasuru Gate,BTP038 - Mysore Bank Junction,1.0,48
339,201_180,13.001928207999999,77.57098460533334,14.0,0.6019579532727831,0.8852322842246809,0.8461538461538461,0.68,150,2,Morning Peak (08-12),Malleshwaram,No Junction,0.0,78
340,193_182,12.989794199999999,77.57385536725145,13.9,0.5975634943183401,0.9976018269087481,1.641025641025641,0.599,171,2,Morning Peak (08-12),Sheshadripuram,No Junction,0.0,78
341,160_177,12.940841592590314,77.56666427681363,13.8,0.5956308439349582,1.1091822047205926,1.6153846153846154,0.537,180,0,Late Night (00-04),Basavanagudi,No Junction,0.0,41
342,174_277,12.961948366917293,77.71667410225564,13.8,0.5952754648316221,0.8992076508030544,0.23076923076923078,0.662,133,1,Early Morning (04-08),HAL Old Airport,No Junction,0.0,51
343,185_219,12.978306893396226,77.62872761981131,13.8,0.5926342955032776,0.6688874667079883,0.5384615384615384,0.886,106,1,Early Morning (04-08),Jeevanbheemanagar,No Junction,0.0,69
344,177_278,12.966392768098158,77.71802410490797,13.7,0.5871059588443027,0.9640491935046023,0.20512820512820512,0.609,163,1,Early Morning (04-08),HAL Old Airport,No Junction,0.0,51
345,205_171,13.00796928245614,77.55682362719298,13.6,0.5819324076527105,0.7193231244162057,0.8205128205128205,0.809,114,2,Morning Peak (08-12),Malleshwaram,No Junction,0.3684210526315789,94
346,150_190,12.926086763809524,77.58591506761906,13.6,0.5804304922337344,0.6309027089497113,0.8717948717948718,0.92,105,2,Morning Peak (08-12),Jayanagara,"BTP226 - 33rd Cross, 11th Main, Jayanagar",1.0,22
347,205_179,13.008454567889908,77.56949915045871,13.5,0.5785734728641482,0.8661279533894433,0.3333333333333333,0.668,109,1,Early Morning (04-08),Malleshwaram,No Junction,0.0,78
348,153_204,12.930870439923954,77.60671379163497,13.5,0.5769592333273206,1.5509656809874208,0.5128205128205128,0.372,263,0,Late Night (00-04),Mico Layout,No Junction,0.0,31
349,182_206,12.973723621052633,77.60945228721805,13.5,0.5747557034621535,0.7694186123991346,0.1282051282051282,0.747,133,2,Morning Peak (08-12),Ashok Nagar,No Junction,0.0,69
350,155_220,12.9330613555,77.631080555,13.4,0.5717965377937287,1.2244037211857146,2.0,0.467,200,0,Late Night (00-04),Adugodi,No Junction,0.0,32
351,322_252,13.183669164356436,77.6794441891089,13.4,0.569890396998746,0.6941417746635152,0.8717948717948718,0.821,101,3,Afternoon (12-16),Chikkajala,No Junction,0.0,121
352,193_168,12.990105716766466,77.5528373988024,13.4,0.569807141249107,0.8234207243484206,1.8205128205128205,0.692,167,0,Late Night (00-04),Rajajinagar,"BTP204 - ESI Hospital, Rajajinagar",1.0,74
353,162_182,12.94405710476228,77.57329564141686,13.3,0.5686998965212683,0.6722220999069365,0.9487179487179487,0.846,112,1,Early Morning (04-08),Basavanagudi,BTP108 - Tagore Park Junction,1.0,40
354,187_201,12.980767367994515,77.60268230771135,13.3,0.5670805653136405,0.5745497115639722,0.5384615384615384,0.987,87,2,Morning Peak (08-12),Shivajinagar,BTP211 - Central Street Junction,1.0,76
355,191_170,12.987138765648856,77.5557661038168,13.3,0.5669525850734743,0.7918332193763609,1.0,0.716,131,1,Early Morning (04-08),Rajajinagar,"BTP210 - 50th cross, 12th Main , Rajajinagar",1.0,74
356,182_166,12.973587538378379,77.54990475621622,13.3,0.5666958371574045,0.8358345680787675,2.641025641025641,0.678,185,2,Morning Peak (08-12),Magadi Road,"BTP070 - Cholurpalya Junction, Magadi Road",1.0,62
357,218_190,13.027714284285715,77.58602406785714,13.3,0.5656831094498989,0.8950682111549033,0.8461538461538461,0.632,140,2,Morning Peak (08-12),R.T. Nagar,No Junction,0.0,103
358,202_168,13.003886028467154,77.55329050802919,13.3,0.5646294349540724,0.8673263209739974,0.05128205128205128,0.651,137,1,Early Morning (04-08),Malleshwaram,"BTP001 - 10th Cross, Dr. Rajkumar Road",1.0,94
359,185_226,12.978191344,77.63966947600001,13.3,0.5644508176937627,0.8192319560141694,1.641025641025641,0.689,175,1,Early Morning (04-08),Jeevanbheemanagar,No Junction,0.0,72
360,162_181,12.94388224623656,77.57264873333332,13.3,0.5638979619860126,0.7599702991725238,0.1794871794871795,0.742,93,1,Early Morning (04-08),Basavanagudi,BTP108 - Tagore Park Junction,1.0,40
361,183_205,12.974837776684625,77.60791041629969,13.2,0.5627037193757775,0.7804489866515637,0.1794871794871795,0.721,114,2,Morning Peak (08-12),Ashok Nagar,BTP051 - Safina Plaza Junction,0.5,69
362,184_188,12.976329266216217,77.58329792297297,13.1,0.5555987912766323,0.5842258583350497,0.15384615384615385,0.951,74,1,Early Morning (04-08),Upparpet,BTP037 - KR Circle,1.0,48
363,247_195,13.071482217266187,77.59300810503596,13.1,0.5549161823366292,0.8019019975962851,1.0,0.692,139,2,Morning Peak (08-12),Hebbala,No Junction,0.0,118
364,196_265,12.994904222318576,77.6981840021755,13.1,0.5547443312078201,0.6565021671098463,1.1282051282051282,0.845,121,2,Morning Peak (08-12),Mahadevapura,No Junction,0.0,87
365,174_198,12.96209205391705,77.59773266313364,13.0,0.551940671931897,1.2211076812652588,0.15384615384615385,0.452,217,1,Early Morning (04-08),Ashok Nagar,"BTP101 - Blood Bank Circle, KH Road",1.0,58
366,172_190,12.958215288793102,77.58640132672414,13.0,0.5499340471649913,0.7502510875375051,0.9487179487179487,0.733,116,2,Morning Peak (08-12),Wilson Garden,BTP192 - Urvashi Theater,1.0,48
367,154_257,12.931475536593052,77.68611132102588,13.0,0.549919499730991,0.7691181814419454,0.3333333333333333,0.715,107,2,Morning Peak (08-12),HAL Old Airport,No Junction,0.0,30
368,181_212,12.97202320625,77.61848500694445,13.0,0.5494784553317632,0.9936319264588847,0.8461538461538461,0.553,144,1,Early Morning (04-08),Halasur,No Junction,0.0,69
369,158_267,12.937571635307746,77.70109528579206,12.9,0.5467359018179782,0.7054656797651331,0.07692307692307693,0.775,94,1,Early Morning (04-08),HAL Old Airport,No Junction,0.0,30
370,173_267,12.960104409461904,77.70154973793585,12.8,0.5408143903335123,0.8423900160958135,0.6410256410256411,0.642,116,2,Morning Peak (08-12),HAL Old Airport,No Junction,0.0,50
371,196_209,12.995387176063831,77.61405422234043,12.7,0.5339360437952675,1.186524541767261,0.7435897435897436,0.45,188,3,Afternoon (12-16),Pulikeshinagar(F.Town),No Junction,0.0,84
372,173_184,12.960049874774773,77.57674266846847,12.7,0.5337719818605299,0.5612744288754258,0.8717948717948718,0.951,111,1,Early Morning (04-08),City Market,BTP104 - Medical College Circle,1.0,48
373,137_218,12.906733636036037,77.62829917387387,12.7,0.5331537645472287,0.6257673292807849,0.8205128205128205,0.852,111,3,Afternoon (12-16),Madiwala,No Junction,0.0,7
374,242_191,13.063574838202246,77.58708298820225,12.5,0.526544394215853,0.8478975752268164,1.3333333333333333,0.621,178,3,Afternoon (12-16),Kodigehalli,No Junction,0.0,117
375,163_265,12.945241821691532,77.69815369002407,12.5,0.5231259849304039,0.7175939436631055,0.15384615384615385,0.729,126,1,Early Morning (04-08),HAL Old Airport,No Junction,0.0,30
376,182_213,12.973485784757571,77.62012745302114,12.4,0.5214534670237689,0.7046668473294175,0.8974358974358975,0.74,117,2,Morning Peak (08-12),Halasur,No Junction,0.0,69
377,141_190,12.912262562352943,77.58574045764706,12.4,0.520441523612218,0.5359850912587208,0.6666666666666666,0.971,85,2,Morning Peak (08-12),J.P. Nagar,"BTP197 - 9th Cross, 24th Main, JP Nagar",1.0,11
378,186_202,12.980117871428572,77.60380248831169,12.4,0.5203630253716017,0.518806605554937,0.358974358974359,1.003,77,2,Morning Peak (08-12),Shivajinagar,BTP211 - Central Street Junction,1.0,76
379,186_187,12.979290415789475,77.58127537894737,12.4,0.5194553803313906,0.7528338845382473,0.4358974358974359,0.69,95,2,Morning Peak (08-12),Upparpet,No Junction,0.47368421052631576,48
380,248_193,13.072570180851065,77.59028762446809,12.4,0.5174036920435312,0.6137647592449955,0.3076923076923077,0.843,94,2,Morning Peak (08-12),Kodigehalli,No Junction,0.0,118
381,117_196,12.87638643537415,77.5953529244898,12.4,0.5171357395888353,1.0384251798972597,0.5641025641025641,0.498,147,3,Afternoon (12-16),Hulimavu,No Junction,0.0,1
382,183_165,12.974922073540199,77.5481283639682,12.3,0.5163361238882084,0.6205963027502505,1.0256410256410255,0.832,112,1,Early Morning (04-08),Vijayanagara,BTP069 - MC Circle,1.0,62
383,238_194,13.058233265706,77.59154981786148,12.3,0.5163224613889913,0.682966218768507,0.6410256410256411,0.756,105,3,Afternoon (12-16),Kodigehalli,No Junction,0.0,116
384,190_183,12.98570635378788,77.57462701060606,12.3,0.5134855540641404,0.8930183548941574,0.8205128205128205,0.575,132,0,Late Night (00-04),Sheshadripuram,No Junction,0.022727272727272728,78
385,154_263,12.931707924271844,77.6954972737864,12.2,0.5112884654444563,0.4742935672026496,0.6410256410256411,1.078,103,1,Early Morning (04-08),Bellandur,No Junction,0.0,29
386,168_266,12.952403094753786,77.7001175043437,12.2,0.5108818133396863,0.7298311619138376,1.8717948717948718,0.7,154,0,Late Night (00-04),HAL Old Airport,No Junction,0.0,30
387,150_205,12.925939846774193,77.60881707741935,12.2,0.5096657522259201,0.4428025649226065,0.1794871794871795,1.151,62,2,Morning Peak (08-12),Mico Layout,No Junction,0.0,24
388,182_183,12.974154158762888,77.5751651927835,12.2,0.5079187346459875,0.4912173449187499,1.0512820512820513,1.034,97,2,Morning Peak (08-12),Upparpet,BTP043 - Upparpet Junction,1.0,48
389,152_253,12.928236741201546,77.67993470289704,12.1,0.504552648281048,0.7945710996551936,0.6410256410256411,0.635,129,1,Early Morning (04-08),Bellandur,No Junction,0.0,28
390,196_181,12.994532923232322,77.57156304444445,12.1,0.5020476745501905,0.7202979548783222,0.358974358974359,0.697,99,2,Morning Peak (08-12),Malleshwaram,No Junction,0.0,78
391,171_184,12.957043970408163,77.57738970306123,12.0,0.501317897763594,0.6596288128468343,0.358974358974359,0.76,98,2,Morning Peak (08-12),City Market,BTP118 - Basappa Circle,1.0,48
392,196_242,12.994096437168142,77.66327647433629,12.0,0.5000578749755165,1.0122629048087377,3.051282051282051,0.494,226,3,Afternoon (12-16),Banaswadi,No Junction,0.0,85
393,125_174,12.888266301034626,77.56227357214411,11.9,0.4943673898524085,0.8719001584698564,1.641025641025641,0.567,154,2,Morning Peak (08-12),Thalagattapura,No Junction,0.0,5
394,200_250,13.000349967799693,77.67592410472022,11.9,0.4932633399927231,0.8608435252927106,2.41025641025641,0.573,183,1,Early Morning (04-08),Banaswadi,No Junction,0.0,92
395,218_161,13.027753784615385,77.5422989989011,11.9,0.49227555945909657,0.9825859470241448,1.435897435897436,0.501,182,2,Morning Peak (08-12),Yeshwanthpura,No Junction,0.0,105
396,173_151,12.960930311970902,77.52773157957178,11.8,0.48940821705361404,0.9429830771745935,0.0,0.519,256,3,Afternoon (12-16),Byatarayanapura,No Junction,0.0,55
397,172_146,12.958525140963856,77.51914364819277,11.8,0.48851455734230953,0.5979370346907094,0.4358974358974359,0.817,83,2,Morning Peak (08-12),Byatarayanapura,No Junction,0.0,49
398,169_195,12.95450284868421,77.59316824868421,11.6,0.4813427283472944,0.4998366857188935,0.3333333333333333,0.963,76,2,Morning Peak (08-12),Wilson Garden,"BTP102 - BMTC Junction, KH Road",1.0,47
399,181_164,12.972225953932586,77.54706632471911,11.6,0.4810394678163678,0.5938758861930467,0.6410256410256411,0.81,89,2,Morning Peak (08-12),Magadi Road,BTP020 - Hosahalli Metro Station,1.0,62
400,174_141,12.961070930434783,77.51182808804347,11.6,0.47989714403215583,0.6637581521883207,0.23076923076923078,0.723,92,3,Afternoon (12-16),Jnanabharathi,No Junction,0.0,54
401,212_172,13.01847258003249,77.55850695841143,11.5,0.47527781455562085,0.7380090288130758,0.6666666666666666,0.644,118,0,Late Night (00-04),Yeshwanthpura,No Junction,0.0,101
402,142_204,12.913697818644069,77.60668329830509,11.5,0.47256882234260733,0.8623518655886995,0.3076923076923077,0.548,177,1,Early Morning (04-08),Mico Layout,"BTP163 - 16th Main Road, BTM Layout",0.5141242937853108,15
403,198_160,12.998103951351352,77.54073218108108,11.5,0.4719293237020275,0.5762262804664561,0.6923076923076923,0.819,111,2,Morning Peak (08-12),Vijayanagara,"BTP206 - Shankara Mutt Circle, Vijayanagar",1.0,74
404,150_189,12.926213466666665,77.58427093870968,11.4,0.4708684231720033,0.522027076687365,0.38461538461538464,0.902,93,2,Morning Peak (08-12),Jayanagara,"BTP226 - 33rd Cross, 11th Main, Jayanagar",1.0,22
405,185_225,12.978146420714285,77.63855623714285,11.4,0.469780131418525,0.6497650503714039,1.3076923076923077,0.723,140,2,Morning Peak (08-12),Jeevanbheemanagar,No Junction,0.0,72
406,165_186,12.948139686875,77.5799713725,11.4,0.46768346595805727,0.7794724432634288,1.9743589743589745,0.6,160,0,Late Night (00-04),Basavanagudi,BTP184 - Lalbagh West Gate,1.0,226
407,155_261,12.93269345892857,77.69159297738095,11.4,0.46712213479531145,1.0520768801696203,0.07692307692307693,0.444,168,1,Early Morning (04-08),HAL Old Airport,No Junction,0.0,30
408,171_145,12.957048149618322,77.51861126870229,11.4,0.4668634884580365,0.7628488373497329,1.7179487179487178,0.612,131,1,Early Morning (04-08),Byatarayanapura,No Junction,0.0,49
409,170_186,12.955306927058823,77.57988151647058,11.4,0.46668509601255836,0.5509859457054999,0.41025641025641024,0.847,85,2,Morning Peak (08-12),City Market,BTP119 - Minerva Circle,1.0,48
410,157_211,12.936314807936506,77.61712047222223,11.3,0.46509105681182206,0.7289828476674327,1.205128205128205,0.638,126,1,Early Morning (04-08),Adugodi,No Junction,0.06349206349206349,33
411,182_182,12.973983923711339,77.57414656597938,11.3,0.4647483540833039,0.5599377760039806,0.6923076923076923,0.83,97,2,Morning Peak (08-12),Upparpet,BTP043 - Upparpet Junction,1.0,48
412,186_195,12.980058655670103,77.59295868350516,11.3,0.4632654022765544,0.5841934454937634,0.3076923076923077,0.793,97,2,Morning Peak (08-12),Cubbon Park,BTP047 - Vidhan Soudha Metro Station,1.0,71
413,113_236,12.870717328939524,77.65455022050837,11.3,0.46299331582122405,0.7794500266350574,0.38461538461538464,0.594,158,2,Morning Peak (08-12),Electronic City,No Junction,0.0,0
414,181_231,12.972299627012776,77.6470843300897,11.3,0.4623366268903136,0.5265793016973959,0.1282051282051282,0.878,71,2,Morning Peak (08-12),Jeevanbheemanagar,No Junction,0.0,66
415,193_169,12.989960568421052,77.55395154649122,11.3,0.46172335009514115,0.668195875680378,0.4358974358974359,0.691,114,1,Early Morning (04-08),Rajajinagar,"BTP204 - ESI Hospital, Rajajinagar",1.0,74
416,156_208,12.93447435376344,77.6126842827957,11.2,0.46148024523502534,0.4802083717325966,1.2564102564102564,0.961,93,3,Afternoon (12-16),Adugodi,BTP135 - UCO Bank Junction,1.0,33
417,187_192,12.981143371309313,77.58852977055943,11.2,0.46008156695591984,0.5715298968396519,0.3333333333333333,0.805,92,1,Early Morning (04-08),Cubbon Park,BTP052 - CID Carlton House Junction,1.0,271
418,196_210,12.994609507058824,77.61559469647058,11.2,0.45982444653209825,0.8181929653596054,1.641025641025641,0.562,170,2,Morning Peak (08-12),Pulikeshinagar(F.Town),No Junction,0.0,84
419,144_185,12.917201898684212,77.57814733421053,11.1,0.4562846536301995,0.5268875907969971,0.358974358974359,0.866,76,1,Early Morning (04-08),Jayanagara,"BTP176 - Rajalakshmi Kalyana Mantapa, JP Nagar",1.0,17
420,161_264,12.942228109377089,77.69697975608709,11.1,0.45569088069220864,0.4254816813185889,1.0,1.071,99,2,Morning Peak (08-12),HAL Old Airport,No Junction,0.0,30
421,177_187,12.965918766666666,77.58153644057971,11.1,0.45265070942439434,0.45265070942439434,0.358974358974359,1.0,69,1,Early Morning (04-08),Halasuru Gate,"BTP080 - NR Road, SP Road Junction",1.0,48
422,197_208,12.995954416071429,77.6132094875,11.0,0.45187907826381746,1.0533311847641433,0.6153846153846154,0.429,168,3,Afternoon (12-16),Pulikeshinagar(F.Town),No Junction,0.0,84
423,181_204,12.972297880188679,77.60708454245284,11.0,0.4513927623085137,0.6891492554328453,0.4358974358974359,0.655,106,1,Early Morning (04-08),Ashok Nagar,No Junction,0.0,69
424,113_235,12.870080993088111,77.6535537960076,11.0,0.45090250638090035,0.8109757309008998,0.7435897435897436,0.556,151,3,Afternoon (12-16),Electronic City,No Junction,0.0,0
425,128_225,12.89228579882829,77.63786371177845,11.0,0.4506515375964869,0.9196970155030345,0.9487179487179487,0.49,147,0,Late Night (00-04),Hulimavu,No Junction,0.0,4
426,219_159,13.029019447243336,77.53929538906803,11.0,0.45024131815788354,0.7079266008771754,0.717948717948718,0.636,113,0,Late Night (00-04),Yeshwanthpura,No Junction,0.0,107
427,181_213,12.972597478078397,77.62011134745713,11.0,0.44975504481003636,0.6537137279215646,0.717948717948718,0.688,99,2,Morning Peak (08-12),Halasur,No Junction,0.0,69
428,248_192,13.072177872164948,77.58867796804124,11.0,0.448439776861025,0.71750364297764,0.48717948717948717,0.625,97,2,Morning Peak (08-12),Kodigehalli,No Junction,0.0,118
429,187_184,12.980830521538461,77.57694162153847,11.0,0.44830063480160703,0.4759030093435319,0.1794871794871795,0.942,65,1,Early Morning (04-08),High ground,BTP058 - Subbanna Junction,1.0,48
430,248_194,13.07220647027027,77.59186019189188,10.9,0.4464314996414129,0.4669785561102645,0.2564102564102564,0.956,74,2,Morning Peak (08-12),Kodigehalli,No Junction,0.0,118
431,327_253,13.1909914254717,77.68072062830188,10.9,0.4464060092238851,0.5760077538372711,0.6666666666666666,0.775,106,2,Morning Peak (08-12),Devanahalli Airport,No Junction,0.0,121
432,191_146,12.987009719675745,77.51930309365594,10.9,0.4460401353911086,0.9912003008691302,0.8205128205128205,0.45,175,2,Morning Peak (08-12),Kamakshipalya,No Junction,0.0,286
433,180_158,12.97092657759926,77.53721718087719,10.9,0.4437615408901565,0.6890707156679449,0.7948717948717948,0.644,114,0,Late Night (00-04),Vijayanagara,"BTP022 - Marenahalli Junction, Vijayanagar",1.0,59
434,204_257,13.00616897480916,77.68661126717558,10.9,0.44334597328603703,0.8119889620623388,0.5128205128205128,0.546,131,2,Morning Peak (08-12),K.R. Pura,No Junction,0.0,97
435,176_160,12.964358341212122,77.54053554848485,10.9,0.4421313617313325,0.8737773947259535,0.6666666666666666,0.506,165,1,Early Morning (04-08),Vijayanagara,No Junction,0.0,59
436,199_216,12.999330384892087,77.62486351151078,10.8,0.4372887596698402,0.7436883667854426,0.7692307692307693,0.588,139,0,Late Night (00-04),Pulikeshinagar(F.Town),No Junction,0.0,304
437,196_244,12.995299182723695,77.66668618329955,10.7,0.43350416714147905,0.5064301018007933,0.46153846153846156,0.856,69,1,Early Morning (04-08),Mahadevapura,No Junction,0.0,86
438,174_191,12.961170335365853,77.58713015365853,10.7,0.43287408814428585,0.4710272993953056,0.28205128205128205,0.919,82,0,Late Night (00-04),Halasuru Gate,BTP180 - Swagath Poornima Theatre,1.0,48
439,201_179,13.00204735802469,77.56925262839506,10.6,0.43133701655423606,0.6118255553960795,0.1794871794871795,0.705,81,1,Early Morning (04-08),Malleshwaram,No Junction,0.0,78
440,181_217,12.972344942,77.626040337,10.6,0.4311645290969058,0.7590924808044116,0.10256410256410256,0.568,100,1,Early Morning (04-08),Halasur,No Junction,0.0,69
441,178_277,12.967364711881189,77.7162992089109,10.6,0.43087830844421005,0.696087735774168,0.05128205128205128,0.619,101,1,Early Morning (04-08),HAL Old Airport,No Junction,0.0,51
442,183_164,12.974643637241378,77.54693828482759,10.6,0.4290286853315532,0.7513637221218095,1.2307692307692308,0.571,145,1,Early Morning (04-08),Vijayanagara,BTP069 - MC Circle,1.0,62
443,158_266,12.93788626303297,77.69977071847828,10.6,0.42869213355355806,0.623099031327846,0.5897435897435898,0.688,90,2,Morning Peak (08-12),HAL Old Airport,No Junction,0.0,30
444,135_269,12.90359540833124,77.70419822620661,10.6,0.4286678773400228,0.6436454614715057,0.3333333333333333,0.666,92,3,Afternoon (12-16),Bellandur,No Junction,0.0,158
445,179_190,12.969040883018868,77.58577833584904,10.5,0.42609316950524756,0.35448682987125424,0.02564102564102564,1.202,53,2,Morning Peak (08-12),Halasuru Gate,BTP075 - Police Corner,1.0,48
446,205_162,13.008517560784314,77.54316969019608,10.4,0.4224367345367402,0.6846624546786713,0.23076923076923078,0.617,102,2,Morning Peak (08-12),Rajajinagar,No Junction,0.0196078431372549,98
447,192_195,12.989284167236843,77.59280384828946,10.4,0.4214764483479167,0.5961477345797973,0.3076923076923077,0.707,76,1,Early Morning (04-08),High ground,No Junction,0.32894736842105265,82
448,182_158,12.973344751712611,77.53806939257358,10.4,0.4204501117848323,0.44304542864576646,0.358974358974359,0.949,65,2,Morning Peak (08-12),Vijayanagara,BTP028 - Vijayanagar Bus Stand Junction,1.0,59
449,206_265,13.010381716666668,77.69764208181817,10.3,0.4159863393025199,0.47324953276737186,0.38461538461538464,0.879,66,1,Early Morning (04-08),K.R. Pura,No Junction,0.0,99
450,195_181,12.993255930851063,77.57212167659574,10.3,0.4141266872528082,0.6199501306179763,0.6153846153846154,0.668,94,2,Morning Peak (08-12),Sheshadripuram,No Junction,0.0,78
451,231_183,13.04739840754717,77.57563896957546,10.3,0.4136983981285434,0.9338564291840709,8.307692307692308,0.443,424,0,Late Night (00-04),Kodigehalli,No Junction,0.0,113
452,202_180,13.003998447311826,77.57120624838709,10.2,0.41311412209517173,0.5358159819652033,0.7435897435897436,0.771,93,2,Morning Peak (08-12),Malleshwaram,No Junction,0.0,78
453,189_184,12.983691347457627,77.57722867288136,10.2,0.4124447400606292,0.43324027317292985,0.20512820512820512,0.952,59,2,Morning Peak (08-12),High ground,BTP058 - Subbanna Junction,1.0,48
454,174_224,12.961291867032967,77.63661377472528,10.2,0.41237863905533984,0.6002600277370302,0.6153846153846154,0.687,91,1,Early Morning (04-08),Halasur,"BTP145 - Sri Hatti Maramma Circle, Domluru",1.0,57
455,179_224,12.969880835000001,77.63677850375,10.2,0.41190258065611945,0.553632500881881,0.2564102564102564,0.744,80,2,Morning Peak (08-12),Jeevanbheemanagar,No Junction,0.0,66
456,172_191,12.95860151594203,77.58663894637681,10.2,0.4116970960126147,0.48321255400541635,0.46153846153846156,0.852,69,1,Early Morning (04-08),Wilson Garden,BTP180 - Swagath Poornima Theatre,1.0,48
457,191_212,12.987302722563951,77.61879565548979,10.2,0.41118308345373544,0.6239500507643937,0.8717948717948718,0.659,110,2,Morning Peak (08-12),Pulikeshinagar(F.Town),No Junction,0.0,81
458,266_192,13.099635416911765,77.58864521323528,10.1,0.40442507510014253,0.7573503279028886,0.23076923076923078,0.534,136,2,Morning Peak (08-12),Yelahanka,No Junction,0.0,391
459,193_166,12.989793457407407,77.55040785370372,10.1,0.40423374246862065,0.3618923388259809,0.2564102564102564,1.117,54,0,Late Night (00-04),Vijayanagara,"BTP170 - Dr. Bheem Rao Palace, Chord Road",1.0,74
460,160_149,12.940584146666668,77.52463473142858,9.9,0.3987569657787006,0.59250663562957,0.358974358974359,0.673,105,2,Morning Peak (08-12),Byatarayanapura,No Junction,0.0,39
461,198_246,12.997296249528079,77.6697986402993,9.9,0.39782481414186094,0.4371701254306164,0.6153846153846154,0.91,69,0,Late Night (00-04),Banaswadi,No Junction,0.0,86
462,242_194,13.063304798039217,77.59159709411765,9.9,0.3970906458663944,0.5584959857473902,0.4358974358974359,0.711,102,3,Afternoon (12-16),Kodigehalli,No Junction,0.0,117
463,148_234,12.922904358208957,77.65149622238806,9.9,0.3966251684843241,0.4872545067374989,0.38461538461538464,0.814,67,2,Morning Peak (08-12),HSR Layout,No Junction,0.0,196
464,175_288,12.963607593838624,77.73307391578486,9.9,0.394291252079724,0.38542644387069797,0.7692307692307693,1.023,85,2,Morning Peak (08-12),Whitefield,No Junction,0.0,249
465,153_263,12.929997820895522,77.69489544626865,9.7,0.3881401573312555,0.4034720970179371,0.07692307692307693,0.962,67,1,Early Morning (04-08),Bellandur,No Junction,0.0,29
466,180_229,12.970332901533489,77.64444260642378,9.7,0.3872697513661965,0.48713176272477543,0.7948717948717948,0.795,90,3,Afternoon (12-16),Jeevanbheemanagar,No Junction,0.0,66
467,190_158,12.98608123521078,77.53724467508611,9.6,0.3834786052588978,0.33846302317643234,0.4358974358974359,1.133,60,2,Morning Peak (08-12),Kamakshipalya,BTP208 - Havanur Circle,1.0,80
468,151_263,12.927281274034513,77.69483173027845,9.6,0.3828842085277412,0.4292423862418623,0.7435897435897436,0.892,93,1,Early Morning (04-08),Bellandur,No Junction,0.0,29
469,179_186,12.969057379487179,77.5795109025641,9.6,0.38224203745886176,0.5621206433218555,0.1794871794871795,0.68,78,2,Morning Peak (08-12),City Market,BTP038 - Mysore Bank Junction,0.5769230769230769,48
470,182_214,12.973234370930234,77.62196049651163,9.6,0.3804460309123331,0.658211126145905,0.358974358974359,0.578,86,1,Early Morning (04-08),Halasur,No Junction,0.0,69
471,180_226,12.970103390615128,77.63953798265446,9.5,0.3797450844884064,0.5223453706855659,0.48717948717948717,0.727,81,2,Morning Peak (08-12),Jeevanbheemanagar,No Junction,0.0,66
472,192_133,12.989281027999999,77.50054484571429,9.5,0.37852804625314457,0.7616258475918402,1.8974358974358974,0.497,175,2,Morning Peak (08-12),Kamakshipalya,No Junction,0.0,288
473,196_193,12.994794472820512,77.58974945846154,9.5,0.37671447138872854,0.993969581500603,0.2564102564102564,0.379,195,0,Late Night (00-04),High ground,No Junction,0.005128205128205128,83
474,185_163,12.977832218918918,77.54508762702703,9.5,0.37562098524043636,0.455850710243248,0.5128205128205128,0.824,74,2,Morning Peak (08-12),Vijayanagara,BTP068 - Veeresh Theatre Junction,1.0,62
475,152_189,12.92891375131579,77.58390248157895,9.4,0.37499653848202297,0.4722878318413387,0.5128205128205128,0.794,76,2,Morning Peak (08-12),Jayanagara,BTP220 - Puttanna Junction,1.0,22
476,178_191,12.967804530249724,77.58714546621454,9.4,0.37337981793444275,0.4228537009450088,0.4358974358974359,0.883,64,1,Early Morning (04-08),Halasuru Gate,BTP075 - Police Corner,1.0,48
477,174_190,12.961282899999999,77.5861491490196,9.4,0.373256588159947,0.3751322494069819,0.07692307692307693,0.995,51,0,Late Night (00-04),Halasuru Gate,"BTP168 - MSR Building, JC Road",1.0,48
478,157_205,12.935685677777778,77.6080580888889,9.4,0.37268761888378615,0.36395275281619743,0.05128205128205128,1.024,63,0,Late Night (00-04),Mico Layout,BTP136 - Hosur-Tavarkere Road Junction,1.0,35
479,181_211,12.972801449999999,77.617195557,9.4,0.3726456183863253,0.5733009513635774,0.9230769230769231,0.65,100,1,Early Morning (04-08),Halasur,No Junction,0.0,69
480,245_195,13.068402589545014,77.59272868158186,9.4,0.37145347418603514,0.525393881451252,0.6666666666666666,0.707,98,2,Morning Peak (08-12),Kodigehalli,No Junction,0.0,118
481,153_189,12.930402648648649,77.58383105405406,9.3,0.370744904246488,0.4128562408090066,0.7692307692307693,0.898,74,2,Morning Peak (08-12),Jayanagara,BTP219 - Canara Bank Junction,1.0,22
482,187_203,12.981706535779816,77.6055155972477,9.3,0.3700732637844053,0.45185990694066586,1.2307692307692308,0.819,109,2,Morning Peak (08-12),Shivajinagar,BTP211 - Central Street Junction,1.0,76
483,202_282,13.003462670000001,77.72350343384615,9.3,0.36987878450990824,0.6913622140372117,0.358974358974359,0.535,130,1,Early Morning (04-08),K.R. Pura,No Junction,0.0,314
484,193_158,12.989754540404041,77.53790299090909,9.2,0.36447104185636975,0.42233029183820364,0.9743589743589743,0.863,99,2,Morning Peak (08-12),Vijayanagara,BTP208 - Havanur Circle,1.0,80
485,182_205,12.974136141666667,77.607735303125,9.2,0.36380081021658095,0.6360154024765402,0.07692307692307693,0.572,96,2,Morning Peak (08-12),Ashok Nagar,No Junction,0.0,69
486,174_184,12.961600471428572,77.5771905984127,9.2,0.36353977576370905,0.4149997440224989,0.3333333333333333,0.876,63,1,Early Morning (04-08),City Market,BTP082 - KR Market Junction,1.0,48
487,190_173,12.985565583050848,77.56010227966102,9.2,0.3635246890391629,0.40212908079553417,0.07692307692307693,0.904,59,2,Morning Peak (08-12),Rajajinagar,BTP010 - Rajajinagar Entrance,1.0,77
488,144_197,12.916911817204301,77.5964613655914,9.1,0.3600487020230343,0.4800649360307124,0.5384615384615384,0.75,93,2,Morning Peak (08-12),Jayanagara,"BTP202 - East End Main Road, Jayanagar",1.0,18
489,117_197,12.876298112301587,77.59635622976191,9.1,0.35984951792156944,0.7623930464440031,3.7948717948717947,0.472,252,3,Afternoon (12-16),Hulimavu,No Junction,0.0,1
490,158_184,12.937775760747662,77.57692155233644,9.1,0.35892212006682045,0.45433179755293723,1.3846153846153846,0.79,107,1,Early Morning (04-08),Basavanagudi,BTP216 - Yediyur Junction,1.0,37
491,183_168,12.975172520289854,77.55228229420291,9.1,0.3588359414305836,0.49838325198692174,0.41025641025641024,0.72,69,1,Early Morning (04-08),Magadi Road,BTP071 - Prasanna Junction,1.0,62
492,201_150,13.002551404761906,77.52588563571427,9.1,0.357947044641487,0.29220166909509143,0.1794871794871795,1.225,42,2,Morning Peak (08-12),Rajajinagar,No Junction,0.0,93
493,157_260,12.935679399729544,77.69036450108561,9.1,0.3578457024111168,0.739350624816357,0.7692307692307693,0.484,134,2,Morning Peak (08-12),HAL Old Airport,No Junction,0.0,30
494,142_252,12.913554555510329,77.67862820314576,9.1,0.3575242899568255,0.5368232581934317,0.20512820512820512,0.666,73,2,Morning Peak (08-12),Bellandur,No Junction,0.0,14
495,179_201,12.969146346808511,77.60221391489362,9.1,0.35719901636585305,0.34612307787388863,0.02564102564102564,1.032,47,1,Early Morning (04-08),Ashok Nagar,"BTP099 - Cash Pharmacy, Residency Road",1.0,65
496,195_172,12.992684826373626,77.55850351978022,9.0,0.35558441931052864,0.5339105395052982,0.0,0.666,91,2,Morning Peak (08-12),Rajajinagar,BTP009 - Prakash Nagar Junction,1.0,74
497,141_253,12.912692650724637,77.68049148985507,9.0,0.35505027179674237,0.4432587662880678,0.38461538461538464,0.801,69,2,Morning Peak (08-12),Bellandur,No Junction,0.0,14
498,180_225,12.970061154545453,77.63861940909091,9.0,0.3532170136473489,0.48585558961120895,0.1794871794871795,0.727,66,2,Morning Peak (08-12),Jeevanbheemanagar,No Junction,0.0,66
499,150_222,12.925463038709678,77.63363716774194,9.0,0.35281231260325635,0.47548829191813524,1.1794871794871795,0.742,93,2,Morning Peak (08-12),Adugodi,No Junction,0.0,27
500,161_178,12.942398811931136,77.56749520379125,9.0,0.3526383487581457,0.6470428417580655,1.8717948717948718,0.545,143,1,Early Morning (04-08),Basavanagudi,No Junction,0.0,41
501,172_245,12.958570071008403,77.6682237710084,8.9,0.3525041157481826,0.8992451932351596,2.8205128205128207,0.392,238,0,Late Night (00-04),HAL Old Airport,No Junction,0.0,246
502,157_189,12.936630737254902,77.58443270784313,8.9,0.3517454500990812,0.650176432715492,0.358974358974359,0.541,102,1,Early Morning (04-08),Wilson Garden,BTP218 - Syndicate Bank Junction,1.0,36
503,165_266,12.948296528605896,77.69933586520962,8.9,0.3514561095865264,0.45000782277404144,0.07692307692307693,0.781,83,2,Morning Peak (08-12),HAL Old Airport,No Junction,0.0,30
504,181_138,12.97182727260274,77.50771872465754,8.9,0.3513264974804549,0.461664254245013,0.5128205128205128,0.761,73,2,Morning Peak (08-12),Jnanabharathi,No Junction,0.0,256
505,161_298,12.942296913793104,77.7472602086207,8.9,0.35091627158991573,0.41577757297383383,0.2564102564102564,0.844,58,2,Morning Peak (08-12),Whitefield,No Junction,0.0,218
506,180_212,12.971278131382979,77.61819272180851,8.9,0.349874370925496,0.8350223649773175,2.230769230769231,0.419,188,1,Early Morning (04-08),Halasur,No Junction,0.0,69
507,186_208,12.98005881935484,77.61299393387097,8.9,0.34951517558924305,0.42885297618312035,0.38461538461538464,0.815,62,2,Morning Peak (08-12),Shivajinagar,No Junction,0.0,76
508,144_248,12.916759059765655,77.67313923017856,8.9,0.34937786953145156,0.5545680468753199,1.2820512820512822,0.63,112,2,Morning Peak (08-12),Bellandur,No Junction,0.0,19
509,196_206,12.994595465625,77.60998034125001,8.9,0.34890434229984796,0.8387123612977114,0.7948717948717948,0.416,160,0,Late Night (00-04),Pulikeshinagar(F.Town),No Junction,0.0,84
510,198_189,12.997296870491802,77.58414275737705,8.8,0.3479141896939339,0.2817118944890153,0.5641025641025641,1.235,61,2,Morning Peak (08-12),Sheshadripuram,BTP032 - Windsor Circle,0.9836065573770492,89
511,233_168,13.05076866147541,77.5528290852459,8.8,0.3464293961263274,0.6356502681217016,1.0769230769230769,0.545,122,2,Morning Peak (08-12),Jalahalli,No Junction,0.0,364
512,160_181,12.940323026595745,77.57289748829788,8.8,0.346422380808267,0.5429817881007319,0.20512820512820512,0.638,94,1,Early Morning (04-08),Basavanagudi,BTP109 - Dewan Madhava Rao Junction,1.0,40
513,191_290,12.987234515555555,77.73543437703704,8.8,0.3462681904588193,0.724410440290417,0.02564102564102564,0.478,135,1,Early Morning (04-08),Whitefield,No Junction,0.0,79
514,204_258,13.006646952040818,77.68750275714285,8.8,0.3461377931095785,0.6950558094569849,0.10256410256410256,0.498,98,0,Late Night (00-04),K.R. Pura,No Junction,0.0,97
515,322_254,13.183584301219511,77.68170442439025,8.8,0.34520073267937484,0.5121672591682119,0.5641025641025641,0.674,82,1,Early Morning (04-08),Chikkajala,No Junction,0.0,121
516,207_265,13.010825008933333,77.69787980213333,8.8,0.3442139698718868,0.49243772513860773,0.38461538461538464,0.699,75,0,Late Night (00-04),K.R. Pura,No Junction,0.0,99
517,200_208,13.00105761388889,77.61235282916667,8.8,0.3440189181505165,0.5096576565192836,0.28205128205128205,0.675,72,2,Morning Peak (08-12),Pulikeshinagar(F.Town),No Junction,0.0,91
518,169_189,12.954244979999999,77.584197275,8.7,0.34213809171636483,0.34559403203673217,0.02564102564102564,0.99,40,2,Morning Peak (08-12),City Market,BTP120 - Lalbagh Main Gate Junction,1.0,48
519,139_166,12.90953660267393,77.54995741896539,8.7,0.3420795370924138,0.39455540610428347,0.1794871794871795,0.867,64,2,Morning Peak (08-12),K.S. Layout,No Junction,0.0,169
520,198_179,12.998061343023254,77.56943352093023,8.7,0.3416733891236281,0.4567826057802515,0.7692307692307693,0.748,86,1,Early Morning (04-08),Malleshwaram,No Junction,0.0,78
521,188_184,12.983044725757576,77.57652483030303,8.7,0.3395996533392647,0.40866384276686485,0.41025641025641024,0.831,66,0,Late Night (00-04),High ground,BTP058 - Subbanna Junction,1.0,48
522,236_138,13.054927083333334,77.50761476904762,8.7,0.33959110515280977,0.5129775002308304,0.6410256410256411,0.662,84,2,Morning Peak (08-12),Chikkabanavara,No Junction,0.0,368
523,192_182,12.989094297468354,77.57379812784811,8.6,0.3386256052121292,0.5250009383133786,0.6153846153846154,0.645,79,1,Early Morning (04-08),Sheshadripuram,No Junction,0.0,78
524,137_264,12.906779411457167,77.69674377410564,8.6,0.3371824703892064,0.5591749094348365,0.07692307692307693,0.603,77,1,Early Morning (04-08),Bellandur,No Junction,0.0,10
525,230_138,13.045396875862068,77.5075223724138,8.6,0.3364522277514308,0.5515610291007063,1.2820512820512822,0.61,116,1,Early Morning (04-08),Chikkabanavara,No Junction,0.0,351
526,191_173,12.987202302631578,77.55992886052631,8.6,0.33644538231455745,0.3162080660851104,0.0,1.064,38,2,Morning Peak (08-12),Rajajinagar,"BTP015 - Suguna Hospital, Dr. Rajkumar Road",1.0,77
527,126_226,12.889785317539056,77.6396997454059,8.6,0.3364132811369072,0.49399894440074477,0.8717948717948718,0.681,86,1,Early Morning (04-08),HSR Layout,No Junction,0.0,4
528,218_162,13.027298907627118,77.5433125457627,8.6,0.33545385103008823,0.6916574248043057,0.6923076923076923,0.485,118,1,Early Morning (04-08),Yeshwanthpura,No Junction,0.0,105
529,171_188,12.957797722084763,77.58227114615784,8.5,0.334066127273903,0.31456320835584084,0.48717948717948717,1.062,66,0,Late Night (00-04),City Market,BTP167 - JC Road Junction,1.0,48
530,142_205,12.913814963366338,77.60821858712872,8.5,0.3334953855392538,0.48262718601918064,0.3333333333333333,0.691,101,3,Afternoon (12-16),Mico Layout,"BTP163 - 16th Main Road, BTM Layout",1.0,15
531,198_169,12.998260818478261,77.55368305652173,8.5,0.3329320775895365,0.4783506861918629,1.0512820512820513,0.696,92,1,Early Morning (04-08),Rajajinagar,BTP008 - Navarang Theatre,1.0,74
532,180_164,12.97098769010989,77.54646388791208,8.5,0.3328058648377671,0.5708505400304753,0.5641025641025641,0.583,91,1,Early Morning (04-08),Vijayanagara,BTP020 - Hosahalli Metro Station,1.0,62
533,171_269,12.956760841996417,77.70379554989898,8.5,0.3325042043887525,0.665008408777505,0.48717948717948717,0.5,99,0,Late Night (00-04),HAL Old Airport,No Junction,0.0,50
534,174_267,12.961425201333332,77.701640084,8.4,0.32773145181072544,0.48195801736871385,0.3333333333333333,0.68,75,2,Morning Peak (08-12),HAL Old Airport,No Junction,0.0,50
535,233_150,13.05046507236181,77.52552964170854,8.4,0.32690234278362607,0.7915310963283925,0.0,0.413,199,0,Late Night (00-04),Jalahalli,No Junction,0.0,363
536,179_204,12.969784091637397,77.60663997668199,8.3,0.32515649473975433,0.9793870323486575,0.38461538461538464,0.332,167,1,Early Morning (04-08),Ashok Nagar,No Junction,0.0,69
537,215_195,13.023323380701754,77.59270854122808,8.3,0.3243734252756011,0.5424304770495002,0.0,0.598,114,1,Early Morning (04-08),R.T. Nagar,No Junction,0.0,102
538,167_205,12.951656763265305,77.60791184489797,8.3,0.3222752872010332,0.34467945155190716,0.1794871794871795,0.935,49,2,Morning Peak (08-12),Ashok Nagar,BTP132 - Anepalya Junction,1.0,232
539,214_155,13.0220095372549,77.53287868039216,8.3,0.32208248169414133,0.379814247280827,0.15384615384615385,0.848,51,1,Early Morning (04-08),Rajajinagar,No Junction,0.0,100
540,113_237,12.870575135714287,77.65596957380951,8.3,0.32168958551355986,0.4289194473514132,0.28205128205128205,0.75,84,2,Morning Peak (08-12),Electronic City,No Junction,0.0,0
541,237_164,13.056796323750001,77.54697597625,8.3,0.3211702045272222,0.5546981079917482,0.48717948717948717,0.579,80,2,Morning Peak (08-12),Jalahalli,No Junction,0.0,115
542,179_231,12.969347883572562,77.647618204638,8.2,0.32063627695064395,0.44348032773256424,0.2564102564102564,0.723,62,2,Morning Peak (08-12),Jeevanbheemanagar,No Junction,0.0,66
543,150_213,12.925623726666666,77.619832445,8.2,0.3204528680938521,0.3870203720940243,0.20512820512820512,0.828,60,2,Morning Peak (08-12),Madiwala,No Junction,0.4666666666666667,25
544,322_257,13.183895866233767,77.68632697012987,8.2,0.32042385969630444,0.5151508998332869,0.15384615384615385,0.622,77,1,Early Morning (04-08),Chikkajala,No Junction,0.0,122
545,167_160,12.95187675079365,77.54042166825396,8.2,0.3191269904948008,0.3920478998707627,0.3333333333333333,0.814,63,0,Late Night (00-04),Byatarayanapura,BTP096 - Gali Anjaneya Temple,1.0,46
546,223_216,13.035121282105262,77.62487519157895,8.2,0.3183886768899798,0.542399790272538,0.1282051282051282,0.587,95,0,Late Night (00-04),K.G. Halli,No Junction,0.0,109
547,131_280,12.896655029850745,77.72010435820896,8.2,0.3176241526405722,0.48197898731498057,0.4358974358974359,0.659,67,2,Morning Peak (08-12),Whitefield,No Junction,0.0,152
548,154_143,12.931780511252606,77.51554253495173,8.2,0.31654852722480764,0.3813837677407321,0.48717948717948717,0.83,63,2,Morning Peak (08-12),Kengeri,No Junction,0.0,200
549,193_183,12.990728528767123,77.57467313835616,8.1,0.3156590806978253,0.4893939235625198,0.46153846153846156,0.645,73,2,Morning Peak (08-12),Sheshadripuram,No Junction,0.0,78
550,171_146,12.957540741509433,77.51937067169811,8.1,0.3154815183715845,0.43098568083549793,0.1282051282051282,0.732,53,0,Late Night (00-04),Byatarayanapura,No Junction,0.0,49
551,161_181,12.94219590625,77.57235505416666,8.1,0.31339368335672896,0.36398801783592216,0.3333333333333333,0.861,48,3,Afternoon (12-16),Basavanagudi,BTP109 - Dewan Madhava Rao Junction,1.0,40
552,117_231,12.8763157,77.64751799120879,8.1,0.3122685932010753,0.49803603381351724,0.9230769230769231,0.627,91,0,Late Night (00-04),Hulimavu,No Junction,0.0,2
553,177_189,12.96608126,77.58455282181818,8.0,0.31085252471571123,0.3102320605945222,0.3333333333333333,1.002,55,2,Morning Peak (08-12),Halasuru Gate,BTP078 - NR Square Junction,1.0,48
554,219_160,13.028936819088452,77.54030709547945,8.0,0.3086595487150058,0.4676659829015239,0.46153846153846156,0.66,73,2,Morning Peak (08-12),Yeshwanthpura,No Junction,0.0,107
555,216_190,13.024815353333333,77.58524704285715,8.0,0.3079087959320449,0.5236544148504165,1.1282051282051282,0.588,105,1,Early Morning (04-08),R.T. Nagar,No Junction,0.0,103
556,222_171,13.034091955276995,77.55765345106606,7.9,0.3060136141539063,0.45810421280524893,0.46153846153846156,0.668,74,1,Early Morning (04-08),Yeshwanthpura,No Junction,0.0,108
557,188_174,12.982554881632653,77.56205301428571,7.9,0.3052804060143641,0.3118288110463372,0.23076923076923078,0.979,49,2,Morning Peak (08-12),Magadi Road,BTP010 - Rajajinagar Entrance,1.0,77
558,178_186,12.967482011627908,77.57920267906977,7.9,0.30443704796640303,0.34832614183798977,0.07692307692307693,0.874,43,2,Morning Peak (08-12),Halasuru Gate,BTP082 - KR Market Junction,0.9534883720930233,48
559,176_227,12.964883376595743,77.6414759106383,7.9,0.3042349330362385,0.32194172808067567,0.0,0.945,47,2,Morning Peak (08-12),Jeevanbheemanagar,"BTP148 - 17th Main, Doopanahalli Bus Stop",1.0,61
560,154_256,12.931600909656417,77.68490125987236,7.9,0.3038326809319312,0.5585159575954618,0.02564102564102564,0.544,73,1,Early Morning (04-08),HAL Old Airport,No Junction,0.0,30
561,158_195,12.938217710810811,77.5926537054054,7.9,0.3034307827213514,0.380239076091919,0.8974358974358975,0.798,74,2,Morning Peak (08-12),Wilson Garden,No Junction,0.0,209
562,241_191,13.06220404477612,77.58719368656716,7.8,0.30288344951340834,0.3974848418811133,0.358974358974359,0.762,67,3,Afternoon (12-16),Kodigehalli,No Junction,0.0,117
563,172_145,12.958352048333333,77.51877188833333,7.8,0.3028321689950364,0.3872534130371309,0.41025641025641024,0.782,60,2,Morning Peak (08-12),Byatarayanapura,No Junction,0.0,49
564,142_251,12.913951188831362,77.67752640918874,7.8,0.3023031421562367,0.4465334448393452,0.1282051282051282,0.677,70,2,Morning Peak (08-12),Bellandur,No Junction,0.0,14
565,150_263,12.925997666666667,77.6948315140351,7.8,0.30016448901270454,0.3543854651861919,0.07692307692307693,0.847,57,1,Early Morning (04-08),Bellandur,No Junction,0.0,29
566,155_208,12.933154117307692,77.61319281730769,7.8,0.29988464209185967,0.3180112853572213,0.3076923076923077,0.943,52,3,Afternoon (12-16),Adugodi,BTP140 - Madiwala Check Post,1.0,33
567,212_171,13.018988442638877,77.55753782886434,7.8,0.2998515274859566,0.5689782305236368,2.58974358974359,0.527,172,0,Late Night (00-04),Yeshwanthpura,No Junction,0.0,101
568,202_169,13.004030811671063,77.55380188928973,7.8,0.2989371409781156,0.33400797874649785,0.28205128205128205,0.895,56,1,Early Morning (04-08),Malleshwaram,"BTP001 - 10th Cross, Dr. Rajkumar Road",1.0,94
569,322_255,13.183462221428572,77.68330037380953,7.7,0.29806532612539877,0.4976048850173602,0.3333333333333333,0.599,84,1,Early Morning (04-08),Chikkajala,No Junction,0.0,121
570,137_221,12.906643215730337,77.63180627640449,7.7,0.2977125520407722,0.49371899177574163,0.07692307692307693,0.603,89,1,Early Morning (04-08),HSR Layout,No Junction,0.0,7
571,174_140,12.961145421538461,77.51100709384615,7.7,0.2965096415658909,0.39746600746097976,0.48717948717948717,0.746,65,3,Afternoon (12-16),Jnanabharathi,No Junction,0.0,54
572,223_171,13.034728226975918,77.55725793322767,7.7,0.2961677836387161,0.5414401894674883,0.20512820512820512,0.547,77,0,Late Night (00-04),Yeshwanthpura,No Junction,0.0,108
573,141_254,12.912177770129869,77.68153213116884,7.7,0.2951517205767797,0.5742251373089099,0.38461538461538464,0.514,77,2,Morning Peak (08-12),Bellandur,No Junction,0.0,14
574,140_217,12.910834052727273,77.62645970909091,7.7,0.29494777680853773,0.3830490607903087,0.3333333333333333,0.77,55,2,Morning Peak (08-12),Madiwala,No Junction,0.0,12
575,235_195,13.05382274819277,77.59281933493976,7.6,0.2945057239354089,0.5240315372516172,0.0,0.562,83,2,Morning Peak (08-12),Kodigehalli,No Junction,0.0,367
576,163_181,12.945007281882988,77.57179573004613,7.6,0.29426092824078126,0.4879949058719424,0.717948717948718,0.603,88,0,Late Night (00-04),Basavanagudi,BTP108 - Tagore Park Junction,1.0,40
577,180_203,12.971037850909092,77.60550023454545,7.6,0.2936511438610742,0.25034198112623546,0.1282051282051282,1.173,55,4,Evening Peak (16-20),Ashok Nagar,No Junction,0.0,69
578,197_211,12.9960881546875,77.6170176390625,7.6,0.29267580335045906,0.3955078423654852,0.41025641025641024,0.74,64,2,Morning Peak (08-12),Pulikeshinagar(F.Town),No Junction,0.0,84
579,196_263,12.995084968642892,77.69552591255456,7.6,0.29161621451014014,0.29249369559693095,0.46153846153846156,0.997,53,2,Morning Peak (08-12),Mahadevapura,No Junction,0.0,87
580,188_183,12.982456502222224,77.57535675555556,7.6,0.2903464354316123,0.2897669016283556,0.2564102564102564,1.002,45,2,Morning Peak (08-12),High ground,BTP057 - Anand Rao Junction,1.0,48
581,142_203,12.913601780487806,77.60530884390244,7.6,0.29026670491236256,0.5948088215417265,0.15384615384615385,0.488,123,1,Early Morning (04-08),Mico Layout,No Junction,0.0,15
582,173_224,12.960914680952381,77.6369349547619,7.5,0.2894588300518384,0.3342480716533931,0.0,0.866,42,2,Morning Peak (08-12),Halasur,"BTP145 - Sri Hatti Maramma Circle, Domluru",1.0,57
583,171_178,12.957776713513514,77.56739252162163,7.5,0.2869121574421043,0.2954811096211167,0.15384615384615385,0.971,37,1,Early Morning (04-08),Chamarajpet,BTP214 - 5th Main Chamrajpet  Junction,1.0,48
584,187_185,12.980634653191489,77.57847944893618,7.5,0.2865585101469467,0.2731730315986146,0.38461538461538464,1.049,47,2,Morning Peak (08-12),High ground,BTP058 - Subbanna Junction,1.0,48
585,218_185,13.027202583561644,77.57814621643836,7.5,0.2863272635424492,0.46181816700395034,0.4358974358974359,0.62,73,0,Late Night (00-04),Kodigehalli,No Junction,0.0,106
586,175_193,12.962852711999998,77.590068946,7.4,0.2854333979376462,0.34936768413420594,0.15384615384615385,0.817,50,1,Early Morning (04-08),Halasuru Gate,BTP064 - Devanga Hostel Junction,1.0,48
587,206_151,13.009195151020407,77.5268571632653,7.4,0.28527859758316637,0.2867121583750416,0.23076923076923078,0.995,49,2,Morning Peak (08-12),Rajajinagar,No Junction,0.0,95
588,205_261,13.008075297692306,77.692523424,7.4,0.2843116592364881,0.38162638823689676,0.717948717948718,0.745,65,0,Late Night (00-04),K.R. Pura,No Junction,0.0,99
589,198_247,12.997977527255768,77.67122617576923,7.4,0.28401268164756927,0.3693272843271382,0.07692307692307693,0.769,52,0,Late Night (00-04),Banaswadi,No Junction,0.0,86
590,169_193,12.954222883333333,77.59019008571428,7.4,0.2839666340649426,0.3130833892667504,0.07692307692307693,0.907,42,1,Early Morning (04-08),Wilson Garden,BTP103 - Shanti Nagar TTMC,1.0,47
591,169_194,12.954057985,77.591544855,7.4,0.2823866839562889,0.30041136591094564,0.1794871794871795,0.94,40,1,Early Morning (04-08),Wilson Garden,BTP103 - Shanti Nagar TTMC,1.0,47
592,192_138,12.989109963768115,77.50781415797101,7.4,0.28226631548856224,0.4751958173208119,0.28205128205128205,0.594,69,1,Early Morning (04-08),Kamakshipalya,No Junction,0.0,289
593,174_197,12.962016685135135,77.59603801801802,7.4,0.2817143602625828,0.7317256110716436,0.0,0.385,222,1,Early Morning (04-08),Ashok Nagar,"BTP101 - Blood Bank Circle, KH Road",1.0,58
594,153_188,12.930275452941176,77.58315162941176,7.4,0.28156794340278535,0.2864373788431184,0.10256410256410256,0.983,34,2,Morning Peak (08-12),Jayanagara,BTP219 - Canara Bank Junction,1.0,22
595,191_169,12.987239322807017,77.55445161578947,7.3,0.2809920343724753,0.3565888761072021,0.4358974358974359,0.788,57,2,Morning Peak (08-12),Rajajinagar,"BTP210 - 50th cross, 12th Main , Rajajinagar",1.0,74
596,165_156,12.947940954285713,77.53458037714286,7.3,0.2805535491157577,0.28863533859645857,0.1282051282051282,0.972,35,2,Morning Peak (08-12),Byatarayanapura,No Junction,0.0,223
597,173_228,12.960393466487885,77.64293751503787,7.3,0.2795721549116494,0.28911287994999935,0.358974358974359,0.967,48,1,Early Morning (04-08),Jeevanbheemanagar,"BTP148 - 17th Main, Doopanahalli Bus Stop",1.0,53
598,198_187,12.998179145081966,77.58165556967214,7.3,0.2795308778793177,0.5375593805371494,1.358974358974359,0.52,122,2,Morning Peak (08-12),Sheshadripuram,No Junction,0.0,89
599,203_151,13.005739084848486,77.52750452424242,7.3,0.2792429657062736,0.28728700175542554,0.15384615384615385,0.972,33,2,Morning Peak (08-12),Rajajinagar,No Junction,0.0,95
600,194_181,12.99130006060606,77.57185023434343,7.3,0.27884993164187005,0.43098907518063373,1.1282051282051282,0.647,99,2,Morning Peak (08-12),Sheshadripuram,No Junction,0.0,78
601,170_276,12.956008241818182,77.71486863272727,7.3,0.27864010672668615,0.41650240168413477,0.23076923076923078,0.669,55,1,Early Morning (04-08),HAL Old Airport,No Junction,0.0,51
602,146_189,12.919789321212122,77.58373032575757,7.3,0.27769493744927287,0.393893528296841,0.4358974358974359,0.705,66,0,Late Night (00-04),Jayanagara,"BTP191 - 40th Cross, 4th Main, Jayanagar",1.0,187
603,116_232,12.875050483333334,77.64871859090908,7.2,0.2762580290298552,0.3969224555026655,0.41025641025641024,0.696,66,0,Late Night (00-04),Hulimavu,No Junction,0.0,2
604,232_195,13.049313676428572,77.5933435842857,7.2,0.27499181058888333,0.7372434600238159,0.20512820512820512,0.373,140,0,Late Night (00-04),Hebbala,No Junction,0.0,114
605,179_187,12.968797185964911,77.58091113508773,7.2,0.2749342433149165,0.3044676005702287,0.38461538461538464,0.903,57,2,Morning Peak (08-12),Halasuru Gate,BTP038 - Mysore Bank Junction,1.0,48
606,242_193,13.063682175,77.59029967578125,7.2,0.2745543154629436,0.453808785889163,1.6923076923076923,0.605,128,3,Afternoon (12-16),Kodigehalli,No Junction,0.0,117
607,198_163,12.997502232342622,77.54504633969951,7.2,0.2735783228996787,0.33942719962739293,0.6410256410256411,0.806,68,0,Late Night (00-04),Vijayanagara,BTP205 - Modi Hospital Junction,1.0,74
608,174_232,12.962145739644608,77.64913598646037,7.1,0.27283549806896895,0.5970142189692975,0.7948717948717948,0.457,102,1,Early Morning (04-08),Jeevanbheemanagar,No Junction,0.0,53
609,117_232,12.875707489024391,77.64816074756098,7.1,0.272582467118104,0.45129547536109943,0.8205128205128205,0.604,82,0,Late Night (00-04),Hulimavu,No Junction,0.0,2
610,179_232,12.968823473665449,77.6486401247472,7.1,0.27251495050770924,0.47066485407203673,0.23076923076923078,0.579,59,0,Late Night (00-04),Jeevanbheemanagar,No Junction,0.0,66
611,174_192,12.961770295918367,77.5891156510204,7.1,0.27243599898869375,0.3182663539587544,0.28205128205128205,0.856,49,0,Late Night (00-04),Halasuru Gate,BTP180 - Swagath Poornima Theatre,1.0,48
612,159_262,12.939675943749998,77.69410626666667,7.1,0.2723163886428595,0.3564350636686643,0.07692307692307693,0.764,48,1,Early Morning (04-08),HAL Old Airport,No Junction,0.0,30
613,187_220,12.981130123590475,77.63054102862745,7.1,0.27193959574825227,0.2671312335444521,0.38461538461538464,1.018,51,1,Early Morning (04-08),Halasur,No Junction,0.0,69
614,125_175,12.888586437662337,77.56305268441558,7.1,0.2708543227921535,0.5062697622283242,0.28205128205128205,0.535,77,2,Morning Peak (08-12),Thalagattapura,No Junction,0.0,5
615,190_166,12.985949610951971,77.54932708169491,7.1,0.27003168783888587,0.35390784775738643,0.5128205128205128,0.763,59,2,Morning Peak (08-12),Vijayanagara,"BTP024 - NPS, Vijayanagar",1.0,74
616,186_194,12.979610622222223,77.59174429555556,7.0,0.2684546853097565,0.33556835663719564,0.02564102564102564,0.8,45,2,Morning Peak (08-12),Cubbon Park,BTP047 - Vidhan Soudha Metro Station,1.0,71
617,151_206,12.92736144047619,77.60910381904762,7.0,0.2681752134617589,0.31774314391203656,0.23076923076923078,0.844,42,0,Late Night (00-04),Mico Layout,No Junction,0.0,24
618,167_159,12.951281366666667,77.53950396153846,7.0,0.2670264141579742,0.23927098042829223,0.28205128205128205,1.116,39,0,Late Night (00-04),Byatarayanapura,BTP096 - Gali Anjaneya Temple,1.0,46
619,242_192,13.063744518181819,77.58885454935064,7.0,0.2651332503366903,0.41951463660868715,0.5384615384615384,0.632,77,0,Late Night (00-04),Kodigehalli,No Junction,0.0,117
620,238_195,13.058086743121377,77.59319503777976,7.0,0.2650807576846588,0.33011302326856634,0.3333333333333333,0.803,58,2,Morning Peak (08-12),Kodigehalli,No Junction,0.0,116
621,134_250,12.901478845070423,77.67564674084507,7.0,0.26475505780631525,0.48137283237511863,0.3076923076923077,0.55,71,3,Afternoon (12-16),Bellandur,No Junction,0.0,6
622,226_193,13.039862685964913,77.58978887719297,6.9,0.2640709349249291,0.39769719115200164,0.1282051282051282,0.664,57,2,Morning Peak (08-12),Hebbala,No Junction,0.0,111
623,156_157,12.934975307575758,77.53647978939394,6.9,0.2628306268045143,1.00317033131494,0.23076923076923078,0.262,198,0,Late Night (00-04),Banashankari,No Junction,0.0,203
624,222_216,13.034165893684209,77.62443388210527,6.9,0.26265295558591834,0.5119940654696263,0.4358974358974359,0.513,95,0,Late Night (00-04),K.G. Halli,No Junction,0.0,109
625,159_184,12.939247886440677,77.57690542203389,6.9,0.26255546429233756,0.3085258099792451,0.6923076923076923,0.851,59,1,Early Morning (04-08),Basavanagudi,BTP216 - Yediyur Junction,1.0,37
626,145_182,12.917686206779662,77.57375971694914,6.9,0.2609803311470138,0.3749717401537555,0.5641025641025641,0.696,59,0,Late Night (00-04),Jayanagara,"BTP115 - Sahasra Hospital, Jayanagar",1.0,16
627,217_186,13.026850589839848,77.57959233415622,6.9,0.26092469228228843,0.47876090327025395,1.4871794871794872,0.545,115,1,Early Morning (04-08),Kodigehalli,No Junction,0.0,106
628,193_135,12.99010622070082,77.50321033731343,6.9,0.26012291895367645,0.39713422741019305,0.5897435897435898,0.655,67,2,Morning Peak (08-12),Kamakshipalya,No Junction,0.0,291
629,192_168,12.989068733783785,77.55249424594595,6.8,0.2591239135244028,0.3974293152214767,0.5897435897435898,0.652,74,0,Late Night (00-04),Rajajinagar,"BTP204 - ESI Hospital, Rajajinagar",1.0,74
630,230_137,13.045440996666667,77.50638495666666,6.8,0.2590740384104906,0.4303555455323764,0.46153846153846156,0.602,60,1,Early Morning (04-08),Peenya,No Junction,0.0,350
631,185_181,12.97850465483871,77.57247152903226,6.8,0.258742398329325,0.22421351674984835,0.10256410256410256,1.154,31,2,Morning Peak (08-12),Upparpet,BTP057 - Anand Rao Junction,1.0,48
632,186_219,12.979674584210526,77.62920336666667,6.8,0.258058901269983,0.19639185789192007,0.4358974358974359,1.314,57,2,Morning Peak (08-12),Halasur,No Junction,0.0,69
633,194_193,12.99192854362416,77.59005009731544,6.8,0.2575889348271309,0.7782143046136886,0.0,0.331,149,1,Early Morning (04-08),High ground,No Junction,0.0,83
634,168_193,12.952476107142857,77.59074626785714,6.8,0.2572752241603594,0.2839682385875932,0.0,0.906,28,0,Late Night (00-04),Wilson Garden,BTP121 - KH Circle,1.0,47
635,160_264,12.941277811593267,77.69641904773098,6.8,0.25673287944257,0.27282984000273114,0.02564102564102564,0.941,33,2,Morning Peak (08-12),HAL Old Airport,No Junction,0.0,30
636,179_163,12.96921367578125,77.54568070625,6.8,0.2566753193107296,0.5426539520311409,1.4871794871794872,0.473,128,1,Early Morning (04-08),Vijayanagara,No Junction,0.0546875,62
637,196_170,12.99471823001303,77.55526237290732,6.8,0.2566474749471888,0.2681791796731336,0.07692307692307693,0.957,27,1,Early Morning (04-08),Rajajinagar,"BTP011 - RR Kalyana Mantapa, Dr. Rajkumar Road",1.0,74
638,197_207,12.996224308823528,77.61124254313725,6.8,0.256497448780366,0.6493606298237115,0.20512820512820512,0.395,102,0,Late Night (00-04),Pulikeshinagar(F.Town),No Junction,0.0,84
639,124_227,12.886966821666666,77.640974455,6.7,0.2540112102114671,0.42335201701911185,1.7692307692307692,0.6,120,0,Late Night (00-04),Hulimavu,No Junction,0.0,4
640,129_178,12.893840655555556,77.56780148444444,6.7,0.25387092378842624,0.2945138327011905,0.23076923076923078,0.862,45,2,Morning Peak (08-12),K.S. Layout,No Junction,0.0,146
641,122_228,12.883643956,77.642920278,6.7,0.2536907014477864,0.3861350098139823,0.2564102564102564,0.657,50,0,Late Night (00-04),Hulimavu,No Junction,0.0,4
642,199_251,12.99981641313349,77.67662825046355,6.7,0.25332120272742603,0.30337868590110906,0.15384615384615385,0.835,44,0,Late Night (00-04),Mahadevapura,No Junction,0.0,92
643,164_193,12.947083707843138,77.59064106666666,6.7,0.2532805073550134,0.27500597975571484,0.3076923076923077,0.921,51,2,Morning Peak (08-12),Wilson Garden,BTP122 - Siddapura Junction,1.0,222
644,238_164,13.057606605882352,77.54655403725491,6.7,0.253258833799408,0.37799825940210147,0.28205128205128205,0.67,51,2,Morning Peak (08-12),Jalahalli,No Junction,0.0,115
645,218_184,13.02736087377049,77.57668090327869,6.7,0.2522809991531958,0.3604014273617083,0.4358974358974359,0.7,61,2,Morning Peak (08-12),Sadashivanagar,No Junction,0.0,106
646,138_219,12.907335033601122,77.62892846758562,6.7,0.25196368576263334,0.3528903161941644,0.41025641025641024,0.714,69,0,Late Night (00-04),HSR Layout,No Junction,0.0,7
647,194_180,12.991671058461538,77.57140731692309,6.7,0.2517539155967353,0.3312551521009675,0.7948717948717948,0.76,65,2,Morning Peak (08-12),Malleshwaram,No Junction,0.0,78
648,220_158,13.030231973770492,77.5376030295082,6.6,0.2512871567439281,0.433253718524014,0.2564102564102564,0.58,61,0,Late Night (00-04),Yeshwanthpura,No Junction,0.0,107
649,186_188,12.979171180769232,77.58275099615385,6.6,0.2511905474668368,0.25976271713219934,0.02564102564102564,0.967,26,2,Morning Peak (08-12),High ground,No Junction,0.4230769230769231,48
650,179_182,12.968900082608696,77.57385438043478,6.6,0.2506409787538726,0.2570676705167924,0.5128205128205128,0.975,46,2,Morning Peak (08-12),Chamarajpet,"BTP083 - AS Char Street, Mysore Road",0.7391304347826086,48
651,157_207,12.935906177192983,77.61145585438595,6.6,0.2504982484995413,0.3573441490720989,0.48717948717948717,0.701,57,2,Morning Peak (08-12),Adugodi,BTP135 - UCO Bank Junction,1.0,33
652,232_131,13.048991170222221,77.49726695585186,6.6,0.25041997280387035,0.30576309255661827,0.2564102564102564,0.819,45,2,Morning Peak (08-12),Chikkabanavara,No Junction,0.0,358
653,177_183,12.965784325925926,77.57470382222222,6.6,0.25021894905190484,0.3879363551192323,0.1794871794871795,0.645,54,5,Night (20-24),City Market,"BTP083 - AS Char Street, Mysore Road",1.0,48
654,183_202,12.975094504687501,77.6039920359375,6.6,0.24965424154105487,0.4746278356293819,0.07692307692307693,0.526,64,3,Afternoon (12-16),Cubbon Park,No Junction,0.015625,69
655,203_178,13.005496627027027,77.56831871216215,6.6,0.2487444551897139,0.3723719389067573,0.41025641025641024,0.668,74,2,Morning Peak (08-12),Malleshwaram,No Junction,0.0,78
656,241_195,13.062566413559322,77.59286456271187,6.6,0.2483238882088325,0.3497519552237078,0.358974358974359,0.71,59,3,Afternoon (12-16),Kodigehalli,No Junction,0.0,117
657,182_211,12.973200383928571,77.61688539107142,6.6,0.24819274192493684,0.38301349062490253,0.3333333333333333,0.648,56,1,Early Morning (04-08),Halasur,No Junction,0.0,69
658,177_188,12.965753805714286,77.58287377714285,6.6,0.24793749384873218,0.2736616929897706,0.1282051282051282,0.906,35,1,Early Morning (04-08),Halasuru Gate,"BTP080 - NR Road, SP Road Junction",1.0,48
659,185_227,12.978282132866466,77.64123201336076,6.5,0.2469919075664455,0.5009977841104372,0.20512820512820512,0.493,81,1,Early Morning (04-08),Jeevanbheemanagar,No Junction,0.0,72
660,216_195,13.024454316216216,77.59330317837838,6.5,0.2468358556364065,0.4307781075678997,0.02564102564102564,0.573,74,1,Early Morning (04-08),R.T. Nagar,No Junction,0.0,102
661,157_203,12.93662627027027,77.6055444162162,6.5,0.24651293685907696,0.2760503212307693,0.02564102564102564,0.893,37,0,Late Night (00-04),Mico Layout,BTP126 - Dairy Circle,1.0,35
662,144_234,12.916521263888889,77.65173718333332,6.5,0.24614363237440218,0.4779488007269945,0.1794871794871795,0.515,72,2,Morning Peak (08-12),HSR Layout,No Junction,0.0,185
663,163_198,12.944717385185186,77.59711599814815,6.5,0.24512432369809983,0.2911215245820663,0.5384615384615384,0.842,54,0,Late Night (00-04),Wilson Garden,"BTP123 - 10th Cross, Wilson Garden",1.0,43
664,198_206,12.997653118055556,77.60999039861112,6.5,0.24431768408043636,0.5405258497354787,0.2564102564102564,0.452,72,0,Late Night (00-04),Pulikeshinagar(F.Town),No Junction,0.0,84
665,181_205,12.972310372580646,77.60789905322581,6.4,0.2426452596942518,0.35894269185540206,0.3076923076923077,0.676,62,2,Morning Peak (08-12),Ashok Nagar,No Junction,0.0,69
666,188_198,12.982487056666665,77.59800483000001,6.4,0.242225090656989,0.21901002771879655,0.1282051282051282,1.106,30,2,Morning Peak (08-12),Shivajinagar,BTP173 - TMC,1.0,76
667,213_154,13.020055328301888,77.53195657924527,6.4,0.24201668664557824,0.36892787598411314,0.05128205128205128,0.656,53,0,Late Night (00-04),Rajajinagar,No Junction,0.0,100
668,189_166,12.984089407142857,77.549268825,6.4,0.24178132944956135,0.27632151937092725,0.5897435897435898,0.875,56,2,Morning Peak (08-12),Magadi Road,"BTP024 - NPS, Vijayanagar",1.0,74
669,183_171,12.975596404040653,77.557456537601,6.4,0.24067297499180315,0.46283264421500603,0.717948717948718,0.52,76,2,Morning Peak (08-12),Magadi Road,No Junction,0.05263157894736842,62
670,123_228,12.884890213636364,77.64241107272728,6.3,0.23893431578061336,0.4266684210368095,0.4358974358974359,0.56,66,0,Late Night (00-04),Electronic City,No Junction,0.0,4
671,233_129,13.050181921818181,77.49448386,6.3,0.23878841805405282,0.40335881428049464,0.3333333333333333,0.592,55,0,Late Night (00-04),Chikkabanavara,No Junction,0.0,361
672,172_237,12.95934360914248,77.65622118759863,6.3,0.2385241026014888,0.34172507536029917,0.1794871794871795,0.698,54,1,Early Morning (04-08),Jeevanbheemanagar,No Junction,0.0,244
673,173_225,12.960609596721312,77.63841675245901,6.3,0.23792848397149333,0.29373886910060903,0.48717948717948717,0.81,61,1,Early Morning (04-08),Halasur,BTP146 - Domlur Water Tank,1.0,57
674,131_223,12.897209995408652,77.63509250760613,6.3,0.2378124233443165,0.31835665775678246,0.3333333333333333,0.747,55,1,Early Morning (04-08),HSR Layout,No Junction,0.0,4
675,231_182,13.047431563157895,77.57392536842106,6.3,0.2377278017888156,0.4148827256349313,0.23076923076923078,0.573,57,1,Early Morning (04-08),Kodigehalli,No Junction,0.0,113
676,188_201,12.982596071428572,77.60216322857143,6.3,0.23687159552097026,0.25580085909392036,0.15384615384615385,0.926,35,2,Morning Peak (08-12),Shivajinagar,BTP211 - Central Street Junction,1.0,76
677,206_170,13.009149701282052,77.55572986666667,6.3,0.23669491316272767,0.5717268433882311,0.0,0.414,78,1,Early Morning (04-08),Malleshwaram,No Junction,0.0,94
678,137_163,12.906735285518836,77.54562130268137,6.3,0.23666332019082517,0.2704723659323716,0.02564102564102564,0.875,38,3,Afternoon (12-16),K.S. Layout,No Junction,0.0,8
679,176_167,12.96422535,77.55128034399999,6.3,0.23644081706842363,0.3377725958120338,0.38461538461538464,0.7,50,2,Morning Peak (08-12),Magadi Road,No Junction,0.0,60
680,204_185,13.0068598890625,77.5787389828125,6.3,0.23628277798113212,0.39446206674646433,0.5641025641025641,0.599,64,2,Morning Peak (08-12),Sadashivanagar,No Junction,0.0,96
681,202_304,13.00396869698868,77.75701821534997,6.3,0.23564326424007276,0.24674687354981442,0.23076923076923078,0.955,36,2,Morning Peak (08-12),Mahadevapura,No Junction,0.0,315
682,190_192,12.9857812121004,77.58861755270269,6.3,0.2354661459068469,0.30421982675303216,0.07692307692307693,0.774,37,1,Early Morning (04-08),High ground,"BTP033 - Sophia High School, Sankey Road",1.0,280
683,190_196,12.985397724193549,77.59432454193548,6.2,0.2341278554681087,0.3669715602948412,0.3333333333333333,0.638,62,1,Early Morning (04-08),Cubbon Park,BTP166 - Coffee Board Junction,1.0,282
684,172_232,12.959134818032787,77.64908647704918,6.2,0.23339030513825093,0.39827697122568423,0.5128205128205128,0.586,61,1,Early Morning (04-08),Jeevanbheemanagar,No Junction,0.0,53
685,187_165,12.981090228421055,77.54868800947368,6.2,0.23236222399377512,0.23166722232679476,1.6153846153846154,1.003,95,3,Afternoon (12-16),Magadi Road,"BTP024 - NPS, Vijayanagar",1.0,74
686,170_164,12.955800318518518,77.54623805,6.2,0.2320450744782906,0.21767830626481294,0.48717948717948717,1.066,54,1,Early Morning (04-08),Byatarayanapura,"BTP094 - Sri Skanda Complex, Mysore Road",1.0,236
687,219_180,13.028971744516129,77.57085955870967,6.2,0.23119242938143517,0.5183686757431282,2.41025641025641,0.446,155,2,Morning Peak (08-12),Sadashivanagar,No Junction,0.0,106
688,184_189,12.976749909090909,77.58377710606061,6.1,0.2302228867285517,0.24888960727410994,0.0,0.925,33,1,Early Morning (04-08),Halasuru Gate,BTP037 - KR Circle,1.0,48
689,158_218,12.937192931276755,77.62714461198803,6.1,0.22987707509379052,0.49542473080558297,0.4358974358974359,0.464,68,3,Afternoon (12-16),Adugodi,No Junction,0.0,38
690,169_188,12.95469765357143,77.5827113892857,6.1,0.2280380145514493,0.22053966591049254,0.07692307692307693,1.034,28,1,Early Morning (04-08),City Market,BTP119 - Minerva Circle,1.0,48
691,117_247,12.875866833333335,77.67128366666667,6.1,0.22713358664628117,0.3159020676582492,0.07692307692307693,0.719,42,2,Morning Peak (08-12),Electronic City,No Junction,0.0,139
692,205_150,13.008381031578947,77.52637221052632,6.1,0.22689761511417927,0.28046676775547497,0.05128205128205128,0.809,38,2,Morning Peak (08-12),Rajajinagar,No Junction,0.0,95
693,103_243,12.85498282195122,77.66492144878049,6.1,0.22676505965321783,0.29720191304484644,0.07692307692307693,0.763,41,2,Morning Peak (08-12),Electronic City,No Junction,0.0,130
694,80_258,12.82042356590909,77.68749957727273,6.1,0.22676162223141338,0.30356308196976356,0.0,0.747,44,2,Morning Peak (08-12),Electronic City,No Junction,0.0,124
695,151_251,12.926813436536188,77.67773472851977,6.0,0.22645760339166301,0.43717684052444594,0.02564102564102564,0.518,54,0,Late Night (00-04),Bellandur,No Junction,0.0,28
696,266_198,13.099362504789989,77.59743079409317,6.0,0.22615454119917822,0.34059418855297924,0.15384615384615385,0.664,48,2,Morning Peak (08-12),Yelahanka,No Junction,0.0,120
697,167_147,12.95107036,77.52152993666667,6.0,0.22608977986355838,0.17649475399184886,0.07692307692307693,1.281,30,2,Morning Peak (08-12),Byatarayanapura,No Junction,0.0,229
698,164_179,12.946513332,77.56967074399999,6.0,0.22588167361820216,0.2654308738169238,0.15384615384615385,0.851,25,2,Morning Peak (08-12),Basavanagudi,BTP215 - Vanivillas Junction,1.0,40
699,179_267,12.968934252941176,77.70096620196078,6.0,0.22520558767405122,0.2527559906555008,0.46153846153846156,0.891,51,2,Morning Peak (08-12),HAL Old Airport,No Junction,0.0,67
700,189_165,12.984009262666667,77.54855774400001,6.0,0.22506988515157406,0.3108700071154338,1.1025641025641026,0.724,75,1,Early Morning (04-08),Magadi Road,"BTP024 - NPS, Vijayanagar",1.0,74
701,195_242,12.993597274068355,77.66354704510793,6.0,0.22419307261331656,0.4584725411315267,2.3846153846153846,0.489,146,2,Morning Peak (08-12),Banaswadi,No Junction,0.0,85
702,186_171,12.980377009756097,77.5571096317073,6.0,0.22346948736270175,0.29173562318890567,0.2564102564102564,0.766,41,0,Late Night (00-04),Magadi Road,"BTP062 - Basava Mantapa, Dr. Rajkumar Road",1.0,75
703,247_222,13.07136248478261,77.63371348695652,6.0,0.22322343758014648,0.30495005133899794,0.02564102564102564,0.732,46,2,Morning Peak (08-12),Hennuru,No Junction,0.0,382
704,149_190,12.924435437931034,77.58593057931036,6.0,0.22286220776818866,0.16896300816390347,0.3076923076923077,1.319,29,1,Early Morning (04-08),Jayanagara,"BTP226 - 33rd Cross, 11th Main, Jayanagar",1.0,22
705,201_168,13.002709276923078,77.55333495076923,6.0,0.22253710065350082,0.31973721358261614,0.41025641025641024,0.696,65,1,Early Morning (04-08),Malleshwaram,"BTP001 - 10th Cross, Dr. Rajkumar Road",1.0,94
706,173_231,12.95997529721245,77.6474197688827,5.9,0.22221241012691018,0.3445153645378452,0.3076923076923077,0.645,49,1,Early Morning (04-08),Jeevanbheemanagar,No Junction,0.0,53
707,199_258,12.999193050793652,77.6878505968254,5.9,0.22213155816866892,0.31374513865631204,0.5641025641025641,0.708,63,0,Late Night (00-04),Mahadevapura,No Junction,0.0,305
708,197_181,12.996274812903225,77.5717010467742,5.9,0.2221207542585038,0.398065867846781,0.15384615384615385,0.558,62,1,Early Morning (04-08),Malleshwaram,No Junction,0.0,78
709,157_269,12.936558586325782,77.70402852486251,5.9,0.22184386168676692,0.2862501441119573,0.10256410256410256,0.775,40,2,Morning Peak (08-12),HAL Old Airport,No Junction,0.0,30
710,129_238,12.894441525531915,77.65727344468085,5.9,0.2216698148942306,0.3569562236622071,0.1794871794871795,0.621,47,2,Morning Peak (08-12),HSR Layout,No Junction,0.0,148
711,205_161,13.008426443661971,77.54280479859155,5.9,0.22160404952120122,0.516559555993476,0.07692307692307693,0.429,71,1,Early Morning (04-08),Rajajinagar,No Junction,0.0,98
712,120_230,12.88083798912237,77.64531125500591,5.9,0.22124581462260767,0.3506272814938315,0.6666666666666666,0.631,70,0,Late Night (00-04),Electronic City,No Junction,0.0,3
713,196_168,12.994768282258065,77.55270549032258,5.9,0.2203159649461164,0.29974961217158697,0.7948717948717948,0.735,62,2,Morning Peak (08-12),Rajajinagar,"BTP011 - RR Kalyana Mantapa, Dr. Rajkumar Road",1.0,74
714,171_187,12.957322119277109,77.58126872048193,5.9,0.22018677450878665,0.27217153832977337,1.2820512820512822,0.809,83,2,Morning Peak (08-12),City Market,BTP167 - JC Road Junction,1.0,48
715,217_280,13.026394183333334,77.72057724285715,5.9,0.21990416557497164,0.3362449014907823,0.07692307692307693,0.654,42,2,Morning Peak (08-12),K.R. Pura,No Junction,0.0,337
716,236_156,13.055056013207546,77.53465663018868,5.9,0.21963647185005833,0.33077781905129267,0.1794871794871795,0.664,53,2,Morning Peak (08-12),Jalahalli,No Junction,0.0,369
717,183_217,12.97533252121212,77.62591408787878,5.9,0.21878472051767048,0.23102927192995829,0.15384615384615385,0.947,33,2,Morning Peak (08-12),Halasur,No Junction,0.0,69
718,157_204,12.936422058333333,77.60645080625,5.9,0.2182824682937599,0.2639449435232889,0.38461538461538464,0.827,48,1,Early Morning (04-08),Mico Layout,BTP136 - Hosur-Tavarkere Road Junction,1.0,35
719,187_166,12.981217293150685,77.54921866575341,5.8,0.21763949587878528,0.3621289448898258,0.8717948717948718,0.601,73,0,Late Night (00-04),Magadi Road,"BTP024 - NPS, Vijayanagar",1.0,74
720,198_161,12.998352588372093,77.54277902093023,5.8,0.21753274829216582,0.24635645333201112,0.20512820512820512,0.883,43,2,Morning Peak (08-12),Vijayanagara,"BTP206 - Shankara Mutt Circle, Vijayanagar",1.0,74
721,189_206,12.983654675,77.6093108703125,5.8,0.21706438972184205,0.38900428265563086,0.358974358974359,0.558,64,2,Morning Peak (08-12),Shivajinagar,No Junction,0.0,76
722,186_262,12.979384184615384,77.69425438205128,5.8,0.2169186026372747,0.22905871450609788,0.3076923076923077,0.947,39,2,Morning Peak (08-12),Mahadevapura,No Junction,0.0,73
723,194_234,12.991532116216217,77.65196884189189,5.8,0.21680837073387854,0.36623035596938947,0.02564102564102564,0.592,74,1,Early Morning (04-08),Banaswadi,No Junction,0.0,295
724,78_259,12.81827175409836,77.68932672131147,5.8,0.21675285244512418,0.3955344022721244,0.15384615384615385,0.548,61,0,Late Night (00-04),Electronic City,No Junction,0.0,124
725,210_153,13.01593389347826,77.53065592826087,5.8,0.2163674739998261,0.28320349999977235,0.41025641025641024,0.764,46,3,Afternoon (12-16),Rajajinagar,No Junction,0.0,100
726,164_265,12.946838305544205,77.6987214093843,5.8,0.21630758748157453,0.31213216086807294,0.15384615384615385,0.693,48,1,Early Morning (04-08),HAL Old Airport,No Junction,0.0,30
727,162_178,12.943248352836845,77.56788455242571,5.8,0.21507633283444813,0.3882244274990038,0.07692307692307693,0.554,50,1,Early Morning (04-08),Basavanagudi,No Junction,0.02,41
728,192_170,12.988552231707317,77.55595732682926,5.8,0.21467510348869287,0.2813566231830837,0.2564102564102564,0.763,41,1,Early Morning (04-08),Rajajinagar,"BTP210 - 50th cross, 12th Main , Rajajinagar",1.0,74
729,143_190,12.915212117948718,77.58582111794871,5.7,0.2135245880987734,0.20610481476715578,0.3333333333333333,1.036,39,2,Morning Peak (08-12),J.P. Nagar,"BTP177 - Aurobindo Circle, ORR",1.0,11
730,197_244,12.995684017408701,77.66713033422943,5.7,0.21336530485512856,0.20918167142659663,0.28205128205128205,1.02,33,2,Morning Peak (08-12),Mahadevapura,No Junction,0.0,86
731,129_199,12.894566434246576,77.5990577890411,5.7,0.21325548445206527,0.4625932417615298,0.3076923076923077,0.461,73,1,Early Morning (04-08),J.P. Nagar,No Junction,0.0,147
732,186_234,12.980088681355932,77.65210075593221,5.7,0.2126945940031485,0.36671481724680777,0.15384615384615385,0.58,59,1,Early Morning (04-08),Banaswadi,No Junction,0.0,268
733,194_158,12.991596679797981,77.53825681818182,5.7,0.21261661935993545,0.2540222453523721,1.2307692307692308,0.837,99,2,Morning Peak (08-12),Vijayanagara,BTP207 - 8th Main Road Basaveshwara Nagar,1.0,80
734,195_240,12.99316675106383,77.66105471914894,5.7,0.2120875888848593,0.30916558146480944,0.2564102564102564,0.686,47,2,Morning Peak (08-12),Banaswadi,No Junction,0.0,85
735,178_180,12.967709526829267,77.57018584634147,5.7,0.21072716380681644,0.2620984624462891,0.1794871794871795,0.804,41,1,Early Morning (04-08),Chamarajpet,BTP085 - Briyand Circle,1.0,64
736,121_197,12.881818561333333,77.5958709,5.7,0.21064688346889965,0.3850948509486282,0.7948717948717948,0.547,75,1,Early Morning (04-08),J.P. Nagar,No Junction,0.0,141
737,240_191,13.06109021875,77.587291978125,5.7,0.2103405668276049,0.2501076894501842,0.05128205128205128,0.841,32,3,Afternoon (12-16),Kodigehalli,No Junction,0.0,117
738,137_164,12.90682497603506,77.54637063824804,5.6,0.20999765016458696,0.236750451143841,0.05128205128205128,0.887,40,3,Afternoon (12-16),K.S. Layout,No Junction,0.0,8
739,198_188,12.997487956,77.582865908,5.6,0.2096103155032838,0.17946088656103065,0.1282051282051282,1.168,25,2,Morning Peak (08-12),Sheshadripuram,BTP032 - Windsor Circle,0.8,89
740,142_190,12.913868147169811,77.58580793018868,5.6,0.2095549444221401,0.2292723680767397,0.7435897435897436,0.914,53,2,Morning Peak (08-12),J.P. Nagar,"BTP177 - Aurobindo Circle, ORR",1.0,11
741,179_184,12.96911733402062,77.57662351752577,5.6,0.2085488285971356,0.39648066273219695,1.5128205128205128,0.526,97,0,Late Night (00-04),City Market,No Junction,0.10309278350515463,48
742,192_198,12.988659864285715,77.59838215476191,5.6,0.20848605957342342,0.34922288035749316,0.0,0.597,42,1,Early Morning (04-08),High ground,No Junction,0.0,76
743,144_225,12.916497252459017,77.63823500163934,5.6,0.20830218565952385,0.4294890425969564,0.1794871794871795,0.485,61,1,Early Morning (04-08),HSR Layout,No Junction,0.0,184
744,195_205,12.993474760975609,77.60851307317073,5.6,0.20824933012370841,0.3112844994375312,0.02564102564102564,0.669,41,2,Morning Peak (08-12),Pulikeshinagar(F.Town),No Junction,0.0,84
745,145_185,12.917683910416665,77.57778961666666,5.6,0.20812766905775854,0.24399492269373801,0.3333333333333333,0.853,48,1,Early Morning (04-08),Jayanagara,"BTP176 - Rajalakshmi Kalyana Mantapa, JP Nagar",1.0,17
746,214_225,13.022202413846154,77.6383486323077,5.6,0.20727998509104642,0.3824353968469491,0.05128205128205128,0.542,65,2,Morning Peak (08-12),Banaswadi,No Junction,0.0,104
747,210_154,13.016141296551725,77.53117842413792,5.6,0.20674147056257017,0.25875027604827305,0.02564102564102564,0.799,29,1,Early Morning (04-08),Rajajinagar,No Junction,0.0,100
748,149_248,12.924094209765151,77.67293874734695,5.5,0.20591801256293177,0.2859972396707386,0.3076923076923077,0.72,49,2,Morning Peak (08-12),Bellandur,No Junction,0.0,23
749,79_259,12.818822970967743,77.68906344516128,5.5,0.20553317453736764,0.27441011286697947,0.10256410256410256,0.749,31,0,Late Night (00-04),Electronic City,No Junction,0.0,124
750,141_229,12.91195961923077,77.64453426410257,5.5,0.20549994492879095,0.3076346480969924,0.7435897435897436,0.668,78,3,Afternoon (12-16),HSR Layout,No Junction,0.0,177
751,171_183,12.956845539285714,77.57518007857142,5.5,0.20527293097179655,0.48642874637866484,1.2564102564102564,0.422,112,1,Early Morning (04-08),V.V.Puram (C.Pet),BTP105 - Shivasankara Circle,1.0,48
752,170_163,12.955514882142856,77.54563634642857,5.5,0.20523258571423378,0.17131267588834206,0.1794871794871795,1.198,28,2,Morning Peak (08-12),Byatarayanapura,"BTP094 - Sri Skanda Complex, Mysore Road",1.0,235
753,167_193,12.951438951282052,77.5906005025641,5.5,0.20450024959905902,0.2896604101969675,0.20512820512820512,0.706,39,2,Morning Peak (08-12),Wilson Garden,BTP121 - KH Circle,1.0,47
754,181_196,12.97185463076923,77.59459972051282,5.5,0.20379000228513527,0.1715404059639186,0.358974358974359,1.188,39,0,Late Night (00-04),Cubbon Park,BTP063 - Siddalingaiah Circle,1.0,65
755,265_199,13.097692904651163,77.59911494418606,5.5,0.20325114377687373,0.419074523251286,1.0256410256410255,0.485,86,0,Late Night (00-04),Yelahanka,No Junction,0.0,120
756,94_250,12.841324666539094,77.67629288472712,5.4,0.20139000598757542,0.24293124968344443,0.02564102564102564,0.829,44,2,Morning Peak (08-12),Electronic City,No Junction,0.0,125
757,177_299,12.966141751851852,77.74918778888889,5.4,0.20055777265824262,0.2396150210970641,0.10256410256410256,0.837,27,1,Early Morning (04-08),Whitefield,No Junction,0.0,68
758,179_225,12.969947972972973,77.63812922702704,5.4,0.19927832155820965,0.29219695243139243,0.15384615384615385,0.682,37,2,Morning Peak (08-12),Jeevanbheemanagar,No Junction,0.0,66
759,322_258,13.184160889473684,77.68779804561404,5.4,0.198494221846681,0.3217086253592885,0.3076923076923077,0.617,57,1,Early Morning (04-08),Chikkajala,No Junction,0.0,122
760,214_154,13.021789327777778,77.53198346111111,5.4,0.19837293012510737,0.24642600015541286,0.1794871794871795,0.805,36,1,Early Morning (04-08),Rajajinagar,No Junction,0.0,100
761,152_206,12.92880985,77.609335925,5.4,0.197876188744325,0.19267399098765825,0.02564102564102564,1.027,24,2,Morning Peak (08-12),Mico Layout,No Junction,0.0,24
762,195_206,12.993401243939394,77.60985477878788,5.3,0.19746870251909268,0.45604781182238496,0.1282051282051282,0.433,66,0,Late Night (00-04),Pulikeshinagar(F.Town),No Junction,0.0,84
763,149_206,12.924148834782608,77.60944812608696,5.3,0.19733384200129891,0.18254749491332,0.15384615384615385,1.081,23,3,Afternoon (12-16),Mico Layout,No Junction,0.0,24
764,266_184,13.099261231034482,77.57695220344827,5.3,0.19731499663992752,0.356808312187934,0.0,0.553,58,2,Morning Peak (08-12),Yelahanka,No Junction,0.0,390
765,183_204,12.974879986486487,77.6067718054054,5.3,0.19720288144594858,0.20758198046941956,0.3076923076923077,0.95,37,2,Morning Peak (08-12),Cubbon Park,BTP051 - Safina Plaza Junction,0.5135135135135135,69
766,178_158,12.968393089583332,77.53769416875001,5.3,0.19717636350665127,0.24896005493264048,0.07692307692307693,0.792,48,2,Morning Peak (08-12),Vijayanagara,"BTP022 - Marenahalli Junction, Vijayanagar",1.0,59
767,171_266,12.956942717577615,77.69969036044552,5.3,0.19566831889765898,0.24276466364473817,0.05128205128205128,0.806,31,2,Morning Peak (08-12),HAL Old Airport,No Junction,0.0,50
768,131_279,12.89670911884058,77.71994146231884,5.3,0.19513819485708517,0.3246891761349171,0.8461538461538461,0.601,69,1,Early Morning (04-08),Whitefield,No Junction,0.0,151
769,184_217,12.976617644000001,77.62664086800001,5.3,0.19476010914969102,0.1827017909471773,0.05128205128205128,1.066,25,2,Morning Peak (08-12),Halasur,No Junction,0.0,69
770,210_166,13.016091745283019,77.54991893396227,5.3,0.1944934795512246,0.2686374026950616,0.4358974358974359,0.724,53,0,Late Night (00-04),Rajajinagar,No Junction,0.0,330
771,136_220,12.905029169444443,77.63040536388888,5.2,0.19326293755409188,0.24650884892103556,0.1794871794871795,0.784,36,2,Morning Peak (08-12),HSR Layout,No Junction,0.0,7
772,247_194,13.07127698923077,77.59229522615385,5.2,0.19253078441994384,0.28230320296179445,0.8205128205128205,0.682,65,2,Morning Peak (08-12),Kodigehalli,No Junction,0.0,118
773,234_168,13.051347223255815,77.5523616627907,5.2,0.19106394192723683,0.26426547984403437,0.3333333333333333,0.723,43,1,Early Morning (04-08),Jalahalli,No Junction,0.0,366
774,158_189,12.937646406976743,77.58446260930232,5.2,0.19103464681442228,0.2620502699786314,0.46153846153846156,0.729,43,2,Morning Peak (08-12),Wilson Garden,BTP187 - South End Circle,0.7906976744186046,36
775,182_160,12.973637157575759,77.54071058181819,5.2,0.19071641534118472,0.1530629336606619,0.23076923076923078,1.246,33,2,Morning Peak (08-12),Vijayanagara,BTP028 - Vijayanagar Bus Stand Junction,1.0,59
776,152_254,12.928403403846154,77.68163818269231,5.1,0.18978689871842427,0.30512363138010334,0.23076923076923078,0.622,52,1,Early Morning (04-08),HAL Old Airport,No Junction,0.0,28
777,182_204,12.973845046268655,77.60717218507463,5.1,0.189369857481889,0.36487448455084587,0.5897435897435898,0.519,67,3,Afternoon (12-16),Ashok Nagar,No Junction,0.0,69
778,155_189,12.932961724675325,77.58370006753246,5.1,0.18921867281263516,0.27990927930863185,0.9230769230769231,0.676,77,2,Morning Peak (08-12),Jayanagara,BTP218 - Syndicate Bank Junction,1.0,22
779,195_171,12.99257490263158,77.55754951052631,5.1,0.18908381768554966,0.23754248452958499,0.02564102564102564,0.796,38,0,Late Night (00-04),Rajajinagar,BTP009 - Prakash Nagar Junction,1.0,74
780,180_275,12.970367663469244,77.71259297895776,5.1,0.1887997223104607,0.32054282225884667,0.41025641025641024,0.589,50,1,Early Morning (04-08),HAL Old Airport,No Junction,0.0,70
781,178_267,12.968000660387528,77.7015687692389,5.1,0.18830038343769848,0.19492793316531934,0.1282051282051282,0.966,27,2,Morning Peak (08-12),HAL Old Airport,No Junction,0.0,67
782,197_167,12.996538936,77.55082172,5.1,0.1881880588301607,0.24440007640280612,0.6153846153846154,0.77,50,1,Early Morning (04-08),Rajajinagar,BTP027 - Modi Bridge Junction,1.0,74
783,146_214,12.91974988830983,77.62121621261008,5.1,0.1876830183853184,0.19449017449255793,0.5641025641025641,0.965,47,0,Late Night (00-04),Madiwala,BTP137 - Madiwala Traffic PS Junction,1.0,20
784,213_158,13.020196583870968,77.5377643,5.1,0.18726865088155564,0.23765057218471528,0.02564102564102564,0.788,31,1,Early Morning (04-08),Rajajinagar,No Junction,0.0,333
785,108_153,12.862518054545456,77.53025338181818,5.1,0.1865187069259513,0.2565594318101118,0.0,0.727,33,2,Morning Peak (08-12),Thalagattapura,No Junction,0.0,133
786,176_190,12.965310537037036,77.58530977037037,5.1,0.18648732318399772,0.178115876966569,0.1282051282051282,1.047,27,2,Morning Peak (08-12),Halasuru Gate,BTP078 - NR Square Junction,1.0,48
787,154_264,12.93210562827669,77.69624660548972,5.1,0.1864318778985414,0.20176610162179803,0.48717948717948717,0.924,46,1,Early Morning (04-08),Bellandur,No Junction,0.0,29
788,161_214,12.942107087719299,77.6221013982456,5.1,0.1860494429759909,0.36623906097636005,0.23076923076923078,0.508,57,1,Early Morning (04-08),Adugodi,No Junction,0.0,216
789,230_165,13.045555724000002,77.54849731600001,5.1,0.18592458528783143,0.19529893412587335,0.0,0.952,25,2,Morning Peak (08-12),Jalahalli,No Junction,0.0,353
790,137_193,12.906384637499999,77.590502425,5.1,0.18578212909879757,0.2209062177155738,0.0,0.841,24,0,Late Night (00-04),J.P. Nagar,BTP222 - Delmia Circle,0.9166666666666666,164
791,180_206,12.970280192615414,77.61016451575888,5.0,0.18568077750474343,0.275490767811192,0.6666666666666666,0.674,60,1,Early Morning (04-08),Ashok Nagar,No Junction,0.0,254
792,158_297,12.938060121951219,77.74670455121951,5.0,0.18562560173987241,0.24075953533057382,0.2564102564102564,0.771,41,1,Early Morning (04-08),Whitefield,No Junction,0.0,211
793,173_140,12.960816977777778,77.51141765555556,5.0,0.18560909953514926,0.2570763151456361,0.05128205128205128,0.722,27,2,Morning Peak (08-12),Jnanabharathi,No Junction,0.0,54
794,185_168,12.978151576,77.553199764,5.0,0.18557434530596154,0.2249386003708625,0.02564102564102564,0.825,25,2,Morning Peak (08-12),Magadi Road,"BTP062 - Basava Mantapa, Dr. Rajkumar Road",1.0,75
795,141_234,12.912007879661017,77.6516397762712,5.0,0.18498362811508087,0.36059186767072293,0.07692307692307693,0.513,59,2,Morning Peak (08-12),HSR Layout,No Junction,0.0,178
796,170_145,12.955998863888889,77.51848427037038,5.0,0.18463168591780707,0.35235054564466994,1.5897435897435896,0.524,108,2,Morning Peak (08-12),Byatarayanapura,No Junction,0.0,49
797,137_161,12.905941329824563,77.54232324736843,5.0,0.1841864981819559,0.3242720038414717,0.38461538461538464,0.568,57,3,Afternoon (12-16),K.S. Layout,No Junction,0.0,162
798,296_211,13.14435543611111,77.61785086527777,5.0,0.18380317189978368,0.43867105465342165,0.23076923076923078,0.419,72,0,Late Night (00-04),Chikkajala,No Junction,0.0,398
799,183_216,12.9748505688687,77.62516198435299,5.0,0.18372500888022625,0.25731793960816,0.20512820512820512,0.714,38,1,Early Morning (04-08),Halasur,No Junction,0.0,69
800,186_227,12.979380803571429,77.64121760357143,5.0,0.18346701422544895,0.2160977788285618,0.0,0.849,28,2,Morning Peak (08-12),Jeevanbheemanagar,No Junction,0.0,72
801,176_166,12.9643128359375,77.54983499375,5.0,0.18325758405569395,0.3064508094576822,0.7692307692307693,0.598,64,2,Morning Peak (08-12),Magadi Road,No Junction,0.0,60
802,170_185,12.95594361891892,77.57798001351352,5.0,0.18259554917927975,0.19999512505945208,0.1282051282051282,0.913,37,2,Morning Peak (08-12),V.V.Puram (C.Pet),BTP118 - Basappa Circle,1.0,48
803,180_228,12.970264057142858,77.64292606571428,5.0,0.1821103978659731,0.18871543820308095,0.2564102564102564,0.965,35,3,Afternoon (12-16),Jeevanbheemanagar,No Junction,0.0,66
804,188_165,12.983044945736433,77.54878460852713,5.0,0.18192980829767255,0.2210568752098087,2.641025641025641,0.823,129,0,Late Night (00-04),Magadi Road,"BTP024 - NPS, Vijayanagar",1.0,74
805,183_273,12.974930046341465,77.71076577073171,4.9,0.18159595702219278,0.28824755082887743,0.0,0.63,41,0,Late Night (00-04),Mahadevapura,No Junction,0.0,70
806,144_196,12.916934304761904,77.59507144523809,4.9,0.1810671598351659,0.2662752350517145,0.1794871794871795,0.68,42,0,Late Night (00-04),Jayanagara,"BTP179 - 9th Block, 28th Main, Jayanagar",1.0,18
807,154_260,12.932340124615385,77.69138589076924,4.9,0.18087510471159282,0.36175020942318564,0.10256410256410256,0.5,65,1,Early Morning (04-08),HAL Old Airport,No Junction,0.0,30
808,197_179,12.996656549999999,77.56915312105264,4.9,0.18002480273630433,0.22170542208904473,0.2564102564102564,0.812,38,2,Morning Peak (08-12),Malleshwaram,No Junction,0.0,78
809,113_238,12.87044040882353,77.65756005588236,4.9,0.17970790333144235,0.18661256836079165,0.1794871794871795,0.963,34,2,Morning Peak (08-12),Electronic City,No Junction,0.0,0
810,164_196,12.946877568181817,77.59445261363636,4.9,0.1796941034728609,0.19096079008805625,0.10256410256410256,0.941,22,2,Morning Peak (08-12),Wilson Garden,"BTP123 - 10th Cross, Wilson Garden",1.0,43
811,185_194,12.978564785714287,77.5917187452381,4.9,0.17961317948357325,0.2547704673525862,0.28205128205128205,0.705,42,2,Morning Peak (08-12),Cubbon Park,BTP047 - Vidhan Soudha Metro Station,1.0,71
812,163_186,12.945369557575757,77.57998246060606,4.9,0.17894838997218138,0.18563110992964874,0.07692307692307693,0.964,33,1,Early Morning (04-08),Basavanagudi,BTP185 - RV Teachers College,1.0,220
813,184_154,12.97612748611111,77.53170672499999,4.9,0.178800753763398,0.2196569456552801,0.23076923076923078,0.814,36,3,Afternoon (12-16),Vijayanagara,BTP214 - 5th Main Chamrajpet  Junction,1.0,262
814,170_184,12.956369358333333,77.57700476666668,4.9,0.17860222444736962,0.19605074033739803,0.23076923076923078,0.911,36,2,Morning Peak (08-12),City Market,BTP118 - Basappa Circle,1.0,48
815,217_162,13.026636342105263,77.54391943947368,4.9,0.17832957732985288,0.299210700217874,0.10256410256410256,0.596,38,2,Morning Peak (08-12),Yeshwanthpura,No Junction,0.0,105
816,171_185,12.957729074285714,77.57755427142858,4.8,0.1777748151468487,0.2267535907485315,0.07692307692307693,0.784,35,3,Afternoon (12-16),City Market,BTP118 - Basappa Circle,1.0,48
817,122_227,12.884174529023953,77.64136460929411,4.8,0.17593463627770387,0.2618074944608688,1.4615384615384615,0.672,85,3,Afternoon (12-16),Hulimavu,No Junction,0.0,4
818,172_187,12.95827663488372,77.58128925581396,4.8,0.17555387466867156,0.2448450134848976,0.3333333333333333,0.717,43,1,Early Morning (04-08),City Market,BTP167 - JC Road Junction,1.0,48
819,182_139,12.97402045490196,77.50906616078431,4.8,0.17520590139430123,0.3448935066816953,0.28205128205128205,0.508,51,1,Early Morning (04-08),Jnanabharathi,No Junction,0.0,258
820,189_152,12.983833396746416,77.52893896962463,4.8,0.17506695104376618,0.33156619515864805,0.2564102564102564,0.528,47,3,Afternoon (12-16),Kamakshipalya,No Junction,0.0,274
821,187_210,12.980979804,77.615671384,4.8,0.17493420081953437,0.24883954597373312,0.0,0.703,25,2,Morning Peak (08-12),Halasur,No Junction,0.0,76
822,204_150,13.006771718518518,77.5263992148148,4.8,0.17442328600896684,0.19708845876719416,0.07692307692307693,0.885,27,2,Morning Peak (08-12),Rajajinagar,No Junction,0.0,95
823,239_184,13.059754739274377,77.57673154858861,4.8,0.17405957107764458,0.23778629928639972,0.5128205128205128,0.732,51,1,Early Morning (04-08),Kodigehalli,No Junction,0.0,374
824,174_151,12.961054977869205,77.52736497874638,4.8,0.17399120273058755,0.335890352761752,0.0,0.518,105,2,Morning Peak (08-12),Byatarayanapura,No Junction,0.0,55
825,182_207,12.973818154347827,77.61094303260869,4.8,0.1738755389670646,0.3110474757908132,0.0,0.559,46,1,Early Morning (04-08),Ashok Nagar,No Junction,0.0,69
826,185_218,12.978029179310344,77.62832616551725,4.7,0.17364561931052486,0.22262258885964725,0.02564102564102564,0.78,29,2,Morning Peak (08-12),Halasur,No Junction,0.0,69
827,152_263,12.928736141025642,77.6947191102564,4.7,0.17225746696508565,0.18542246174928487,0.23076923076923078,0.929,39,1,Early Morning (04-08),Bellandur,No Junction,0.0,29
828,122_301,12.883505015541335,77.75225740940857,4.7,0.17216749653183117,0.1974397896007238,0.3076923076923077,0.872,35,2,Morning Peak (08-12),No Police Station,No Junction,0.0,145
829,221_172,13.032529733333334,77.55876366666666,4.7,0.17192930969993878,0.1827091495217203,0.10256410256410256,0.941,33,2,Morning Peak (08-12),Yeshwanthpura,No Junction,0.0,108
830,140_257,12.910339481578948,77.68576335526316,4.7,0.17118217892023768,0.28201347433317575,0.15384615384615385,0.607,38,1,Early Morning (04-08),Bellandur,No Junction,0.0,175
831,154_206,12.931311808695652,77.60996015434783,4.7,0.17104278085655972,0.2130047084141466,0.41025641025641024,0.803,46,0,Late Night (00-04),Mico Layout,BTP136 - Hosur-Tavarkere Road Junction,1.0,24
832,265_198,13.098448503030303,77.59797390909091,4.7,0.17096532835987044,0.27575052961269425,0.02564102564102564,0.62,33,1,Early Morning (04-08),Yelahanka,No Junction,0.0,120
833,197_264,12.99561542684927,77.69615221888867,4.7,0.170564738306904,0.13283858123590653,0.20512820512820512,1.284,25,2,Morning Peak (08-12),Mahadevapura,No Junction,0.0,87
834,185_193,12.977722392307692,77.5908118025641,4.6,0.16951904601048803,0.21761109885813612,0.3076923076923077,0.779,39,2,Morning Peak (08-12),Cubbon Park,BTP041 - Gopal Gowda Circle,1.0,71
835,135_228,12.90347888611111,77.64213762222222,4.6,0.16930769766921322,0.15363674924610998,0.4358974358974359,1.102,36,2,Morning Peak (08-12),HSR Layout,No Junction,0.0,157
836,177_196,12.966530152,77.594923776,4.6,0.1691415050076481,0.16948046593952715,0.05128205128205128,0.998,25,1,Early Morning (04-08),Halasuru Gate,BTP203 - RRMR Junction,1.0,63
837,173_174,12.960296848387097,77.56209693225806,4.6,0.16895572296146566,0.17152865275275703,0.41025641025641024,0.985,31,0,Late Night (00-04),Chamarajpet,"BTP089 - Police Quarters, Sultan Road",1.0,56
838,245_219,13.06813081111111,77.62938534074074,4.6,0.16846991617016874,0.2292107702995493,0.0,0.735,27,1,Early Morning (04-08),Hennuru,No Junction,0.0,380
839,145_234,12.918252652380954,77.65173679285715,4.6,0.1676106582025919,0.2961319049515758,0.07692307692307693,0.566,42,2,Morning Peak (08-12),HSR Layout,No Junction,0.0,186
840,185_188,12.97874713611111,77.58260454722222,4.6,0.1672405758113903,0.24098065678874683,0.02564102564102564,0.694,36,2,Morning Peak (08-12),Upparpet,No Junction,0.1111111111111111,48
841,140_191,12.910828241935484,77.5876165967742,4.6,0.1671508816957541,0.22109904986210857,0.1282051282051282,0.756,31,1,Early Morning (04-08),J.P. Nagar,"BTP197 - 9th Cross, 24th Main, JP Nagar",1.0,11
842,281_207,13.122144163157895,77.61099963947369,4.6,0.16692687177341653,0.25446169477654956,0.20512820512820512,0.656,38,0,Late Night (00-04),Yelahanka,No Junction,0.0,395
843,187_200,12.98125522857143,77.60102136190476,4.6,0.16687523780546226,0.2030112382061585,0.02564102564102564,0.822,21,1,Early Morning (04-08),Shivajinagar,BTP211 - Central Street Junction,1.0,76
844,179_299,12.969371651269464,77.74989891397661,4.6,0.1667626505975349,0.17797508068040008,0.3076923076923077,0.937,34,1,Early Morning (04-08),Whitefield,No Junction,0.0,68
845,166_198,12.949428551351351,77.59759612432433,4.6,0.16634637248194142,0.1775308137480698,0.4358974358974359,0.937,37,2,Morning Peak (08-12),Wilson Garden,"BTP123 - 10th Cross, Wilson Garden",0.8648648648648649,44
846,142_202,12.91350312295082,77.60412694590164,4.6,0.16633694252778414,0.33334056618794417,0.05128205128205128,0.499,61,1,Early Morning (04-08),Mico Layout,No Junction,0.0,15
847,204_195,13.006515390243901,77.59303741463415,4.6,0.16629031927295512,0.26521582021204965,0.358974358974359,0.627,41,1,Early Morning (04-08),R.T. Nagar,No Junction,0.0,317
848,241_194,13.062905757894738,77.59223477368421,4.5,0.16589744045452476,0.22945704073931503,0.02564102564102564,0.723,38,3,Afternoon (12-16),Kodigehalli,No Junction,0.0,117
849,176_168,12.964425243243245,77.55266345675676,4.5,0.16564056719929443,0.466593147040266,0.6666666666666666,0.355,74,1,Early Morning (04-08),Magadi Road,No Junction,0.0,60
850,146_206,12.920014745454546,77.61036006363636,4.5,0.16559777886703383,0.2147831113709907,0.46153846153846156,0.771,44,3,Afternoon (12-16),Mico Layout,"BTP163 - 16th Main Road, BTM Layout",1.0,188
851,179_233,12.968595524324325,77.64978042972973,4.5,0.16541396640899322,0.2182242300910201,0.07692307692307693,0.758,37,1,Early Morning (04-08),Jeevanbheemanagar,No Junction,0.0,66
852,170_288,12.956338876923077,77.73225118461538,4.5,0.16532424596878198,0.19358811003370255,0.10256410256410256,0.854,26,2,Morning Peak (08-12),Whitefield,No Junction,0.0,241
853,149_249,12.92431855260637,77.67393437800759,4.5,0.1650155766336269,0.25465366764448594,0.15384615384615385,0.648,32,2,Morning Peak (08-12),Bellandur,No Junction,0.0,23
854,196_207,12.99506213548387,77.61072116935483,4.5,0.1647251696913464,0.39981837303724854,0.02564102564102564,0.412,62,0,Late Night (00-04),Pulikeshinagar(F.Town),No Junction,0.0,84
855,140_182,12.911007412745098,77.5733689990196,4.5,0.16376360129359177,0.2888246936394917,1.4871794871794872,0.567,102,0,Late Night (00-04),J.P. Nagar,"BTP117 - 9th Cross, Kanakapura Road",1.0,173
856,185_206,12.978241173076922,77.60960461538461,4.5,0.16343601116798678,0.14592500997141675,0.10256410256410256,1.12,26,2,Morning Peak (08-12),Shivajinagar,BTP051 - Safina Plaza Junction,1.0,76
857,149_263,12.924761069444445,77.69486759444445,4.5,0.16317401153061575,0.2298225514515715,0.05128205128205128,0.71,36,1,Early Morning (04-08),Bellandur,No Junction,0.0,29
858,114_159,12.871740748275862,77.53899599655172,4.5,0.16271676175350602,0.1932503108711473,0.0,0.842,29,2,Morning Peak (08-12),Thalagattapura,No Junction,0.0,134
859,190_297,12.985389867164178,77.74589471343285,4.5,0.16237845882466026,0.20580286289564037,0.3333333333333333,0.789,67,2,Morning Peak (08-12),Whitefield,No Junction,0.0,285
860,188_200,12.982826730769231,77.6010820102564,4.5,0.16222957980561456,0.18498241711016483,0.358974358974359,0.877,39,2,Morning Peak (08-12),Shivajinagar,BTP211 - Central Street Junction,1.0,76
861,176_279,12.965005331578947,77.71863460263158,4.5,0.16215195230328278,0.23951543914812815,0.23076923076923078,0.677,38,1,Early Morning (04-08),Whitefield,No Junction,0.0,51
862,93_233,12.840847798113208,77.65039154716982,4.4,0.1614040289458165,0.2412616277216988,0.6666666666666666,0.669,53,3,Afternoon (12-16),Electronic City,No Junction,0.0,126
863,187_182,12.980734486956521,77.57394665652174,4.4,0.16104474621657447,0.15164288720958047,0.1794871794871795,1.062,23,2,Morning Peak (08-12),Sheshadripuram,BTP057 - Anand Rao Junction,1.0,48
864,194_183,12.991620524999998,77.57492465,4.4,0.16022714776013824,0.2308748526803145,0.38461538461538464,0.694,40,2,Morning Peak (08-12),Sheshadripuram,No Junction,0.0,78
865,156_211,12.934241477586207,77.61673548793104,4.4,0.16016388070718257,0.20991334299761805,0.6923076923076923,0.763,58,3,Afternoon (12-16),Adugodi,BTP140 - Madiwala Check Post,1.0,33
866,147_190,12.921746552173913,77.58585667826087,4.4,0.15977068036506917,0.19971335045633645,0.07692307692307693,0.8,23,1,Early Morning (04-08),Jayanagara,No Junction,0.34782608695652173,22
867,133_190,12.900264413333334,77.58586421111112,4.4,0.15974027733947915,0.29746792800647887,0.3076923076923077,0.537,45,3,Afternoon (12-16),J.P. Nagar,No Junction,0.0,153
868,187_171,12.980583806666667,77.55772675333333,4.4,0.15908444780538744,0.20395442026331723,0.3333333333333333,0.78,30,3,Afternoon (12-16),Magadi Road,BTP010 - Rajajinagar Entrance,1.0,75
869,145_247,12.918109956410257,77.67116296666667,4.4,0.15897048872815206,0.22327315832605626,0.38461538461538464,0.712,39,2,Morning Peak (08-12),Bellandur,No Junction,0.0,19
870,210_169,13.015322625925926,77.55482977777777,4.4,0.15896538815345354,0.1903777103634174,0.1282051282051282,0.835,27,0,Late Night (00-04),Malleshwaram,No Junction,0.0,94
871,126_175,12.889599708928571,77.56336045,4.4,0.15887970172318505,0.2980857443211727,0.6410256410256411,0.533,56,2,Morning Peak (08-12),K.S. Layout,No Junction,0.0,5
872,224_193,13.036539630555556,77.58957824166666,4.4,0.15825888639325097,0.27813512547144287,0.10256410256410256,0.569,36,1,Early Morning (04-08),Hebbala,No Junction,0.0,111
873,165_198,12.948682361956521,77.59793849673913,4.3,0.157824103650761,0.1663056940471665,1.9487179487179487,0.949,92,2,Morning Peak (08-12),Wilson Garden,"BTP123 - 10th Cross, Wilson Garden",1.0,44
874,158_262,12.93767007725833,77.69358854663935,4.3,0.15718895135523642,0.2138625188506618,0.1794871794871795,0.735,47,1,Early Morning (04-08),HAL Old Airport,No Junction,0.0,30
875,200_196,13.001343156410256,77.59525831794872,4.3,0.15698426135445054,0.23465509918452995,0.07692307692307693,0.669,39,2,Morning Peak (08-12),R.T. Nagar,No Junction,0.0,90
876,139_200,12.9085386518797,77.6007487443609,4.3,0.15698342129229978,0.21803252957263858,2.641025641025641,0.72,133,1,Early Morning (04-08),Mico Layout,BTP130 - GD Mara Junction,1.0,9
877,239_195,13.05889480603337,77.59307080679892,4.3,0.15694669232878106,0.2399796518788701,0.4358974358974359,0.654,55,2,Morning Peak (08-12),Kodigehalli,No Junction,0.0,116
878,182_273,12.974071571428572,77.71083158857142,4.3,0.15690260723218485,0.2714577979795586,0.0,0.578,35,0,Late Night (00-04),Mahadevapura,No Junction,0.0,70
879,189_188,12.984359965,77.582567165,4.3,0.1568910130634355,0.12966199426730207,0.02564102564102564,1.21,20,2,Morning Peak (08-12),High ground,BTP053 - Three Let Junction,1.0,275
880,192_183,12.988879255102042,77.57529910612246,4.3,0.15670774950406868,0.22228049575045203,0.46153846153846156,0.705,49,2,Morning Peak (08-12),Sheshadripuram,No Junction,0.1836734693877551,78
881,191_188,12.987426755000001,77.582575695,4.3,0.15620869756636785,0.13872886107137467,0.0,1.126,20,2,Morning Peak (08-12),High ground,BTP054 - Shivananda Circle,1.0,78
882,218_186,13.027232849999999,77.57947696481482,4.3,0.15571320224726223,0.28889276854779633,0.5128205128205128,0.539,54,1,Early Morning (04-08),Kodigehalli,No Junction,0.0,106
883,188_173,12.982945246,77.560215904,4.3,0.15511725237059584,0.2274446515697886,0.4358974358974359,0.682,50,1,Early Morning (04-08),Rajajinagar,BTP010 - Rajajinagar Entrance,1.0,77
884,195_159,12.99301143142857,77.53892865714285,4.3,0.15496836496441782,0.158292507624533,0.2564102564102564,0.979,35,2,Morning Peak (08-12),Vijayanagara,BTP207 - 8th Main Road Basaveshwara Nagar,1.0,80
885,206_162,13.009869983870967,77.54338290645163,4.3,0.15448564605327467,0.24063184743500726,0.07692307692307693,0.642,31,1,Early Morning (04-08),Rajajinagar,No Junction,0.0,98
886,222_172,13.03332449047619,77.55824283650793,4.3,0.1544780502074788,0.22684001498895562,0.6153846153846154,0.681,63,2,Morning Peak (08-12),Yeshwanthpura,No Junction,0.0,108
887,189_204,12.983780033333334,77.60645142592593,4.3,0.15446735952715815,0.20297944747326957,0.02564102564102564,0.761,27,3,Afternoon (12-16),Shivajinagar,BTP051 - Safina Plaza Junction,0.7037037037037037,76
888,326_230,13.190353396153846,77.64543559230769,4.3,0.15423723101546813,0.21099484407040783,0.05128205128205128,0.731,26,0,Late Night (00-04),Chikkajala,No Junction,0.0,123
889,194_235,12.991734269090909,77.65300899818182,4.2,0.15406764427271727,0.17428466546687474,0.0,0.884,55,1,Early Morning (04-08),Banaswadi,No Junction,0.0,296
890,186_207,12.980436157692308,77.61171949999999,4.2,0.15257884142937223,0.16044042211290455,0.1794871794871795,0.951,26,2,Morning Peak (08-12),Shivajinagar,No Junction,0.07692307692307693,76
891,204_179,13.006542468,77.56926746799999,4.2,0.1523200560865408,0.2092308462727209,0.05128205128205128,0.728,25,1,Early Morning (04-08),Malleshwaram,No Junction,0.0,78
892,155_210,12.933477812195123,77.61552138536585,4.2,0.15219295482827455,0.22447338470246983,0.1282051282051282,0.678,41,2,Morning Peak (08-12),Adugodi,BTP140 - Madiwala Check Post,1.0,33
893,144_133,12.917065086046511,77.50018434883721,4.2,0.1520181894114818,0.27639670802087596,0.0,0.55,43,2,Morning Peak (08-12),Kengeri,No Junction,0.0,183
894,324_254,13.187029527659574,77.68130262765958,4.2,0.1519452833462443,0.23928391078148706,0.3076923076923077,0.635,47,1,Early Morning (04-08),Chikkajala,No Junction,0.0,121
895,225_193,13.03792865111111,77.58958825333333,4.2,0.15142041135048034,0.2549165174250511,0.28205128205128205,0.594,45,2,Morning Peak (08-12),Hebbala,No Junction,0.0,111
896,192_172,12.988656661764706,77.55892982352941,4.2,0.1509225618072072,0.22425343507757384,0.15384615384615385,0.673,34,1,Early Morning (04-08),Rajajinagar,"BTP015 - Suguna Hospital, Dr. Rajkumar Road",1.0,77
897,172_188,12.958328914,77.582408402,4.1,0.15014754353251114,0.13228858461014198,0.8461538461538461,1.135,50,1,Early Morning (04-08),City Market,BTP167 - JC Road Junction,1.0,48
898,248_222,13.07231728918919,77.63374235675676,4.1,0.14979618414077825,0.228696464337066,0.02564102564102564,0.655,37,1,Early Morning (04-08),Hennuru,No Junction,0.0,383
899,173_201,12.96050174,77.60164583555556,4.1,0.14925560706062882,0.2289196427310258,0.38461538461538464,0.652,45,2,Morning Peak (08-12),Ashok Nagar,BTP172 - Nanjappa Circle,1.0,247
900,184_199,12.976273760714287,77.59930059821428,4.1,0.14890734695427715,0.23787116126881336,0.20512820512820512,0.626,56,1,Early Morning (04-08),Cubbon Park,No Junction,0.125,263
901,173_191,12.960107182051281,77.58752044358974,4.1,0.148565388292295,0.22207083451763074,0.28205128205128205,0.669,39,1,Early Morning (04-08),Halasuru Gate,BTP180 - Swagath Poornima Theatre,1.0,48
902,170_194,12.955631612,77.592056348,4.1,0.1484861867009847,0.15796402840530288,0.10256410256410256,0.94,25,2,Morning Peak (08-12),Wilson Garden,"BTP102 - BMTC Junction, KH Road",1.0,47
903,140_190,12.910613585185185,77.58544801851852,4.1,0.14809075134231758,0.1826026527032276,0.0,0.811,27,2,Morning Peak (08-12),J.P. Nagar,"BTP197 - 9th Cross, 24th Main, JP Nagar",1.0,11
904,231_181,13.047374295454546,77.57203401818182,4.1,0.14804935864716717,0.28972477230365395,0.10256410256410256,0.511,44,0,Late Night (00-04),Kodigehalli,No Junction,0.0,113
905,141_224,12.912307904603928,77.63650106818982,4.1,0.14759837676105791,0.22990401364650767,0.3076923076923077,0.642,41,3,Afternoon (12-16),HSR Layout,No Junction,0.0,13
906,175_199,12.962776916279068,77.59871232790698,4.1,0.14739965516164055,0.32043403296008816,0.0,0.46,43,1,Early Morning (04-08),Ashok Nagar,BTP100 - Richmond Circle,1.0,58
907,154_209,12.93178156,77.613833344,4.1,0.14733664091457446,0.1646219451559491,0.15384615384615385,0.895,25,1,Early Morning (04-08),Adugodi,BTP140 - Madiwala Check Post,1.0,33
908,138_263,12.90711711859879,77.6956835866674,4.1,0.14719999210028137,0.26570395685971365,0.1282051282051282,0.554,32,2,Morning Peak (08-12),Bellandur,No Junction,0.0,10
909,153_203,12.930855440740741,77.60570130555556,4.1,0.14712187530039608,0.35029017928665734,0.1794871794871795,0.42,54,0,Late Night (00-04),Mico Layout,No Junction,0.0,31
910,204_169,13.006844903125,77.554395025,4.1,0.14670461911734445,0.2236350901179031,0.10256410256410256,0.656,32,1,Early Morning (04-08),Malleshwaram,"BTP001 - 10th Cross, Dr. Rajkumar Road",1.0,94
911,225_177,13.038250913636364,77.56621795,4.1,0.14656400840006775,0.16088255587274178,0.02564102564102564,0.911,22,2,Morning Peak (08-12),Kodigehalli,No Junction,0.0,347
912,191_187,12.986806849999999,77.580601415,4.0,0.14568082896777684,0.14553529367410276,0.07692307692307693,1.001,20,1,Early Morning (04-08),High ground,BTP054 - Shivananda Circle,1.0,78
913,175_173,12.963001096153846,77.55979302692307,4.0,0.14564459345902747,0.1496861186629265,0.05128205128205128,0.973,26,1,Early Morning (04-08),Magadi Road,BTP091 - Sirsi Circle,1.0,56
914,178_233,12.968343570967743,77.65053999354839,4.0,0.14510973148175083,0.21821012252894859,0.10256410256410256,0.665,31,0,Late Night (00-04),Jeevanbheemanagar,No Junction,0.0,66
915,202_179,13.003751802777778,77.56926165555555,4.0,0.14444925424352054,0.18686837547674068,0.02564102564102564,0.773,36,1,Early Morning (04-08),Malleshwaram,No Junction,0.0,78
916,182_177,12.974070182978723,77.56625808723403,4.0,0.1444286240500208,0.2256697250781575,0.46153846153846156,0.64,47,2,Morning Peak (08-12),Magadi Road,BTP074 - Leprosy Hospital Junction,1.0,259
917,177_184,12.9660300625,77.57713050250001,4.0,0.14343267720211178,0.2166656755318909,0.2564102564102564,0.662,40,0,Late Night (00-04),City Market,BTP082 - KR Market Junction,1.0,48
918,180_199,12.970747586206896,77.59923772413794,4.0,0.14340560914189948,0.18745831260379017,0.0,0.765,29,1,Early Morning (04-08),Cubbon Park,"BTP099 - Cash Pharmacy, Residency Road",1.0,65
919,208_217,13.012815269387755,77.62629988571427,4.0,0.14339776237797341,0.29874533828744465,0.3333333333333333,0.48,49,1,Early Morning (04-08),Banaswadi,No Junction,0.0,326
920,263_196,13.0947395,77.59439569285715,4.0,0.14325915021053245,0.2667768160345111,0.1282051282051282,0.537,42,1,Early Morning (04-08),Yelahanka,No Junction,0.0,119
921,100_238,12.8509053,77.65745645744681,4.0,0.14323594245380655,0.28590008473813683,0.0,0.501,47,3,Afternoon (12-16),Electronic City,No Junction,0.0,127
922,123_227,12.885558652681523,77.6415982242634,4.0,0.14321182776031044,0.3154445545381287,1.0769230769230769,0.454,83,0,Late Night (00-04),Hulimavu,No Junction,0.0,4
923,181_209,12.972543472222222,77.61487289722223,4.0,0.14301955992833154,0.22737608891626637,0.20512820512820512,0.629,36,1,Early Morning (04-08),Halasur,No Junction,0.0,69
924,209_127,13.01410846923077,77.4915265923077,4.0,0.14281626255586863,0.23645076582097455,0.0,0.604,26,2,Morning Peak (08-12),Kamakshipalya,No Junction,0.0,327
925,186_165,12.979929754166667,77.54853426666666,3.9,0.14235324638827598,0.1296477653809435,0.20512820512820512,1.098,24,0,Late Night (00-04),Magadi Road,BTP068 - Veeresh Theatre Junction,1.0,74
926,223_215,13.034841115517242,77.62337808103449,3.9,0.1423527033034377,0.20307090342858444,0.717948717948718,0.701,58,2,Morning Peak (08-12),K.G. Halli,No Junction,0.0,109
927,182_208,12.973741093548387,77.61292091290322,3.9,0.14229940542182568,0.24450069660107504,0.02564102564102564,0.582,31,1,Early Morning (04-08),Ashok Nagar,No Junction,0.0,69
928,176_161,12.964268570370372,77.54239331111111,3.9,0.14200165565550957,0.2720338230948459,0.7948717948717948,0.522,81,1,Early Morning (04-08),Vijayanagara,No Junction,0.0,59
929,178_190,12.967628109523808,77.58612393333334,3.9,0.14197490092270287,0.14606471288343917,0.05128205128205128,0.972,21,1,Early Morning (04-08),Halasuru Gate,BTP075 - Police Corner,1.0,48
930,195_208,12.992840945454544,77.61222918636363,3.9,0.14162855900197582,0.20203788730667022,0.02564102564102564,0.701,22,1,Early Morning (04-08),Pulikeshinagar(F.Town),No Junction,0.0,299
931,239_194,13.058702433333334,77.59176307999999,3.9,0.14155153421039926,0.17389623367370918,0.02564102564102564,0.814,30,3,Afternoon (12-16),Kodigehalli,No Junction,0.0,116
932,117_211,12.875953262162163,77.61679000810811,3.9,0.1414685586975328,0.2731053256709127,0.02564102564102564,0.518,37,3,Afternoon (12-16),Hulimavu,No Junction,0.0,138
933,191_213,12.987159815151514,77.61962593030303,3.9,0.14143045963169235,0.22342884617960876,0.1282051282051282,0.633,33,2,Morning Peak (08-12),Pulikeshinagar(F.Town),No Junction,0.0,81
934,234_195,13.051290179591836,77.59345457959184,3.9,0.1413551250692415,0.2647099720397781,0.4358974358974359,0.534,49,2,Morning Peak (08-12),Kodigehalli,No Junction,0.0,114
935,200_209,13.0005700125,77.614655425,3.9,0.14098552575874151,0.23380684205429772,0.0,0.603,32,2,Morning Peak (08-12),Pulikeshinagar(F.Town),No Junction,0.0,307
936,153_222,12.930192965306121,77.63346238979592,3.9,0.140854257653483,0.18388284288966447,0.5897435897435898,0.766,49,2,Morning Peak (08-12),Adugodi,No Junction,0.0,32
937,137_182,12.906409497297298,77.57353678108107,3.9,0.14071455370872815,0.17056309540451897,0.41025641025641024,0.825,37,1,Early Morning (04-08),J.P. Nagar,"BTP159 - JP Nagar Metro, ORR",1.0,163
938,220_156,13.031021356666665,77.53517201666666,3.9,0.1403655451666631,0.28299505073924014,0.6666666666666666,0.496,60,1,Early Morning (04-08),Yeshwanthpura,No Junction,0.0,107
939,231_133,13.04711527142857,77.5008683936508,3.9,0.14035930742407818,0.3457125798622615,0.0,0.406,63,0,Late Night (00-04),Peenya,No Junction,0.0,356
940,157_209,12.935880706666667,77.61478465666667,3.9,0.14002314378009045,0.17546759872191786,0.10256410256410256,0.798,30,2,Morning Peak (08-12),Adugodi,BTP135 - UCO Bank Junction,1.0,33
941,175_198,12.962656304477612,77.59842920298509,3.9,0.13978366836811476,0.3162526433667755,0.07692307692307693,0.442,67,1,Early Morning (04-08),Ashok Nagar,BTP100 - Richmond Circle,1.0,58
942,224_215,13.036610316129032,77.62332163225805,3.9,0.13957055620109407,0.2533040947388277,0.1282051282051282,0.551,31,0,Late Night (00-04),K.G. Halli,No Junction,0.0,109
943,189_171,12.984710512903225,77.55691866129031,3.9,0.13938317535050185,0.19067465848221868,0.23076923076923078,0.731,31,1,Early Morning (04-08),Rajajinagar,BTP061 - Bhashyam Circle,1.0,74
944,180_200,12.970770413043478,77.60053365217391,3.9,0.139342382297327,0.18167194562884878,0.02564102564102564,0.767,23,0,Late Night (00-04),Cubbon Park,"BTP099 - Cash Pharmacy, Residency Road",1.0,65
945,188_203,12.982187835416667,77.60589260208333,3.9,0.1392415033383878,0.18059857761139794,0.5897435897435898,0.771,48,3,Afternoon (12-16),Shivajinagar,BTP051 - Safina Plaza Junction,1.0,76
946,166_184,12.949263778723406,77.57685718085106,3.9,0.13905037757660602,0.2435208013600806,0.358974358974359,0.571,47,1,Early Morning (04-08),V.V.Puram (C.Pet),BTP193 - Vasavi Circle,1.0,228
947,158_186,12.93808436111111,77.579921275,3.9,0.13895597631804682,0.15917064870337552,0.5128205128205128,0.873,36,0,Late Night (00-04),Basavanagudi,"BTP186 - 9th Cross, 4th Main, Jayanagar",1.0,37
948,187_196,12.980986723076922,77.59434898846153,3.8,0.13861929557845037,0.17480365142301432,0.0,0.793,26,1,Early Morning (04-08),Cubbon Park,BTP036 - Police Thimmaiah Circle (GPO),1.0,71
949,193_192,12.990622984210527,77.5885630868421,3.8,0.1385384564087483,0.21714491600117286,0.05128205128205128,0.638,38,1,Early Morning (04-08),High ground,"BTP033 - Sophia High School, Sankey Road",1.0,83
950,178_184,12.968107876923076,77.57654937692308,3.8,0.13853498577319392,0.19402659071875902,0.4358974358974359,0.714,39,1,Early Morning (04-08),City Market,BTP082 - KR Market Junction,1.0,48
951,173_189,12.960719126315789,77.58377237894737,3.8,0.13822925157582514,0.1712877962525714,0.28205128205128205,0.807,38,1,Early Morning (04-08),Halasuru Gate,"BTP168 - MSR Building, JC Road",1.0,48
952,143_182,12.915419441509433,77.57352832264151,3.8,0.1380260274732005,0.2840041717555566,0.5384615384615384,0.486,53,1,Early Morning (04-08),K.S. Layout,"BTP117 - 9th Cross, Kanakapura Road",1.0,16
953,202_241,13.003539082,77.662758484,3.8,0.13759220656287716,0.3315474856936799,0.0,0.415,50,1,Early Morning (04-08),Banaswadi,No Junction,0.0,313
954,223_183,13.03567003488372,77.57509435813954,3.8,0.13749478430699363,0.1914969140765928,0.0,0.718,43,2,Morning Peak (08-12),Kodigehalli,No Junction,0.0,110
955,190_187,12.986127742307692,77.5808098076923,3.8,0.13684020811728428,0.13285457098765463,0.15384615384615385,1.03,26,2,Morning Peak (08-12),High ground,BTP054 - Shivananda Circle,1.0,78
956,164_180,12.946338133333334,77.5702482111111,3.8,0.1368337147663057,0.16003943247521135,0.3333333333333333,0.855,27,1,Early Morning (04-08),Basavanagudi,BTP215 - Vanivillas Junction,1.0,40
957,184_165,12.976762067567568,77.54869007297297,3.8,0.13660297919159964,0.10858742384069923,0.46153846153846156,1.258,37,2,Morning Peak (08-12),Magadi Road,BTP069 - MC Circle,1.0,62
958,246_195,13.069463745945946,77.59269891081081,3.8,0.13585536769673395,0.2122740120261468,0.358974358974359,0.64,37,2,Morning Peak (08-12),Kodigehalli,No Junction,0.0,118
959,214_194,13.021572172727273,77.5924642090909,3.8,0.13516532069879675,0.2599333090361476,0.05128205128205128,0.52,44,1,Early Morning (04-08),R.T. Nagar,No Junction,0.0,102
960,328_231,13.192236165384616,77.64725573076923,3.8,0.13513407220215723,0.1608738954787586,0.02564102564102564,0.84,26,0,Late Night (00-04),Chikkajala,No Junction,0.0,123
961,215_155,13.02290259090909,77.53284250454546,3.8,0.13504844346376152,0.11444783344386569,0.0,1.18,22,2,Morning Peak (08-12),Yeshwanthpura,No Junction,0.0,100
962,90_252,12.8357544,77.67909956896553,3.7,0.13484968112804058,0.21785085804206877,0.07692307692307693,0.619,29,1,Early Morning (04-08),Electronic City,No Junction,0.0,401
963,160_180,12.941054879069767,77.57112310232559,3.7,0.13461057201905918,0.19708722111136043,0.5384615384615384,0.683,43,2,Morning Peak (08-12),Basavanagudi,BTP109 - Dewan Madhava Rao Junction,1.0,40
964,215_225,13.02259863,77.637808725,3.7,0.13364231932223836,0.2651633319885682,0.0,0.504,40,3,Afternoon (12-16),Banaswadi,No Junction,0.0,104
965,224_183,13.03689135,77.574684385,3.7,0.13346672681461472,0.20376599513681634,0.6923076923076923,0.655,60,2,Morning Peak (08-12),Kodigehalli,No Junction,0.0,110
966,158_201,12.9374211475,77.60182313499999,3.7,0.13336128120323013,0.22527243446491577,0.23076923076923078,0.592,40,1,Early Morning (04-08),Adugodi,BTP126 - Dairy Circle,1.0,210
967,93_250,12.840693081818182,77.67603701363636,3.7,0.13325429718753073,0.13076967339306256,0.07692307692307693,1.019,22,2,Morning Peak (08-12),Electronic City,No Junction,0.0,125
968,194_171,12.992200344827586,77.55720491379311,3.7,0.13319872592405751,0.1988040685433694,0.10256410256410256,0.67,29,1,Early Morning (04-08),Rajajinagar,BTP009 - Prakash Nagar Junction,1.0,74
969,192_181,12.988437277922078,77.57227671298702,3.7,0.13292420840393282,0.35541232193564926,0.5897435897435898,0.374,77,1,Early Morning (04-08),Sheshadripuram,No Junction,0.0,78
970,198_173,12.997352391666666,77.56005995833333,3.7,0.13259558111237904,0.19385318876078805,0.3076923076923077,0.684,36,1,Early Morning (04-08),Malleshwaram,No Junction,0.0,88
971,179_200,12.968820995238096,77.60101945714285,3.7,0.13250267980948774,0.13730847648651578,0.02564102564102564,0.965,21,1,Early Morning (04-08),Ashok Nagar,"BTP099 - Cash Pharmacy, Residency Road",1.0,65
972,223_290,13.035750444736841,77.73546707631579,3.7,0.13236546612939623,0.16504422210647907,0.4358974358974359,0.802,38,1,Early Morning (04-08),K.R. Pura,No Junction,0.0,346
973,263_200,13.095728784210527,77.60040117105264,3.7,0.13236078229232331,0.2828221843853062,0.1282051282051282,0.468,38,0,Late Night (00-04),Yelahanka,No Junction,0.0,120
974,178_200,12.967647119999999,77.600669732,3.7,0.13232424097645795,0.16216206002016906,0.02564102564102564,0.816,25,1,Early Morning (04-08),Ashok Nagar,"BTP099 - Cash Pharmacy, Residency Road",1.0,65
975,193_200,12.990548811392406,77.60082809746835,3.7,0.1319404127109382,0.2777692899177647,0.9743589743589743,0.475,79,0,Late Night (00-04),Shivajinagar,No Junction,0.0,76
976,150_211,12.92583819117647,77.61735639999999,3.7,0.13170158526206757,0.14814576519917613,0.358974358974359,0.889,34,2,Morning Peak (08-12),Madiwala,BTP138 - Sarjapur Road Check Post,0.7941176470588235,25
977,163_152,12.945405433333335,77.5286700962963,3.7,0.1313645602712662,0.1525720792929921,0.20512820512820512,0.861,27,1,Early Morning (04-08),Byatarayanapura,BTP098 - Nayandahalli Junction,1.0,39
978,179_266,12.969805682142857,77.70037745,3.7,0.13127743744242773,0.15372065274288962,0.1282051282051282,0.854,28,2,Morning Peak (08-12),HAL Old Airport,No Junction,0.0,67
979,177_162,12.966615885185185,77.5437943037037,3.6,0.13105664076847826,0.18911492174383587,0.05128205128205128,0.693,27,2,Morning Peak (08-12),Vijayanagara,No Junction,0.0,62
980,200_150,13.000838252941177,77.52550257352941,3.6,0.13093337866462557,0.12123460987465329,0.41025641025641024,1.08,34,2,Morning Peak (08-12),Rajajinagar,No Junction,0.0,93
981,191_167,12.987424360714286,77.55117832142857,3.6,0.1307404940926239,0.1575186675814746,0.28205128205128205,0.83,28,1,Early Morning (04-08),Rajajinagar,BTP018 - Dhobi Ghat Junction,1.0,74
982,156_259,12.934232611504981,77.68962166614273,3.6,0.13046691042302797,0.18638130060432567,1.7692307692307692,0.7,98,2,Morning Peak (08-12),HAL Old Airport,No Junction,0.0,30
983,231_134,13.047064039215686,77.5011584764706,3.6,0.13030865770251682,0.33327022430311204,0.0,0.391,51,1,Early Morning (04-08),Peenya,No Junction,0.0,357
984,199_181,12.999376560416666,77.5719638,3.6,0.12974910856019056,0.19869695032188445,0.6410256410256411,0.653,48,2,Morning Peak (08-12),Malleshwaram,No Junction,0.0,78
985,182_274,12.97372302,77.71116764,3.6,0.12967617297539172,0.18393783400764782,0.05128205128205128,0.705,25,1,Early Morning (04-08),Mahadevapura,No Junction,0.0,70
986,193_170,12.989886014814815,77.55595202222221,3.6,0.12930614995194106,0.17013967098939614,1.5384615384615385,0.76,81,2,Morning Peak (08-12),Rajajinagar,"BTP204 - ESI Hospital, Rajajinagar",1.0,74
987,178_199,12.967140924999999,77.59963264285715,3.6,0.12916995064612113,0.18532274124264153,0.05128205128205128,0.697,28,1,Early Morning (04-08),Ashok Nagar,"BTP099 - Cash Pharmacy, Residency Road",1.0,65
988,183_175,12.975101276666667,77.56282982666667,3.6,0.1288590807668507,0.1660555164521272,0.1282051282051282,0.776,30,1,Early Morning (04-08),Magadi Road,BTP074 - Leprosy Hospital Junction,1.0,62
989,214_189,13.022053054166667,77.58447456666666,3.6,0.12869610361411749,0.1489538236274508,0.05128205128205128,0.864,24,2,Morning Peak (08-12),R.T. Nagar,No Junction,0.0,103
990,186_176,12.979776977777776,77.56436397777777,3.6,0.1285634421637913,0.15970613933390224,0.20512820512820512,0.805,27,2,Morning Peak (08-12),Magadi Road,BTP074 - Leprosy Hospital Junction,0.8518518518518519,265
991,180_138,12.971222497222222,77.50736695,3.6,0.12852806601389735,0.1635217124858745,0.3076923076923077,0.786,36,2,Morning Peak (08-12),Jnanabharathi,No Junction,0.0,253
992,214_226,13.02204223111111,77.63963867999999,3.6,0.1280276165366127,0.21810496854618863,0.20512820512820512,0.587,45,2,Morning Peak (08-12),Banaswadi,No Junction,0.0,104
993,255_225,13.08346757586207,77.63826041724137,3.6,0.1273490828914886,0.2080867367507984,0.0,0.612,29,3,Afternoon (12-16),Hennuru,No Junction,0.0,386
994,190_167,12.986042156000002,77.551339404,3.6,0.12728945703683986,0.1738927008699998,0.10256410256410256,0.732,25,1,Early Morning (04-08),Rajajinagar,BTP018 - Dhobi Ghat Junction,1.0,74
995,215_190,13.023717038095239,77.58504747619047,3.5,0.12695474256335096,0.1507776039944786,0.02564102564102564,0.842,21,2,Morning Peak (08-12),R.T. Nagar,No Junction,0.0,103
996,178_299,12.967920304161384,77.74971684628485,3.5,0.12676689034246208,0.129222110440838,0.20512820512820512,0.981,23,1,Early Morning (04-08),Whitefield,No Junction,0.0,68
997,138_155,12.907843337290936,77.53284678322579,3.5,0.12669409662947917,0.2422449266338034,0.48717948717948717,0.523,51,1,Early Morning (04-08),K.S. Layout,No Junction,0.0,167
998,183_170,12.975673146875,77.555881921875,3.5,0.12574436797738758,0.1916834877704079,0.28205128205128205,0.656,32,0,Late Night (00-04),Magadi Road,BTP071 - Prasanna Junction,1.0,62
999,211_194,13.017227661764705,77.5917369,3.5,0.12573707675909424,0.19708005761613517,0.02564102564102564,0.638,34,1,Early Morning (04-08),R.T. Nagar,No Junction,0.0,102
1000,178_205,12.967362563636364,77.60843699090908,3.5,0.12571647352025977,0.18114765636925043,0.0,0.694,22,2,Morning Peak (08-12),Ashok Nagar,No Junction,0.0,252
1001,227_142,13.041630818367349,77.51444509183673,3.5,0.12541721698520902,0.20066754717633442,0.5897435897435898,0.625,49,2,Morning Peak (08-12),Peenya,No Junction,0.0,348
1002,117_162,12.875980095214596,77.54406662956704,3.5,0.12540899003242634,0.15914846450815526,0.46153846153846156,0.788,38,2,Morning Peak (08-12),Thalagattapura,No Junction,0.0,137
1003,180_195,12.971231564814813,77.5931926388889,3.5,0.125118068160114,0.1614426685936955,0.8461538461538461,0.775,54,0,Late Night (00-04),Halasuru Gate,BTP063 - Siddalingaiah Circle,1.0,65
1004,205_186,13.008202448484848,77.57991876060605,3.5,0.12508268290931446,0.14997923610229552,0.3333333333333333,0.834,33,2,Morning Peak (08-12),Sadashivanagar,No Junction,0.0,96
1005,203_187,13.00538772,77.58091269428571,3.5,0.12481617725007448,0.16958719735064468,0.38461538461538464,0.736,35,1,Early Morning (04-08),Sadashivanagar,No Junction,0.0,96
1006,191_183,12.986961492592593,77.57463251481482,3.5,0.12430742980373886,0.19362528006812907,0.15384615384615385,0.642,27,1,Early Morning (04-08),Sheshadripuram,No Junction,0.1111111111111111,78
1007,187_227,12.981256311115143,77.64068991079671,3.5,0.12426482810220765,0.20107577362816773,0.02564102564102564,0.618,35,0,Late Night (00-04),Jeevanbheemanagar,No Junction,0.0,72
1008,153_187,12.92970076095238,77.58067769809524,3.5,0.12425516767613823,0.19234546079897558,1.8974358974358974,0.646,105,2,Morning Peak (08-12),Jayanagara,"BTP188 - 27th Cross, 4th Main, Jayanagar",1.0,22
1009,239_191,13.0594064875,77.58760752916668,3.5,0.12425426781016015,0.1519000828975063,0.02564102564102564,0.818,24,2,Morning Peak (08-12),Kodigehalli,No Junction,0.0,117
1010,186_191,12.979578784615386,77.58756561153847,3.5,0.12425129590185549,0.13976523723493306,0.10256410256410256,0.889,26,2,Morning Peak (08-12),Cubbon Park,BTP052 - CID Carlton House Junction,1.0,266
1011,192_274,12.989090998266484,77.71183503500085,3.5,0.12398276536997059,0.13403542202158983,0.0,0.925,25,2,Morning Peak (08-12),Mahadevapura,No Junction,0.0,290
1012,213_195,13.020617122857143,77.59282560571428,3.5,0.12361691978393255,0.2314923591459411,0.0,0.534,35,3,Afternoon (12-16),R.T. Nagar,No Junction,0.0,102
1013,142_206,12.913895894594594,77.6094435108108,3.4,0.12333941412097522,0.19332196570685772,0.358974358974359,0.638,37,2,Morning Peak (08-12),Mico Layout,"BTP163 - 16th Main Road, BTM Layout",1.0,15
1014,132_222,12.8985522821058,77.63403620810669,3.4,0.1228760464607608,0.14576043471027378,0.4358974358974359,0.843,34,0,Late Night (00-04),Madiwala,No Junction,0.0,4
1015,280_212,13.121373861904761,77.61862194761905,3.4,0.12276377763527078,0.19579549862084655,0.0,0.627,21,3,Afternoon (12-16),Yelahanka,No Junction,0.0,393
1016,177_158,12.965528447826088,77.53708043043478,3.4,0.12263128665188697,0.1300437822395408,0.20512820512820512,0.943,23,1,Early Morning (04-08),Vijayanagara,"BTP016 - 5th Main Road, RPC Layout",1.0,59
1017,137_222,12.90674985909091,77.63327525454545,3.4,0.12236568133365665,0.18048035594934608,0.0,0.678,22,1,Early Morning (04-08),HSR Layout,No Junction,0.0,7
1018,196_167,12.994984705128205,77.5516592017094,3.4,0.1222800972045951,0.25906800255210827,1.8717948717948718,0.472,117,0,Late Night (00-04),Rajajinagar,"BTP182 - 19th Main Junction, Rajajinagar",1.0,74
1019,246_190,13.069694008571428,77.58576072285716,3.4,0.12218642586790054,0.24535426881104527,0.15384615384615385,0.498,35,2,Morning Peak (08-12),Kodigehalli,No Junction,0.0,118
1020,103_242,12.85555155,77.66427810357142,3.4,0.12188514215219502,0.19948468437347794,0.02564102564102564,0.611,28,0,Late Night (00-04),Electronic City,No Junction,0.0,129
1021,200_252,13.000419402416503,77.67822431029406,3.4,0.12181012406893585,0.17782499864078224,0.5128205128205128,0.685,41,1,Early Morning (04-08),Mahadevapura,No Junction,0.0,92
1022,194_203,12.991677673913044,77.6049221,3.4,0.12168812440294748,0.14894507270862606,0.10256410256410256,0.817,23,0,Late Night (00-04),Pulikeshinagar(F.Town),No Junction,0.0,76
1023,142_225,12.913838936363637,77.63817815454544,3.4,0.12155116296866356,0.1982890097368084,0.28205128205128205,0.613,33,2,Morning Peak (08-12),HSR Layout,No Junction,0.0,13
1024,159_265,12.93860545909091,77.69780744545454,3.4,0.12132264793050745,0.17920627463885885,0.07692307692307693,0.677,22,2,Morning Peak (08-12),HAL Old Airport,No Junction,0.0,30
1025,255_224,13.083624686206896,77.63697624482758,3.4,0.1212894477895957,0.19657933191182447,0.0,0.617,29,1,Early Morning (04-08),Hennuru,No Junction,0.0,385
1026,187_195,12.98078108275862,77.5936695862069,3.4,0.12112467424437644,0.18408005204312528,0.07692307692307693,0.658,29,1,Early Morning (04-08),Cubbon Park,BTP036 - Police Thimmaiah Circle (GPO),1.0,71
1027,194_196,12.991883843076923,77.5944244676923,3.4,0.12106162056725392,0.22670715462032567,0.7692307692307693,0.534,65,1,Early Morning (04-08),High ground,No Junction,0.0,294
1028,202_150,13.003620195,77.52612526,3.4,0.1208705058473723,0.13267893067768638,0.02564102564102564,0.911,20,2,Morning Peak (08-12),Rajajinagar,No Junction,0.0,93
1029,191_185,12.987430861904762,77.57847857619048,3.4,0.12067106502502664,0.13854312861656332,0.02564102564102564,0.871,21,2,Morning Peak (08-12),High ground,BTP054 - Shivananda Circle,1.0,78
1030,217_190,13.026347468421053,77.58564757368421,3.4,0.12062954246020818,0.19840385273060557,0.20512820512820512,0.608,38,2,Morning Peak (08-12),R.T. Nagar,No Junction,0.0,103
1031,130_199,12.895232773076923,77.59921765769231,3.4,0.1203600906094909,0.3306595895865135,1.2307692307692308,0.364,78,0,Late Night (00-04),J.P. Nagar,No Junction,0.0,149
1032,156_209,12.93514830140845,77.6139776140845,3.3,0.11946017152152112,0.1525672688652888,1.2564102564102564,0.783,71,2,Morning Peak (08-12),Adugodi,BTP135 - UCO Bank Junction,1.0,33
1033,203_195,13.005307123684211,77.59343520526315,3.3,0.11909014019904932,0.16291400848023163,0.46153846153846156,0.731,38,0,Late Night (00-04),R.T. Nagar,No Junction,0.0,316
1034,227_193,13.040873634210527,77.58978565526316,3.3,0.11891122647162067,0.2426759723910626,0.07692307692307693,0.49,38,1,Early Morning (04-08),Kodigehalli,No Junction,0.0,111
1035,201_221,13.001934695302925,77.63245446676872,3.3,0.11878208213407057,0.20550533241188682,0.10256410256410256,0.578,36,2,Morning Peak (08-12),Banaswadi,No Junction,0.0,311
1036,152_256,12.929316451428571,77.68444722857143,3.3,0.11862923482892486,0.19971251654701155,0.3076923076923077,0.594,35,1,Early Morning (04-08),HAL Old Airport,No Junction,0.0,30
1037,280_221,13.120626927272728,77.63190475454546,3.3,0.11848491273711653,0.20428433230537335,0.0,0.58,33,0,Late Night (00-04),Yelahanka,No Junction,0.0,394
1038,363_275,13.244964273770492,77.71301133934425,3.3,0.11830045039911838,0.17144992811466434,1.0256410256410255,0.69,61,1,Early Morning (04-08),Devanahalli Airport,No Junction,0.0,400
1039,146_213,12.920172682699285,77.620815450083,3.3,0.117158988933992,0.11063171759583759,0.5384615384615384,1.059,42,1,Early Morning (04-08),Madiwala,BTP137 - Madiwala Traffic PS Junction,1.0,20
1040,238_165,13.057286272727273,77.54779903939394,3.3,0.11713721599398393,0.2062274929471548,0.1282051282051282,0.568,33,0,Late Night (00-04),Jalahalli,No Junction,0.0,115
1041,137_265,12.906371308723596,77.69800205217967,3.3,0.11681672760071429,0.17861884954237658,0.4358974358974359,0.654,39,2,Morning Peak (08-12),Bellandur,No Junction,0.0,10
1042,164_154,12.946758460000002,77.53154353,3.3,0.1166444719827267,0.10178400696573012,0.07692307692307693,1.146,20,0,Late Night (00-04),Byatarayanapura,BTP098 - Nayandahalli Junction,1.0,221
1043,203_169,13.005146913888888,77.55407853055556,3.3,0.11637632952318594,0.13595365598503031,0.46153846153846156,0.856,36,1,Early Morning (04-08),Malleshwaram,"BTP001 - 10th Cross, Dr. Rajkumar Road",1.0,94
1044,194_169,12.99198946190476,77.55451094761905,3.3,0.11608514770581102,0.17021282654810999,0.6410256410256411,0.682,42,0,Late Night (00-04),Rajajinagar,"BTP204 - ESI Hospital, Rajajinagar",1.0,74
1045,199_197,12.999684753846152,77.59652105769231,3.3,0.11593217974655408,0.17672588375999096,0.02564102564102564,0.656,26,1,Early Morning (04-08),R.T. Nagar,No Junction,0.0,90
1046,186_196,12.9801853125,77.59445145833334,3.2,0.11556103360284958,0.1514561384047832,0.0,0.763,24,1,Early Morning (04-08),Cubbon Park,BTP036 - Police Thimmaiah Circle (GPO),1.0,71
1047,214_195,13.021748157142857,77.59254212285714,3.2,0.11519391550417307,0.20352281891196658,0.02564102564102564,0.566,35,1,Early Morning (04-08),R.T. Nagar,No Junction,0.0,102
1048,193_136,12.990221340909091,77.50460535681817,3.2,0.11483575229264346,0.17190980882132254,0.6153846153846154,0.668,44,2,Morning Peak (08-12),Kamakshipalya,No Junction,0.0,292
1049,195_178,12.993453820833333,77.5679827625,3.2,0.11468848397393008,0.14318162793249697,0.02564102564102564,0.801,24,2,Morning Peak (08-12),Sheshadripuram,No Junction,0.0,297
1050,204_304,13.006989528205128,77.7572430897436,3.2,0.11461152370813504,0.1863602011514391,0.358974358974359,0.615,39,1,Early Morning (04-08),Mahadevapura,No Junction,0.0,319
1051,147_213,12.920967202084677,77.62045828674835,3.2,0.11457896001549064,0.10521483931633668,0.20512820512820512,1.089,21,0,Late Night (00-04),Madiwala,BTP137 - Madiwala Traffic PS Junction,1.0,20
1052,187_219,12.98109036764706,77.62874927941176,3.2,0.11388667783511526,0.10594109566057235,0.3076923076923077,1.075,34,0,Late Night (00-04),Halasur,No Junction,0.0,69
1053,190_204,12.985321533333334,77.60701860222223,3.2,0.11374498938595834,0.16319223728258012,0.5384615384615384,0.697,45,2,Morning Peak (08-12),Shivajinagar,No Junction,0.0,76
1054,188_166,12.982665168181818,77.54922415454546,3.2,0.11286419619234356,0.13078122386134827,1.3076923076923077,0.863,66,2,Morning Peak (08-12),Magadi Road,"BTP024 - NPS, Vijayanagar",1.0,74
1055,193_208,12.99045487,77.612307414,3.2,0.11277985698743892,0.14477516943188565,0.6666666666666666,0.779,50,0,Late Night (00-04),Pulikeshinagar(F.Town),No Junction,0.0,293
1056,183_209,12.975130677272727,77.61456213636365,3.2,0.11252540860170429,0.1769267430844407,0.05128205128205128,0.636,22,1,Early Morning (04-08),Halasur,No Junction,0.0,69
1057,147_230,12.921409291666668,77.64510429583333,3.2,0.11245512931026488,0.16042101185487145,0.15384615384615385,0.701,24,1,Early Morning (04-08),HSR Layout,No Junction,0.0,191
1058,150_223,12.925172629166667,77.63469935416667,3.1,0.11147441692181674,0.21032908853172969,0.10256410256410256,0.53,24,1,Early Morning (04-08),Adugodi,No Junction,0.0,27
1059,201_208,13.002206041935484,77.61242452258064,3.1,0.1111033500286942,0.19222032876936715,0.20512820512820512,0.578,31,1,Early Morning (04-08),Pulikeshinagar(F.Town),No Junction,0.0,91
1060,167_184,12.951692399999999,77.57689844000001,3.1,0.11040532911833559,0.1237727904914076,0.7948717948717948,0.892,55,2,Morning Peak (08-12),V.V.Puram (C.Pet),BTP106 - VV Puram College,1.0,230
1061,151_254,12.927776740909092,77.68148007727272,3.1,0.11030464440562043,0.11911948639915813,0.20512820512820512,0.926,22,2,Morning Peak (08-12),HAL Old Airport,No Junction,0.0,28
1062,226_146,13.03969638,77.51913849,3.1,0.11022496461284156,0.16802586069030725,0.02564102564102564,0.656,20,0,Late Night (00-04),Peenya,No Junction,0.0,112
1063,265_182,13.098532819230769,77.57360821923076,3.1,0.11021056279975337,0.1507668437753124,0.10256410256410256,0.731,26,2,Morning Peak (08-12),Yelahanka,No Junction,0.0,387
1064,174_223,12.961390128268524,77.63529893219402,3.1,0.11018260552713863,0.1356928639496781,0.5641025641025641,0.812,43,1,Early Morning (04-08),Halasur,"BTP145 - Sri Hatti Maramma Circle, Domluru",1.0,57
1065,170_287,12.956241112138196,77.73151976832196,3.1,0.11015008860890702,0.17794844686414704,0.10256410256410256,0.619,25,0,Late Night (00-04),Whitefield,No Junction,0.0,240
1066,94_232,12.84133199642857,77.64856111428571,3.1,0.11006639272208112,0.1701180722134175,0.23076923076923078,0.647,28,3,Afternoon (12-16),Electronic City,No Junction,0.0,126
1067,137_200,12.906914662068965,77.6011037,3.1,0.109098602053908,0.1759654871837226,0.1794871794871795,0.62,29,2,Morning Peak (08-12),Mico Layout,BTP130 - GD Mara Junction,1.0,9
1068,154_195,12.931528373333332,77.59256666333334,3.0,0.10784671331526983,0.24399708894857428,0.0,0.442,30,3,Afternoon (12-16),Jayanagara,No Junction,0.0,201
1069,171_168,12.957494742307691,77.55249322307692,3.0,0.10766618980542506,0.11054023593986145,0.2564102564102564,0.974,26,0,Late Night (00-04),Chamarajpet,"BTP093 - Toll Gate, Mysore Road",1.0,52
1070,129_224,12.893861994689592,77.63677311969231,3.0,0.10766041447520029,0.2166205522639845,0.9743589743589743,0.497,65,0,Late Night (00-04),Hulimavu,No Junction,0.0,4
1071,223_142,13.03567271923077,77.51379165128205,3.0,0.10763313725199054,0.19676990356853846,0.0,0.547,26,1,Early Morning (04-08),Peenya,No Junction,0.0,343
1072,254_165,13.08170637653808,77.54823985096871,3.0,0.10726708761064503,0.14614044633602866,0.48717948717948717,0.734,38,1,Early Morning (04-08),Yelahanka,No Junction,0.0,384
1073,159_186,12.938936711387978,77.58003067798623,3.0,0.10716408149156662,0.1359950272735617,0.5897435897435898,0.788,42,0,Late Night (00-04),Basavanagudi,"BTP186 - 9th Cross, 4th Main, Jayanagar",1.0,37
1074,162_264,12.943761676067771,77.6972692495088,3.0,0.10716045590408325,0.12026987194622138,0.5897435897435898,0.891,44,1,Early Morning (04-08),HAL Old Airport,No Junction,0.0,30
1075,209_169,13.013938833333333,77.55405727333333,3.0,0.10712195285402831,0.17222178915438635,0.28205128205128205,0.622,30,2,Morning Peak (08-12),Malleshwaram,No Junction,0.0,94
1076,199_249,12.999675455365026,77.67459286207905,3.0,0.10687815096165454,0.23963710977949448,0.38461538461538464,0.446,44,0,Late Night (00-04),Banaswadi,No Junction,0.0,92
1077,240_107,13.060770322857143,77.46126350571429,3.0,0.10619172068987519,0.1934275422402098,0.23076923076923078,0.549,35,1,Early Morning (04-08),No Police Station,No Junction,0.0,375
1078,191_199,12.98755789,77.598558235,3.0,0.10615598619492914,0.14326044020908116,0.0,0.741,20,3,Afternoon (12-16),Shivajinagar,BTP171 - Indian Express (Balekundri),1.0,76
1079,143_221,12.915212614833466,77.63232801055278,3.0,0.10604581253143594,0.14083109233922436,0.05128205128205128,0.753,22,2,Morning Peak (08-12),HSR Layout,No Junction,0.0,182
1080,178_161,12.967241955172414,77.54253256206897,3.0,0.10542097068137382,0.13780519043316838,0.07692307692307693,0.765,29,2,Morning Peak (08-12),Vijayanagara,No Junction,0.0,62
1081,158_171,12.937948171126848,77.5573720172229,3.0,0.10541375516784574,0.12116523582511005,0.23076923076923078,0.87,25,2,Morning Peak (08-12),Basavanagudi,No Junction,0.0,208
1082,228_193,13.042854875,77.59044300000001,3.0,0.10533704043010979,0.14691358497923263,0.07692307692307693,0.717,20,0,Late Night (00-04),Kodigehalli,No Junction,0.0,111
1083,178_196,12.967327434615385,77.59427729615385,3.0,0.10533406218526326,0.1398858727559937,0.15384615384615385,0.753,26,1,Early Morning (04-08),Halasuru Gate,BTP203 - RRMR Junction,1.0,63
1084,165_157,12.948705905,77.53588875,3.0,0.10519266874558005,0.12217499273586532,0.1282051282051282,0.861,20,0,Late Night (00-04),Byatarayanapura,No Junction,0.0,224
1085,182_200,12.973184377272728,77.60033377272727,2.9,0.10422538795007137,0.15672990669183665,0.0,0.665,22,2,Morning Peak (08-12),Cubbon Park,No Junction,0.0,260
1086,171_229,12.957732883870968,77.64455884516128,2.9,0.10419017456572688,0.1620375965252362,0.2564102564102564,0.643,31,2,Morning Peak (08-12),Jeevanbheemanagar,No Junction,0.0,53
1087,212_159,13.019176573913043,77.53952865217391,2.9,0.1037780509865577,0.14216171368021602,0.1794871794871795,0.73,23,1,Early Morning (04-08),Rajajinagar,No Junction,0.0,331
1088,146_230,12.9196682,77.64517230384615,2.9,0.1037220623330113,0.15859642558564419,0.1282051282051282,0.654,26,1,Early Morning (04-08),HSR Layout,No Junction,0.0,189
1089,162_151,12.944133099999998,77.52678718,2.9,0.10343319369352626,0.14286352720100312,0.10256410256410256,0.724,25,0,Late Night (00-04),Byatarayanapura,BTP098 - Nayandahalli Junction,1.0,39
1090,161_215,12.94222556,77.62291205333334,2.9,0.10305165779164817,0.1933426975453061,0.0,0.533,30,1,Early Morning (04-08),Adugodi,No Junction,0.0,217
1091,177_165,12.966203686206898,77.54848729655173,2.9,0.10302424961664855,0.2016130129484316,0.15384615384615385,0.511,29,1,Early Morning (04-08),Magadi Road,No Junction,0.0,62
1092,137_194,12.906302796296295,77.59162295925925,2.9,0.10277006368206901,0.12814222404248005,0.3076923076923077,0.802,27,0,Late Night (00-04),J.P. Nagar,BTP222 - Delmia Circle,1.0,165
1093,170_278,12.955735807142858,77.718302425,2.9,0.10253690687809758,0.12474076262542286,0.3333333333333333,0.822,28,1,Early Morning (04-08),Whitefield,No Junction,0.0,239
1094,141_221,12.912340680229065,77.63277347294662,2.9,0.10246505142542582,0.16852804510760827,0.02564102564102564,0.608,24,2,Morning Peak (08-12),HSR Layout,No Junction,0.0,13
1095,198_172,12.997853699999999,77.55875551904762,2.9,0.10243601493686212,0.14802892331916492,0.5128205128205128,0.692,42,1,Early Morning (04-08),Rajajinagar,No Junction,0.35714285714285715,88
1096,201_304,13.002336780518165,77.75719764617676,2.9,0.10223967006409437,0.1331245703959562,0.6666666666666666,0.768,44,1,Early Morning (04-08),Mahadevapura,No Junction,0.0,312
1097,199_150,12.99960152173913,77.52547948695653,2.9,0.10221533999007668,0.08256489498390684,0.3076923076923077,1.238,23,2,Morning Peak (08-12),Rajajinagar,No Junction,0.0,93
1098,186_180,12.979568596,77.570807856,2.9,0.10189827455098519,0.15051443803690573,0.20512820512820512,0.677,25,0,Late Night (00-04),Chamarajpet,BTP057 - Anand Rao Junction,1.0,48
1099,193_201,12.989761071428573,77.60192124835166,2.9,0.1016790748473982,0.21183140593207958,1.358974358974359,0.48,91,0,Late Night (00-04),Shivajinagar,No Junction,0.0,76
1100,144_186,12.917023272413793,77.57947402068964,2.9,0.10151558339508127,0.16479802499201504,0.28205128205128205,0.616,29,1,Early Morning (04-08),Jayanagara,"BTP176 - Rajalakshmi Kalyana Mantapa, JP Nagar",1.0,17
1101,163_197,12.945539767857143,77.59616123214286,2.8,0.10091659194321116,0.11775564987539226,0.358974358974359,0.857,28,2,Morning Peak (08-12),Wilson Garden,"BTP123 - 10th Cross, Wilson Garden",1.0,43
1102,183_203,12.974969263636364,77.6054094969697,2.8,0.10062577934666708,0.15625121016563212,0.358974358974359,0.644,33,2,Morning Peak (08-12),Cubbon Park,No Junction,0.18181818181818182,69
1103,186_228,12.97912115,77.64272326818183,2.8,0.10031807675644396,0.14796176512749845,0.02564102564102564,0.678,22,2,Morning Peak (08-12),Jeevanbheemanagar,No Junction,0.0,72
1104,154_204,12.93117000967742,77.6071627483871,2.8,0.10007870433174333,0.18229272191574375,0.2564102564102564,0.549,31,3,Afternoon (12-16),Mico Layout,BTP136 - Hosur-Tavarkere Road Junction,0.7096774193548387,31
1105,157_262,12.936224223809523,77.69333064761905,2.8,0.10004020761503678,0.1645398151563105,0.10256410256410256,0.608,21,0,Late Night (00-04),HAL Old Airport,No Junction,0.0,30
1106,180_157,12.971036764285714,77.53653888333334,2.8,0.09993337639664639,0.19710725127543666,0.20512820512820512,0.507,42,2,Morning Peak (08-12),Vijayanagara,"BTP022 - Marenahalli Junction, Vijayanagar",1.0,59
1107,185_160,12.97886192857143,77.54100149047619,2.8,0.0999088541406431,0.12349672946927452,0.1282051282051282,0.809,21,2,Morning Peak (08-12),Magadi Road,BTP067 - Jai Muni Rao Circle,1.0,62
1108,264_200,13.096329537931034,77.60013578620689,2.8,0.09876891510539534,0.22145496660402544,0.05128205128205128,0.446,29,0,Late Night (00-04),Yelahanka,No Junction,0.0,120
1109,119_230,12.879653482352941,77.64541900882352,2.8,0.09862943757826641,0.1685973291936178,0.28205128205128205,0.585,34,0,Late Night (00-04),Hulimavu,No Junction,0.0,3
1110,195_204,12.993323392592593,77.60701854074074,2.8,0.09834687757737684,0.16228857686035783,0.1282051282051282,0.606,27,1,Early Morning (04-08),Pulikeshinagar(F.Town),No Junction,0.0,84
1111,142_216,12.913225053846153,77.62537913846154,2.8,0.09780632586515765,0.16747658538554394,0.1282051282051282,0.584,26,0,Late Night (00-04),HSR Layout,No Junction,0.0,12
1112,225_145,13.03834205,77.5181795939394,2.8,0.09755129959616429,0.07567982901176439,0.0,1.289,22,2,Morning Peak (08-12),Peenya,No Junction,0.0,112
1113,182_217,12.973597311999999,77.626217112,2.8,0.09751614522033569,0.18861923640297037,0.07692307692307693,0.517,25,1,Early Morning (04-08),Halasur,No Junction,0.0,69
1114,136_190,12.9047885275,77.5856989225,2.8,0.09740257433171734,0.09197599087036576,0.5384615384615384,1.059,40,2,Morning Peak (08-12),J.P. Nagar,"BTP221 - 15th Cross, 24th Main, JP Nagar",1.0,159
1115,186_235,12.979536576190478,77.65303374761905,2.7,0.09703987294030274,0.14145754072930428,0.0,0.686,21,1,Early Morning (04-08),Banaswadi,No Junction,0.0,269
1116,130_223,12.895778842857142,77.6357469952381,2.7,0.09694623650136072,0.1812079186941322,0.07692307692307693,0.535,21,0,Late Night (00-04),Madiwala,No Junction,0.0,4
1117,223_178,13.03529535652174,77.56754698695653,2.7,0.09681528682191234,0.1272211390563894,0.28205128205128205,0.761,23,0,Late Night (00-04),Sadashivanagar,No Junction,0.0,344
1118,194_239,12.992088904347826,77.65939384782608,2.7,0.09670679056923694,0.13338867664722337,0.10256410256410256,0.725,23,2,Morning Peak (08-12),Banaswadi,No Junction,0.0,85
1119,189_168,12.984927506451614,77.55344352903226,2.7,0.09655092615368747,0.12890644346286712,0.3333333333333333,0.749,31,2,Morning Peak (08-12),Rajajinagar,BTP061 - Bhashyam Circle,1.0,74
1120,233_220,13.0501532375,77.63027920208333,2.7,0.09647437929718775,0.22332032244719385,0.20512820512820512,0.432,48,3,Afternoon (12-16),Hennuru,No Junction,0.0,365
1121,246_192,13.06987242857143,77.58816963714285,2.7,0.09637643617327622,0.15177391523350586,0.48717948717948717,0.635,35,2,Morning Peak (08-12),Kodigehalli,No Junction,0.0,118
1122,127_226,12.890863993069976,77.63915810977653,2.7,0.09615687914079213,0.12343630184954059,0.07692307692307693,0.779,20,2,Morning Peak (08-12),HSR Layout,No Junction,0.0,4
1123,178_163,12.967886516666665,77.54530064333333,2.7,0.09599626088355429,0.1931514303492038,0.1794871794871795,0.497,30,1,Early Morning (04-08),Magadi Road,No Junction,0.0,62
1124,148_206,12.922585559999998,77.61022971999999,2.7,0.09573131619182632,0.0977847969272996,0.1794871794871795,0.979,20,2,Morning Peak (08-12),Mico Layout,No Junction,0.0,24
1125,184_194,12.977332859782608,77.5912306173913,2.7,0.09549200053745566,0.25808648793906935,1.2820512820512822,0.37,92,0,Late Night (00-04),Cubbon Park,BTP041 - Gopal Gowda Circle,1.0,71
1126,182_162,12.974039042307693,77.54403716153845,2.7,0.09544205460964536,0.15827869752843343,0.10256410256410256,0.603,26,0,Late Night (00-04),Vijayanagara,BTP020 - Hosahalli Metro Station,1.0,62
1127,261_196,13.092885052173914,77.59420877826088,2.7,0.09514212273491854,0.15174182254372973,0.05128205128205128,0.627,23,2,Morning Peak (08-12),Yelahanka,No Junction,0.0,119
1128,175_171,12.963842016666666,77.55704783333333,2.7,0.09514041145908687,0.16291166345734054,0.05128205128205128,0.584,24,1,Early Morning (04-08),Magadi Road,BTP091 - Sirsi Circle,1.0,60
1129,186_300,12.979357953846154,77.75130111153845,2.7,0.0949036863351629,0.15817281055860483,0.1282051282051282,0.6,26,0,Late Night (00-04),Whitefield,No Junction,0.0,270
1130,174_189,12.96155959,77.583992466,2.7,0.0944566644047829,0.1285124685779359,0.7435897435897436,0.735,50,2,Morning Peak (08-12),Halasuru Gate,"BTP168 - MSR Building, JC Road",1.0,48
1131,219_158,13.029741805405404,77.5380022054054,2.7,0.09437147578101174,0.1572857929683529,0.41025641025641024,0.6,37,0,Late Night (00-04),Yeshwanthpura,No Junction,0.0,107
1132,134_195,12.901362550000002,77.59367093823529,2.7,0.09431682569586809,0.23060348580896844,0.07692307692307693,0.409,34,0,Late Night (00-04),J.P. Nagar,No Junction,0.0,154
1133,209_128,13.014151157142857,77.49256017857144,2.7,0.09425053365684673,0.13942386635628212,0.0,0.676,28,3,Afternoon (12-16),Kamakshipalya,No Junction,0.0,328
1134,232_162,13.048981049999998,77.54336718181818,2.7,0.09424263792088886,0.13273610974773078,0.20512820512820512,0.71,22,1,Early Morning (04-08),Jalahalli,No Junction,0.0,360
1135,240_184,13.060461274275802,77.57639986553566,2.7,0.093634966288195,0.14494576824797986,0.4358974358974359,0.646,35,2,Morning Peak (08-12),Kodigehalli,No Junction,0.0,376
1136,322_259,13.184120258064516,77.68917349354838,2.6,0.09335909015107302,0.1335609301159843,0.3076923076923077,0.699,31,2,Morning Peak (08-12),Chikkajala,No Junction,0.0,122
1137,179_178,12.968891481250001,77.567949728125,2.6,0.09332470809201605,0.12854642987881,0.4358974358974359,0.726,32,1,Early Morning (04-08),Chamarajpet,No Junction,0.0,64
1138,206_262,13.009370136904764,77.69306268214285,2.6,0.09320995019620792,0.17788158434390824,1.5128205128205128,0.524,84,2,Morning Peak (08-12),K.R. Pura,No Junction,0.0,99
1139,139_229,12.909533636,77.64452790600001,2.6,0.09317733282255433,0.14766613759517327,0.0,0.631,50,2,Morning Peak (08-12),HSR Layout,No Junction,0.0,170
1140,212_194,13.01872424736842,77.59220016052632,2.6,0.09293133273955767,0.24455613878830965,0.0,0.38,38,1,Early Morning (04-08),R.T. Nagar,No Junction,0.0,102
1141,175_200,12.963121413793104,77.6008884,2.6,0.092886793848939,0.1800131663739128,0.10256410256410256,0.516,29,1,Early Morning (04-08),Ashok Nagar,BTP172 - Nanjappa Circle,1.0,58
1142,140_120,12.911153971037068,77.4802799408272,2.6,0.09244848595175428,0.11717171857003077,0.3333333333333333,0.789,30,2,Morning Peak (08-12),Kengeri,No Junction,0.0,171
1143,172_236,12.959279242047034,77.65488534566414,2.6,0.09242489707074013,0.11910424880250016,0.1794871794871795,0.776,22,2,Morning Peak (08-12),Jeevanbheemanagar,No Junction,0.0,243
1144,173_186,12.960411865789473,77.57990424473684,2.6,0.09208055423357377,0.15875957626478238,0.23076923076923078,0.58,38,0,Late Night (00-04),City Market,BTP167 - JC Road Junction,1.0,48
1145,191_178,12.987244645454545,77.56788844545454,2.6,0.09141342088817743,0.12253809770533167,0.02564102564102564,0.746,22,2,Morning Peak (08-12),Sheshadripuram,No Junction,0.0,287
1146,199_170,12.998657508333332,77.55578538611111,2.6,0.09130469128034858,0.10224489505078228,0.48717948717948717,0.893,36,1,Early Morning (04-08),Malleshwaram,BTP008 - Navarang Theatre,1.0,74
1147,196_205,12.994882692592592,77.60840761481482,2.6,0.0900125452307021,0.19315996830622767,0.07692307692307693,0.466,27,0,Late Night (00-04),Pulikeshinagar(F.Town),No Junction,0.0,84
1148,328_253,13.192629795454547,77.68092389090909,2.5,0.08944047246489034,0.1266862216216577,0.1794871794871795,0.706,22,1,Early Morning (04-08),Devanahalli Airport,No Junction,0.0,121
1149,140_185,12.910984016296313,77.57832454,2.5,0.08914945135796605,0.13148886630968443,0.07692307692307693,0.678,25,2,Morning Peak (08-12),J.P. Nagar,BTP196 - Sarakki Main Road,1.0,174
1150,160_182,12.940509941666667,77.57327173750001,2.5,0.08871422531470394,0.15509479950123067,0.07692307692307693,0.572,24,1,Early Morning (04-08),Basavanagudi,BTP109 - Dewan Madhava Rao Junction,1.0,40
1151,279_206,13.119698125,77.60998470833333,2.5,0.08863479243379681,0.1881842726832204,0.0,0.471,24,0,Late Night (00-04),Yelahanka,No Junction,0.0,392
1152,147_244,12.921294205263159,77.66681738421052,2.5,0.08821521582553599,0.1642741449265102,0.4358974358974359,0.537,38,0,Late Night (00-04),Bellandur,No Junction,0.0,193
1153,180_182,12.970787665,77.57406408,2.5,0.08818869073616796,0.15636292683717726,0.02564102564102564,0.564,20,1,Early Morning (04-08),City Market,BTP043 - Upparpet Junction,1.0,48
1154,137_225,12.905939853571429,77.63856956428572,2.5,0.08790521887517487,0.1283287866790874,0.23076923076923078,0.685,28,1,Early Morning (04-08),HSR Layout,No Junction,0.0,166
1155,173_171,12.96035000909091,77.55727071363636,2.5,0.08768297516101205,0.10475863221148393,0.2564102564102564,0.837,22,1,Early Morning (04-08),Chamarajpet,BTP092 - Bangalore Builders Junction,1.0,52
1156,148_190,12.922856165517242,77.58574934827585,2.5,0.0873601304372983,0.07927416555108738,0.4358974358974359,1.102,29,1,Early Morning (04-08),Jayanagara,"BTP226 - 33rd Cross, 11th Main, Jayanagar",1.0,22
1157,198_207,12.997197487179486,77.61099768974358,2.5,0.0871358105424811,0.21356816309431642,0.20512820512820512,0.408,39,0,Late Night (00-04),Pulikeshinagar(F.Town),No Junction,0.0,84
1158,195_182,12.993412081132076,77.57395558490566,2.5,0.0868015235373914,0.20617939082515774,0.5897435897435898,0.421,53,3,Afternoon (12-16),Sheshadripuram,No Junction,0.0,78
1159,148_212,12.922958753682279,77.61903882739131,2.5,0.08674115677862267,0.12644483495426043,0.05128205128205128,0.686,23,2,Morning Peak (08-12),Madiwala,BTP137 - Madiwala Traffic PS Junction,1.0,25
1160,164_266,12.947223290909092,77.69907507272727,2.5,0.08665515264521775,0.1453945514181506,0.0,0.596,22,2,Morning Peak (08-12),HAL Old Airport,No Junction,0.0,30
1161,136_268,12.90442831050929,77.70224961603009,2.5,0.08661881183588703,0.1014271801356991,0.1282051282051282,0.854,21,2,Morning Peak (08-12),Bellandur,No Junction,0.0,161
1162,245_153,13.06854769130435,77.53013169782608,2.4,0.08611723613882152,0.17719595913337763,0.4358974358974359,0.486,46,3,Afternoon (12-16),Jalahalli,No Junction,0.0,378
1163,191_194,12.987560799999999,77.59121139166666,2.4,0.08546309071706397,0.11902937425774926,0.2564102564102564,0.718,24,0,Late Night (00-04),Cubbon Park,BTP034 - LRDE Junction,1.0,82
1164,214_167,13.02173996,77.551669005,2.4,0.08532233188752464,0.10638694749067909,0.10256410256410256,0.802,20,3,Afternoon (12-16),Yeshwanthpura,No Junction,0.0,336
1165,102_241,12.854323651724139,77.6621129448276,2.4,0.08494290320022609,0.1538820710149023,0.0,0.552,29,2,Morning Peak (08-12),Electronic City,No Junction,0.0,128
1166,145_197,12.917927479310345,77.59689013793104,2.4,0.08492296608442841,0.10641975699803058,0.23076923076923078,0.798,29,0,Late Night (00-04),Jayanagara,"BTP202 - East End Main Road, Jayanagar",1.0,18
1167,145_248,12.917770641666666,77.6723825875,2.4,0.08453605745414151,0.12163461504193024,0.2564102564102564,0.695,24,3,Afternoon (12-16),Bellandur,No Junction,0.0,19
1168,191_168,12.98749578,77.55228255,2.4,0.08429543098224318,0.13191773236657775,0.1282051282051282,0.639,20,0,Late Night (00-04),Rajajinagar,"BTP210 - 50th cross, 12th Main , Rajajinagar",1.0,74
1169,307_217,13.16133968095238,77.62652209047619,2.4,0.08395890352917885,0.11361150680538411,0.02564102564102564,0.739,21,2,Morning Peak (08-12),Chikkajala,No Junction,0.0,399
1170,183_274,12.97503772,77.71113806,2.4,0.0838584790911637,0.12842033551479892,0.0,0.653,20,0,Late Night (00-04),HAL Old Airport,No Junction,0.0,70
1171,120_229,12.881081177777778,77.64449071481482,2.4,0.08368552764000681,0.14733367542254722,0.1794871794871795,0.568,27,0,Late Night (00-04),Hulimavu,No Junction,0.0,3
1172,190_272,12.985501883333333,77.70827799666667,2.4,0.0836309042626782,0.0696924202188985,0.41025641025641024,1.2,30,2,Morning Peak (08-12),Mahadevapura,No Junction,0.0,283
1173,156_205,12.935431907692307,77.60818384615385,2.4,0.08330026354866647,0.133923253293676,0.0,0.622,26,0,Late Night (00-04),Mico Layout,BTP136 - Hosur-Tavarkere Road Junction,1.0,35
1174,156_145,12.935322996428571,77.5179942482143,2.4,0.08329872937895451,0.14901382715376477,0.8205128205128205,0.559,56,1,Early Morning (04-08),Byatarayanapura,No Junction,0.0,202
1175,194_159,12.99207852121212,77.53859265151516,2.4,0.0831966274983503,0.10258523735924821,0.3076923076923077,0.811,33,0,Late Night (00-04),Vijayanagara,BTP207 - 8th Main Road Basaveshwara Nagar,1.0,80
1176,231_185,13.047809037037037,77.578086,2.3,0.08199569593012059,0.15297704464574735,0.1794871794871795,0.536,27,2,Morning Peak (08-12),Kodigehalli,No Junction,0.0,113
1177,183_169,12.975477313280432,77.55405140945061,2.3,0.08145007127054299,0.12031029729770013,0.48717948717948717,0.677,34,1,Early Morning (04-08),Magadi Road,BTP071 - Prasanna Junction,1.0,62
1178,138_223,12.90734426521739,77.63530066521739,2.3,0.08096497127685658,0.12552708725094042,0.02564102564102564,0.645,23,1,Early Morning (04-08),HSR Layout,No Junction,0.0,7
1179,200_210,13.000540026086956,77.61563758695652,2.3,0.08091495367618882,0.13485825612698138,0.07692307692307693,0.6,23,3,Afternoon (12-16),Pulikeshinagar(F.Town),No Junction,0.0,308
1180,142_217,12.91309801111111,77.62558174814815,2.3,0.08085103556495785,0.1251564018033403,0.3076923076923077,0.646,27,3,Afternoon (12-16),HSR Layout,No Junction,0.0,12
1181,167_204,12.951518001923079,77.60729361538462,2.3,0.08016749819941464,0.09214654965449959,0.8717948717948718,0.87,52,2,Morning Peak (08-12),Ashok Nagar,BTP132 - Anepalya Junction,1.0,231
1182,178_276,12.967328987878789,77.71450748181819,2.3,0.0798007625521762,0.13830288137292238,0.3076923076923077,0.577,33,1,Early Morning (04-08),HAL Old Airport,No Junction,0.0,51
1183,191_202,12.987250325962636,77.60402299994908,2.3,0.07970236072669806,0.1438670771240037,0.2564102564102564,0.554,34,3,Afternoon (12-16),Shivajinagar,No Junction,0.0,76
1184,162_190,12.943643344,77.58569130400001,2.3,0.07964763103030888,0.095961001241336,0.3076923076923077,0.83,25,2,Morning Peak (08-12),Wilson Garden,No Junction,0.0,219
1185,138_218,12.908103948148149,77.62832921111111,2.3,0.07953005720412283,0.08625819653375577,0.358974358974359,0.922,27,2,Morning Peak (08-12),Madiwala,No Junction,0.0,7
1186,156_215,12.934758413636365,77.62322563636364,2.3,0.07940848152296758,0.1371476364818093,0.07692307692307693,0.579,22,2,Morning Peak (08-12),Adugodi,No Junction,0.0,34
1187,142_120,12.914141557478892,77.48131796024461,2.3,0.07906489286776536,0.12961457847174648,0.3333333333333333,0.61,29,1,Early Morning (04-08),Kengeri,No Junction,0.0,179
1188,236_309,13.055170111538462,77.76449870769231,2.3,0.07890806836469952,0.10959453939541601,0.0,0.72,26,2,Morning Peak (08-12),K.R. Pura,No Junction,0.0,371
1189,185_224,12.978202711538462,77.63660777307692,2.2,0.07885430071747701,0.13098721049414785,0.15384615384615385,0.602,26,2,Morning Peak (08-12),Jeevanbheemanagar,No Junction,0.0,72
1190,115_196,12.87297133398011,77.59429457121547,2.2,0.07852344428656852,0.19059088419070028,0.23076923076923078,0.412,35,0,Late Night (00-04),Hulimavu,No Junction,0.0,135
1191,199_125,12.999521234374999,77.48873265,2.2,0.07847316287528922,0.11608456046640415,0.46153846153846156,0.676,32,2,Morning Peak (08-12),Kamakshipalya,No Junction,0.0,302
1192,197_174,12.996783191304347,77.56170797391304,2.2,0.07844148313172333,0.11975798951408141,0.1794871794871795,0.655,23,2,Morning Peak (08-12),Malleshwaram,No Junction,0.0,88
1193,183_214,12.975058709999999,77.621444425,2.2,0.07836520804993323,0.1114725576812706,0.07692307692307693,0.703,20,2,Morning Peak (08-12),Halasur,No Junction,0.0,69
1194,171_272,12.95671986764706,77.70867776764706,2.2,0.07812150216873541,0.16377673410636354,0.28205128205128205,0.477,34,0,Late Night (00-04),HAL Old Airport,No Junction,0.0,242
1195,171_179,12.957393870091868,77.56907698003396,2.2,0.07807144673954199,0.10768475412350619,0.6923076923076923,0.725,43,2,Morning Peak (08-12),V.V.Puram (C.Pet),BTP217 - Baleyele Junction,1.0,48
1196,161_150,12.942316076,77.52550072,2.2,0.07724852527888623,0.0694680982723797,0.38461538461538464,1.112,25,2,Morning Peak (08-12),Byatarayanapura,BTP098 - Nayandahalli Junction,0.76,39
1197,192_211,12.988339696875,77.617528228125,2.2,0.07724387325822864,0.12788720738117323,0.41025641025641024,0.604,32,2,Morning Peak (08-12),Pulikeshinagar(F.Town),No Junction,0.0,81
1198,170_274,12.95616315,77.711511165,2.2,0.07677902206390547,0.11476684912392446,0.05128205128205128,0.669,20,1,Early Morning (04-08),HAL Old Airport,No Junction,0.0,238
1199,159_217,12.939248821428572,77.6257487857143,2.2,0.07669724368367165,0.14150782967467093,0.20512820512820512,0.542,28,0,Late Night (00-04),Adugodi,No Junction,0.0,38
1200,212_168,13.019002603571428,77.5532614142857,2.2,0.07610873479262517,0.13329025357727703,0.3076923076923077,0.571,28,0,Late Night (00-04),Yeshwanthpura,No Junction,0.0,332
1201,236_308,13.05451060714286,77.7628191404762,2.2,0.07597823143223878,0.11983948175431984,0.02564102564102564,0.634,42,2,Morning Peak (08-12),K.R. Pura,No Junction,0.0,370
1202,192_201,12.988932181632654,77.60243042857144,2.2,0.0756658876551903,0.13757434119125508,0.38461538461538464,0.55,49,3,Afternoon (12-16),Shivajinagar,No Junction,0.0,76
1203,148_246,12.922713258064515,77.66972997419356,2.2,0.07536889143648264,0.14954145126286236,0.23076923076923078,0.504,31,1,Early Morning (04-08),Bellandur,No Junction,0.0,23
1204,195_197,12.993275619047619,77.59585631904763,2.1,0.07444580738752218,0.11144581944239847,0.20512820512820512,0.668,21,1,Early Morning (04-08),High ground,No Junction,0.0,298
1205,172_169,12.958216649999999,77.55431572307693,2.1,0.07429802794391384,0.08823993817566965,0.3076923076923077,0.842,26,0,Late Night (00-04),Chamarajpet,BTP092 - Bangalore Builders Junction,1.0,52
1206,205_305,13.008850699999998,77.75873020416667,2.1,0.07425949032481877,0.17071147201107761,0.0,0.435,24,1,Early Morning (04-08),Mahadevapura,No Junction,0.0,320
1207,166_148,12.949867493333333,77.52259779666666,2.1,0.07400758731353962,0.06266518824177783,0.1794871794871795,1.181,30,2,Morning Peak (08-12),Byatarayanapura,No Junction,0.0,227
1208,245_217,13.06879189512195,77.6259800804878,2.1,0.0735800268044446,0.16760826151354122,0.3333333333333333,0.439,41,3,Afternoon (12-16),Hennuru,No Junction,0.0,379
1209,141_181,12.91198818,77.57289567000001,2.1,0.07352565446352337,0.13271778784029487,0.1282051282051282,0.554,20,0,Late Night (00-04),K.S. Layout,"BTP117 - 9th Cross, Kanakapura Road",1.0,176
1210,150_166,12.92581281,77.54999010666667,2.1,0.07297041009739669,0.0906464721706791,0.41025641025641024,0.805,30,2,Morning Peak (08-12),Banashankari,BTP155 - Katriguppe Junction,1.0,26
1211,193_202,12.990135515384615,77.60376898846154,2.1,0.0724170814123544,0.10541059885349985,0.2564102564102564,0.687,26,2,Morning Peak (08-12),Shivajinagar,No Junction,0.0,76
1212,138_250,12.907778088204878,77.67589746328737,2.1,0.07221162826403268,0.120755231210757,0.28205128205128205,0.598,28,3,Afternoon (12-16),Bellandur,No Junction,0.0,168
1213,172_186,12.958995875,77.579286840625,2.0,0.07158694517116072,0.136616307578551,0.3076923076923077,0.524,32,1,Early Morning (04-08),City Market,BTP167 - JC Road Junction,1.0,48
1214,180_194,12.970571872,77.59218194,2.0,0.07134466263319164,0.08711192018704719,0.28205128205128205,0.819,25,0,Late Night (00-04),Halasuru Gate,BTP063 - Siddalingaiah Circle,1.0,65
1215,148_187,12.922481320338983,77.58075944576271,2.0,0.07082340566927052,0.15879687369791595,0.5128205128205128,0.446,59,1,Early Morning (04-08),Jayanagara,"BTP190 - 36th Cross, 4th Main, Jayanagar",1.0,21
1216,231_180,13.047348031818181,77.57090897272727,2.0,0.07081916537560719,0.15362074918786808,0.0,0.461,22,0,Late Night (00-04),Kodigehalli,No Junction,0.0,113
1217,228_143,13.042365169565217,77.51464338695652,2.0,0.07065555531428548,0.08627051930926188,0.2564102564102564,0.819,23,2,Morning Peak (08-12),Chikkabanavara,No Junction,0.0,349
1218,190_195,12.9854917,77.5937691,2.0,0.07056211249722258,0.08501459337014769,0.5897435897435898,0.83,37,1,Early Morning (04-08),Cubbon Park,BTP166 - Coffee Board Junction,1.0,281
1219,173_175,12.960296832142857,77.5628983892857,2.0,0.07040648866178915,0.07280919199771371,0.41025641025641024,0.967,28,0,Late Night (00-04),Chamarajpet,"BTP089 - Police Quarters, Sultan Road",1.0,56
1220,193_206,12.990159940000002,77.609171755,2.0,0.0700420468827072,0.11993501178545753,0.10256410256410256,0.584,20,3,Afternoon (12-16),Pulikeshinagar(F.Town),No Junction,0.0,76
1221,218_174,13.028328303276368,77.56187998598634,2.0,0.06828046338909363,0.0844010672300292,0.2564102564102564,0.809,20,2,Morning Peak (08-12),Yeshwanthpura,No Junction,0.0,338
1222,173_182,12.959976344,77.573877032,2.0,0.06822332921768884,0.07084457862688354,0.3076923076923077,0.963,25,1,Early Morning (04-08),V.V.Puram (C.Pet),BTP104 - Medical College Circle,1.0,48
1223,158_268,12.937149850633766,77.70244801426908,1.9,0.06783477068430255,0.11635466669691691,0.07692307692307693,0.583,23,3,Afternoon (12-16),HAL Old Airport,No Junction,0.0,30
1224,151_198,12.927020315625,77.597124703125,1.9,0.06765434693762024,0.06903504789553086,0.10256410256410256,0.98,32,0,Late Night (00-04),Jayanagara,"BTP127 - Sagar Hospital, Jayanagar",1.0,199
1225,224_216,13.036570023809523,77.62516105714286,1.9,0.06705849701185551,0.11308346882269059,0.0,0.593,21,0,Late Night (00-04),K.G. Halli,No Junction,0.0,109
1226,200_256,13.00018658,77.68495349,1.9,0.06696535772040535,0.11852275702726613,0.07692307692307693,0.565,20,1,Early Morning (04-08),Mahadevapura,No Junction,0.0,310
1227,181_195,12.972173864864866,77.5936818891892,1.9,0.06689085892159995,0.1873693527215685,0.3076923076923077,0.357,37,0,Late Night (00-04),Cubbon Park,BTP063 - Siddalingaiah Circle,1.0,65
1228,141_216,12.912713646219874,77.62528132071833,1.9,0.06671144583799452,0.11683265470752105,0.3076923076923077,0.571,25,0,Late Night (00-04),HSR Layout,No Junction,0.0,12
1229,178_194,12.968015603125,77.59209696875,1.9,0.06668139020797767,0.08252647302967532,0.1794871794871795,0.808,32,2,Morning Peak (08-12),Halasuru Gate,BTP203 - RRMR Junction,1.0,63
1230,159_182,12.939833695454546,77.57324941818182,1.9,0.06622402362831023,0.11224410784459361,0.0,0.59,22,1,Early Morning (04-08),Basavanagudi,BTP109 - Dewan Madhava Rao Junction,1.0,40
1231,159_128,12.93950147142857,77.49302706190477,1.9,0.06616653009115502,0.12185364657671272,0.10256410256410256,0.543,21,2,Morning Peak (08-12),Jnanabharathi,No Junction,0.0,212
1232,119_163,12.879465282647093,77.545386367528,1.9,0.0661641015801933,0.09589000229013522,0.358974358974359,0.69,29,1,Early Morning (04-08),Thalagattapura,No Junction,0.0,140
1233,193_171,12.990484727272728,77.55710720909092,1.9,0.06576787341864279,0.08378073046960866,0.3076923076923077,0.785,22,0,Late Night (00-04),Rajajinagar,BTP006 - Navarang Bar Junction,1.0,74
1234,148_247,12.923068138095237,77.67101175238095,1.9,0.0648825219760235,0.11565511938685114,0.10256410256410256,0.561,21,1,Early Morning (04-08),Bellandur,No Junction,0.0,23
1235,158_217,12.937505652,77.626692044,1.9,0.06476323405736986,0.14652315397594992,0.1794871794871795,0.442,25,1,Early Morning (04-08),Adugodi,No Junction,0.0,38
1236,213_170,13.01982663,77.55590514333333,1.9,0.06476013874527933,0.10811375416574179,0.48717948717948717,0.599,30,2,Morning Peak (08-12),Yeshwanthpura,No Junction,0.0,101
1237,199_198,12.999510115384615,77.59721968461538,1.8,0.06440984292933476,0.13118094282960235,0.0,0.491,26,1,Early Morning (04-08),R.T. Nagar,No Junction,0.0,90
1238,180_238,12.971431926470588,77.65816511764706,1.8,0.0642947158325468,0.13826820609149848,0.4358974358974359,0.465,34,1,Early Morning (04-08),Jeevanbheemanagar,No Junction,0.0,255
1239,159_149,12.939546595,77.523894835,1.8,0.06397808248983503,0.08728251362869717,0.20512820512820512,0.733,20,3,Afternoon (12-16),Byatarayanapura,No Junction,0.0,39
1240,149_183,12.92465761817564,77.57525355326405,1.8,0.06377707719726822,0.09310522218579301,0.0,0.685,33,2,Morning Peak (08-12),Banashankari,"BTP114 - KR Road Junction, Near JSS",1.0,197
1241,185_264,12.978780203571429,77.69647561785713,1.8,0.06371816297766032,0.12898413558230834,0.28205128205128205,0.494,28,0,Late Night (00-04),Mahadevapura,No Junction,0.0,73
1242,190_181,12.985365272727273,77.57245958181818,1.8,0.06359912591990458,0.0950659580267632,0.23076923076923078,0.669,22,2,Morning Peak (08-12),Sheshadripuram,No Junction,0.0,78
1243,230_148,13.046111700551208,77.52249587372562,1.8,0.06288009565063128,0.1438903790632295,0.1794871794871795,0.437,25,0,Late Night (00-04),Jalahalli,No Junction,0.0,352
1244,214_152,13.021151318181818,77.5284693590909,1.8,0.06284942756711469,0.07875868116179785,0.2564102564102564,0.798,22,2,Morning Peak (08-12),Yeshwanthpura,No Junction,0.0,335
1245,189_272,12.984101999999998,77.70853850357142,1.8,0.06232582188269547,0.09006621659349057,0.2564102564102564,0.692,28,1,Early Morning (04-08),Mahadevapura,No Junction,0.0,278
1246,207_189,13.010955005405407,77.5836821054054,1.8,0.06224768260319293,0.05795873612960235,0.6923076923076923,1.074,37,2,Morning Peak (08-12),Sadashivanagar,BTP030 - Mekhri Circle,1.0,324
1247,172_233,12.958765473695147,77.6495803531915,1.8,0.06223871997581399,0.14961230763416825,0.6410256410256411,0.416,47,2,Morning Peak (08-12),Jeevanbheemanagar,No Junction,0.0,53
1248,125_226,12.888106390560818,77.64008226881644,1.8,0.062124075916069076,0.12326205538902595,0.3333333333333333,0.504,26,0,Late Night (00-04),Hulimavu,No Junction,0.0,4
1249,134_240,12.90159443809524,77.66050787619048,1.8,0.06210561809875712,0.11090288946206628,0.15384615384615385,0.56,21,2,Morning Peak (08-12),Bellandur,No Junction,0.0,155
1250,144_190,12.916738623529412,77.58585219999999,1.8,0.06202668423743789,0.0671284461444133,0.5641025641025641,0.924,34,2,Morning Peak (08-12),Jayanagara,"BTP177 - Aurobindo Circle, ORR",1.0,11
1251,177_164,12.966787855555557,77.54715225555556,1.8,0.06198356049385771,0.10989992995364843,0.28205128205128205,0.564,27,0,Late Night (00-04),Magadi Road,No Junction,0.0,62
1252,154_259,12.93221184624823,77.6888516703455,1.8,0.06184336221744969,0.0854190085876377,0.2564102564102564,0.724,25,1,Early Morning (04-08),HAL Old Airport,No Junction,0.0,30
1253,226_192,13.03970117777778,77.58937485555555,1.8,0.061794993372758365,0.09087499025405642,0.3333333333333333,0.68,27,1,Early Morning (04-08),Kodigehalli,No Junction,0.0,111
1254,149_233,12.924396223809524,77.64995559047618,1.8,0.06095467458657509,0.16474236374750023,0.0,0.37,21,0,Late Night (00-04),HSR Layout,No Junction,0.0,198
1255,213_237,13.02042226,77.656659015,1.8,0.060919207245502136,0.11537728644981464,0.10256410256410256,0.528,20,0,Late Night (00-04),Hennuru,No Junction,0.0,334
1256,189_209,12.984123579999999,77.61410773333334,1.7,0.06014687416242277,0.0977997953860533,0.38461538461538464,0.615,30,1,Early Morning (04-08),Pulikeshinagar(F.Town),No Junction,0.0,276
1257,158_128,12.937673833333333,77.4926896857143,1.7,0.05957423840613868,0.08547236500163369,0.02564102564102564,0.697,21,2,Morning Peak (08-12),Kengeri,No Junction,0.0,206
1258,145_246,12.918674565625,77.669789625,1.7,0.05919105808303122,0.11274487253910707,0.5384615384615384,0.525,32,2,Morning Peak (08-12),Bellandur,No Junction,0.0,19
1259,147_187,12.921752745000001,77.580669085,1.7,0.05898464994739557,0.10862734796942093,0.02564102564102564,0.543,20,2,Morning Peak (08-12),Jayanagara,"BTP190 - 36th Cross, 4th Main, Jayanagar",1.0,21
1260,142_244,12.913777141666666,77.66655255416667,1.7,0.05897895878369674,0.15122809944537624,0.15384615384615385,0.39,24,1,Early Morning (04-08),Bellandur,No Junction,0.0,180
1261,192_205,12.988803449999999,77.60888001944444,1.7,0.05868809823384329,0.11667613962990714,0.46153846153846156,0.503,36,3,Afternoon (12-16),Pulikeshinagar(F.Town),No Junction,0.0,76
1262,197_178,12.996794736,77.56824089599999,1.7,0.05867001130219489,0.08527617921830653,0.3076923076923077,0.688,25,2,Morning Peak (08-12),Malleshwaram,No Junction,0.0,78
1263,161_177,12.941698545833333,77.566822875,1.7,0.05864251384942054,0.08912236147328349,0.3076923076923077,0.658,24,1,Early Morning (04-08),Basavanagudi,No Junction,0.0,41
1264,191_201,12.987506846153847,77.6019628923077,1.7,0.058432607743599,0.13716574587699296,0.10256410256410256,0.426,26,0,Late Night (00-04),Shivajinagar,No Junction,0.0,76
1265,104_192,12.857070259403962,77.58895029966695,1.7,0.05786814679394899,0.08649947203878773,0.1794871794871795,0.669,21,2,Morning Peak (08-12),Hulimavu,No Junction,0.0,131
1266,172_180,12.95867686,77.570786675,1.7,0.05747456246329858,0.06336776456813514,0.20512820512820512,0.907,20,2,Morning Peak (08-12),V.V.Puram (C.Pet),BTP212 - Minto Junction,1.0,48
1267,178_195,12.967741384848486,77.59303846969696,1.6,0.05634713150294858,0.08274174963722258,0.10256410256410256,0.681,33,1,Early Morning (04-08),Halasuru Gate,BTP203 - RRMR Junction,1.0,63
1268,233_138,13.050168264705881,77.5077196882353,1.6,0.05492864328498317,0.0995084117481579,0.48717948717948717,0.552,34,3,Afternoon (12-16),Chikkabanavara,No Junction,0.0,362
1269,281_208,13.121723285714287,77.61279385238096,1.6,0.05481653697750567,0.10854759797525876,0.15384615384615385,0.505,21,0,Late Night (00-04),Yelahanka,No Junction,0.0,396
1270,150_167,12.92637205,77.55062209666667,1.6,0.054673657566330136,0.07358500345401095,0.6153846153846154,0.743,30,0,Late Night (00-04),Banashankari,BTP155 - Katriguppe Junction,1.0,26
1271,210_162,13.0159543,77.54392417142857,1.6,0.05454083526853691,0.10715291801284266,0.1794871794871795,0.509,21,0,Late Night (00-04),Rajajinagar,No Junction,0.0,329
1272,159_185,12.938772555999998,77.578378564,1.6,0.05395712711378789,0.10010598722409626,0.20512820512820512,0.539,25,1,Early Morning (04-08),Basavanagudi,"BTP186 - 9th Cross, 4th Main, Jayanagar",1.0,37
1273,166_197,12.950027659090908,77.59646989545455,1.6,0.0537870982972401,0.0628353952070562,0.358974358974359,0.856,22,2,Morning Peak (08-12),Wilson Garden,BTP122 - Siddapura Junction,1.0,44
1274,219_187,13.029311768181817,77.58092817727272,1.6,0.053767405922917365,0.05169942877203593,0.46153846153846156,1.04,22,2,Morning Peak (08-12),Kodigehalli,No Junction,0.0,339
1275,146_187,12.91993752142857,77.58080773214286,1.5,0.05331046236743225,0.09872307845820785,0.3333333333333333,0.54,28,0,Late Night (00-04),Jayanagara,"BTP191 - 40th Cross, 4th Main, Jayanagar",1.0,21
1276,207_137,13.011033146153846,77.50649015,1.5,0.05271681189021184,0.06268348619525783,0.41025641025641024,0.841,26,2,Morning Peak (08-12),Peenya,No Junction,0.0,321
1277,135_216,12.903099628571429,77.6248345047619,1.5,0.05264732368588873,0.07038412257471756,0.28205128205128205,0.748,21,3,Afternoon (12-16),Madiwala,No Junction,0.0,156
1278,170_272,12.956345794999999,77.70872528,1.5,0.05257935246074956,0.0900331377752561,0.15384615384615385,0.584,20,0,Late Night (00-04),HAL Old Airport,No Junction,0.0,237
1279,179_185,12.96854962962963,77.57812857037037,1.5,0.051248306481933466,0.07718118446074317,0.46153846153846156,0.664,27,3,Afternoon (12-16),City Market,BTP082 - KR Market Junction,0.6296296296296297,48
1280,265_184,13.098641786956522,77.57732423913043,1.4,0.04955531608836774,0.12451084444313502,0.0,0.398,23,1,Early Morning (04-08),Yelahanka,No Junction,0.0,388
1281,173_180,12.960545159999999,77.570786908,1.4,0.049484238570608116,0.04914025677319575,0.41025641025641024,1.007,25,1,Early Morning (04-08),V.V.Puram (C.Pet),BTP212 - Minto Junction,1.0,48
1282,195_278,12.993671868,77.717363084,1.4,0.04891434063958947,0.08138825397602242,0.3076923076923077,0.601,25,1,Early Morning (04-08),Mahadevapura,No Junction,0.0,300
1283,140_168,12.911391121286934,77.55205316638208,1.4,0.04890088780384347,0.047942046866513204,0.38461538461538464,1.02,24,0,Late Night (00-04),K.S. Layout,No Junction,0.0,172
1284,199_189,12.999317147368421,77.58384537631578,1.4,0.04826425505569207,0.08004022397295533,0.28205128205128205,0.603,38,2,Morning Peak (08-12),Sadashivanagar,No Junction,0.0,89
1285,113_239,12.870233904347826,77.65922072173913,1.4,0.04779317446728046,0.10837454527727995,0.07692307692307693,0.441,23,0,Late Night (00-04),Electronic City,No Junction,0.0,0
1286,114_236,12.871770126923078,77.6542078423077,1.4,0.047386235350362314,0.07806628558544039,0.1794871794871795,0.607,26,1,Early Morning (04-08),Electronic City,No Junction,0.0,0
1287,192_289,12.988053392647059,77.7339986,1.4,0.047346100359349,0.10663536116970494,1.435897435897436,0.444,68,3,Afternoon (12-16),Mahadevapura,No Junction,0.0,79
1288,221_175,13.032341392592594,77.5638845962963,1.4,0.047074578065084936,0.09340194060532725,0.2564102564102564,0.504,27,1,Early Morning (04-08),Yeshwanthpura,No Junction,0.0,340
1289,230_218,13.045565969230768,77.62732425384615,1.4,0.047010742871867524,0.11466034846796958,0.23076923076923078,0.41,26,3,Afternoon (12-16),Hennuru,No Junction,0.0,354
1290,198_259,12.998126645454546,77.68913783636364,1.3,0.045926049784801186,0.08681672927183588,0.1794871794871795,0.529,22,0,Late Night (00-04),Mahadevapura,No Junction,0.0,301
1291,194_200,12.991295742307692,77.60030041923076,1.3,0.0454746042621615,0.106001408536507,0.2564102564102564,0.429,26,0,Late Night (00-04),Shivajinagar,No Junction,0.0,76
1292,204_186,13.006952845833334,77.57925974583334,1.3,0.04543934032232035,0.06034440945859277,0.38461538461538464,0.753,24,1,Early Morning (04-08),Sadashivanagar,No Junction,0.0,96
1293,181_273,12.972453796296296,77.71039191851851,1.3,0.045324693041768595,0.0772141278394695,0.0,0.587,27,1,Early Morning (04-08),Mahadevapura,No Junction,0.0,70
1294,186_230,12.979640725,77.645821555,1.3,0.04479911301328535,0.09294421786988662,0.23076923076923078,0.482,20,1,Early Morning (04-08),Jeevanbheemanagar,No Junction,0.0,267
1295,122_165,12.883412286363637,77.5488104,1.3,0.04426321269521538,0.0653814072307465,0.2564102564102564,0.677,22,1,Early Morning (04-08),Thalagattapura,No Junction,0.0,142
1296,173_181,12.960554152,77.57191930799999,1.3,0.043999646783452445,0.05736590193409706,0.3076923076923077,0.767,25,2,Morning Peak (08-12),V.V.Puram (C.Pet),BTP212 - Minto Junction,1.0,48
1297,224_182,13.037094055,77.57438634500001,1.3,0.043992251272733846,0.061270544948097284,0.1794871794871795,0.718,20,2,Morning Peak (08-12),Kodigehalli,No Junction,0.0,110
1298,168_278,12.952319496551725,77.71752903448275,1.3,0.043727649734198605,0.0477897811302717,0.4358974358974359,0.915,29,2,Morning Peak (08-12),Whitefield,No Junction,0.0,45
1299,173_153,12.960441054545454,77.52976878181818,1.3,0.043549211875794074,0.07469847663086462,0.0,0.583,22,0,Late Night (00-04),Byatarayanapura,BTP017 - Attiguppe Circle,1.0,55
1300,118_231,12.877248527272727,77.64700507575758,1.3,0.043478477100778616,0.08007086022242839,0.5897435897435898,0.543,33,0,Late Night (00-04),Hulimavu,No Junction,0.0,2
1301,190_119,12.98550992917839,77.47951004217391,1.2,0.0429195886275202,0.05453569075923786,0.3333333333333333,0.787,23,3,Afternoon (12-16),Kamakshipalya,No Junction,0.0,279
1302,185_275,12.977895546341465,77.71315105121951,1.2,0.04247463026914255,0.08168198128681259,0.02564102564102564,0.52,41,1,Early Morning (04-08),Mahadevapura,No Junction,0.0,264
1303,244_196,13.066836868181817,77.59430836363636,1.2,0.042295114332810385,0.13054047633583452,0.0,0.324,22,1,Early Morning (04-08),Hebbala,No Junction,0.0,118
1304,117_198,12.876305613793104,77.59745435862068,1.2,0.042211243759836765,0.06808265122554318,0.3333333333333333,0.62,29,3,Afternoon (12-16),Hulimavu,No Junction,0.0,1
1305,183_199,12.975702195238094,77.59956136190476,1.2,0.04186916071873227,0.0761257467613314,0.05128205128205128,0.55,21,1,Early Morning (04-08),Cubbon Park,No Junction,0.0,261
1306,204_178,13.006838207692308,77.56813702307691,1.2,0.04130980895851569,0.08052594338891947,0.0,0.513,26,1,Early Morning (04-08),Malleshwaram,No Junction,0.0,78
1307,155_215,12.933435230434782,77.6229952478261,1.2,0.04100500164949884,0.06700163668218766,0.3076923076923077,0.612,23,2,Morning Peak (08-12),Adugodi,No Junction,0.0,34
1308,154_215,12.931578113333332,77.62310243666666,1.2,0.040090683338515995,0.054619459589258845,0.48717948717948717,0.734,30,1,Early Morning (04-08),Adugodi,No Junction,0.0,34
1309,169_182,12.954608356521737,77.57379180434783,1.2,0.03978167303342079,0.07219904361782357,0.358974358974359,0.551,23,1,Early Morning (04-08),V.V.Puram (C.Pet),BTP106 - VV Puram College,1.0,234
1310,156_207,12.93511125,77.61176784583334,1.1,0.03877709031542033,0.02803838779133791,0.46153846153846156,1.383,24,2,Morning Peak (08-12),Adugodi,BTP135 - UCO Bank Junction,1.0,33
1311,178_178,12.967402159999999,77.568069768,1.1,0.038776955709401324,0.06986838866558796,0.358974358974359,0.555,25,0,Late Night (00-04),Chamarajpet,BTP085 - Briyand Circle,0.92,64
1312,164_192,12.946194593333333,77.5883005,1.1,0.03867393307383292,0.08890559327317912,0.46153846153846156,0.435,30,2,Morning Peak (08-12),Wilson Garden,No Junction,0.0,42
1313,151_213,12.92709312,77.62069528,1.1,0.038612624907077564,0.062379038622096226,0.3333333333333333,0.619,25,1,Early Morning (04-08),Madiwala,No Junction,0.0,25
1314,198_209,12.9970892425,77.61440249,1.1,0.0386091487360196,0.14352843396289813,1.5384615384615385,0.269,80,0,Late Night (00-04),Pulikeshinagar(F.Town),No Junction,0.0,84
1315,215_224,13.022767730156621,77.63724896365669,1.1,0.03814823708151757,0.08151332709725977,0.05128205128205128,0.468,20,3,Afternoon (12-16),Banaswadi,No Junction,0.0,104
1316,122_197,12.884067227272727,77.59627571363636,1.1,0.03811388716325833,0.05421605570876008,0.02564102564102564,0.703,22,3,Afternoon (12-16),J.P. Nagar,No Junction,0.0,143
1317,232_132,13.048648155185186,77.4985022562963,1.1,0.03798379689247991,0.07783564936983588,0.3076923076923077,0.488,27,1,Early Morning (04-08),Chikkabanavara,No Junction,0.0,359
1318,105_192,12.857967199949274,77.58904821590635,1.1,0.037889607476780954,0.06589496952483645,0.358974358974359,0.575,26,1,Early Morning (04-08),Hulimavu,No Junction,0.0,132
1319,147_200,12.921005941176471,77.60059375588236,1.1,0.037311977220867924,0.05875901924546129,0.6153846153846154,0.635,34,0,Late Night (00-04),Mico Layout,BTP128 - Gorappanapalya Junction,1.0,190
1320,238_115,13.057334833333332,77.47313015238095,1.1,0.037262125201089784,0.04771078770946195,0.38461538461538464,0.781,21,2,Morning Peak (08-12),No Police Station,No Junction,0.0,373
1321,197_261,12.996643778154791,77.69256649446744,1.1,0.03713606596626348,0.0764116583667973,0.10256410256410256,0.486,48,0,Late Night (00-04),Mahadevapura,No Junction,0.0,87
1322,190_289,12.98600753962264,77.73377238113208,1.1,0.036976180910343895,0.08108811603145591,1.0,0.456,53,1,Early Morning (04-08),Whitefield,No Junction,0.0,79
1323,164_191,12.94630745738319,77.58787465121118,1.1,0.036876129503821235,0.11452214131621502,1.1025641025641026,0.322,62,0,Late Night (00-04),Wilson Garden,No Junction,0.0,42
1324,163_191,12.94565615652174,77.58719239130436,1.1,0.03628349275916122,0.12775877732099022,0.3076923076923077,0.284,23,0,Late Night (00-04),Wilson Garden,No Junction,0.0,42
1325,172_181,12.958351293333333,77.57194993,1.1,0.03609392167923271,0.03827563274573989,0.5384615384615384,0.943,30,0,Late Night (00-04),V.V.Puram (C.Pet),BTP105 - Shivasankara Circle,1.0,48
1326,116_160,12.874230595454547,77.54081842272727,1.1,0.03608860694502559,0.05177705444049582,0.28205128205128205,0.697,22,1,Early Morning (04-08),Thalagattapura,No Junction,0.0,136
1327,125_227,12.887872237910157,77.64114452741676,1.0,0.034775778317680715,0.07510967239239895,0.7692307692307693,0.463,42,0,Late Night (00-04),Hulimavu,No Junction,0.0,4
1328,155_221,12.932645163636364,77.63160573636364,1.0,0.034744117196461255,0.0777273315357075,0.1794871794871795,0.447,22,1,Early Morning (04-08),Adugodi,No Junction,0.0,32
1329,190_296,12.985567868421052,77.74524711052631,0.9,0.032465730612425296,0.0363558013576991,0.6923076923076923,0.893,38,2,Morning Peak (08-12),Whitefield,No Junction,0.0,284
1330,223_289,13.034728214285714,77.73416345714286,0.9,0.031738884453450265,0.11931911448665514,0.0,0.266,21,0,Late Night (00-04),K.R. Pura,No Junction,0.0,345
1331,160_216,12.940429420000001,77.62494513499999,0.9,0.031683484666948356,0.06902719971012714,0.05128205128205128,0.459,20,3,Afternoon (12-16),Adugodi,No Junction,0.0,38
1332,203_186,13.00565190952381,77.58014108095237,0.9,0.030599661990357564,0.032414896176226234,0.38461538461538464,0.944,21,2,Morning Peak (08-12),Sadashivanagar,No Junction,0.0,96
1333,153_186,12.930354815384616,77.57977706153846,0.9,0.03047172723199302,0.04073760325132757,0.5384615384615384,0.748,26,1,Early Morning (04-08),Jayanagara,"BTP188 - 27th Cross, 4th Main, Jayanagar",1.0,22
1334,93_234,12.840423280952379,77.65194098571429,0.9,0.03044119397325017,0.04974051302818655,0.3333333333333333,0.612,21,1,Early Morning (04-08),Electronic City,No Junction,0.0,126
1335,183_212,12.975098835,77.618710025,0.9,0.02978822531502213,0.04348646031390092,0.2564102564102564,0.685,20,1,Early Morning (04-08),Halasur,No Junction,0.0,69
1336,227_145,13.040723281818181,77.51853067727274,0.8,0.028773555935980688,0.059820282611186465,0.3333333333333333,0.481,22,0,Late Night (00-04),Chikkabanavara,No Junction,0.0,112
1337,240_234,13.060479233898306,77.65207519152541,0.8,0.028617724205647444,0.04942612125327711,1.3333333333333333,0.579,59,1,Early Morning (04-08),Hennuru,No Junction,0.0,377
1338,237_196,13.055722338095238,77.59428697619049,0.8,0.028315274962309993,0.08477627234224548,0.0,0.334,21,1,Early Morning (04-08),Hebbala,No Junction,0.0,372
1339,207_179,13.01138071304348,77.56900903043478,0.8,0.0278675649562729,0.047474556995354175,0.2564102564102564,0.587,23,1,Early Morning (04-08),Malleshwaram,No Junction,0.0,323
1340,158_207,12.937465656521738,77.61070166521739,0.8,0.027827567887490925,0.04354861954223932,0.38461538461538464,0.639,23,1,Early Morning (04-08),Adugodi,BTP136 - Hosur-Tavarkere Road Junction,1.0,33
1341,169_181,12.954009992307693,77.57222016923077,0.8,0.02582855937427558,0.06179081190018081,0.20512820512820512,0.418,26,0,Late Night (00-04),V.V.Puram (C.Pet),BTP106 - VV Puram College,1.0,233
1342,176_277,12.964697461111111,77.71645081666666,0.8,0.025761572894275726,0.06047317580815898,0.5384615384615384,0.426,36,1,Early Morning (04-08),HAL Old Airport,No Junction,0.0,51
1343,188_301,12.983078591666667,77.75209816666667,0.7,0.024954956639925023,0.03274928692903546,0.7692307692307693,0.762,36,2,Morning Peak (08-12),Whitefield,No Junction,0.0,273
1344,138_201,12.908236103797469,77.60198777974684,0.7,0.02419115217476583,0.04471562324355976,1.7435897435897436,0.541,79,1,Early Morning (04-08),Mico Layout,BTP130 - GD Mara Junction,1.0,9
1345,160_206,12.940213095833334,77.6092963375,0.7,0.024101367509074868,0.04898651932738794,0.38461538461538464,0.492,24,0,Late Night (00-04),Adugodi,BTP133 - Adugodi Junction,1.0,213
1346,172_170,12.958871283333332,77.5556804125,0.7,0.022645004320341496,0.02599885685458266,0.41025641025641024,0.871,24,1,Early Morning (04-08),Chamarajpet,BTP092 - Bangalore Builders Junction,1.0,52
1347,207_157,13.010648495000002,77.5359441,0.6,0.0200548549696953,0.014681445805047802,0.358974358974359,1.366,20,2,Morning Peak (08-12),Rajajinagar,No Junction,0.0,322
1348,151_222,12.927370713157893,77.63332108157894,0.6,0.0198564628420027,0.028819249407841363,0.7692307692307693,0.689,38,2,Morning Peak (08-12),Adugodi,No Junction,0.0,27
1349,172_239,12.958819599016776,77.65974614982754,0.6,0.01969088318771129,0.03478954626804115,0.5897435897435898,0.566,29,1,Early Morning (04-08),Jeevanbheemanagar,No Junction,0.0,245
1350,159_148,12.939130474999999,77.52297225,0.5,0.018635593361760197,0.024076994007442114,0.358974358974359,0.774,20,1,Early Morning (04-08),Byatarayanapura,No Junction,0.0,39
1351,158_155,12.938139685365854,77.53323880731708,0.5,0.017699454276247178,0.026898866681226714,0.8974358974358975,0.658,41,3,Afternoon (12-16),Banashankari,No Junction,0.0,207
1352,209_153,13.014798755555555,77.53034094444445,0.5,0.01763061137103686,0.019374298209930613,0.5384615384615384,0.91,27,3,Afternoon (12-16),Rajajinagar,No Junction,0.0,100
1353,165_181,12.948408341894176,77.57227377473531,0.5,0.017227403136357535,0.0415118147864037,0.3333333333333333,0.415,36,1,Early Morning (04-08),V.V.Puram (C.Pet),BTP107 - National College Junction,1.0,225
1354,92_251,12.83925276153846,77.67780211538462,0.5,0.01696644484877758,0.050495371573742794,0.0,0.336,26,1,Early Morning (04-08),Electronic City,No Junction,0.0,125
1355,136_250,12.904553049999999,77.67597527727273,0.5,0.016579738317249373,0.03356222331426999,0.358974358974359,0.494,22,3,Afternoon (12-16),Bellandur,No Junction,0.0,160
1356,138_164,12.907099826224417,77.54617508446202,0.5,0.01640867390764999,0.03888311352523694,0.3076923076923077,0.422,22,0,Late Night (00-04),K.S. Layout,No Junction,0.0,8
1357,246_194,13.069593212707215,77.59239675846153,0.5,0.01638531288981097,0.025247015238537705,0.9230769230769231,0.649,39,2,Morning Peak (08-12),Kodigehalli,No Junction,0.0,118
1358,122_198,12.884195429944171,77.59794341239204,0.5,0.016363620852677146,0.027688021747338656,0.07692307692307693,0.591,39,2,Morning Peak (08-12),Hulimavu,No Junction,0.0,144
1359,322_260,13.1842933,77.69030257272728,0.5,0.016066370820386304,0.027139139899301192,0.46153846153846156,0.592,22,0,Late Night (00-04),Chikkajala,No Junction,0.0,122
1360,153_221,12.930443723076923,77.63278234615385,0.5,0.016051595761456608,0.020846228261631957,0.5128205128205128,0.77,26,2,Morning Peak (08-12),Adugodi,No Junction,0.0,32
1361,221_215,13.031702426086957,77.62316460869565,0.5,0.01564376584665499,0.02935040496558159,0.41025641025641024,0.533,23,1,Early Morning (04-08),K.G. Halli,No Junction,0.0,341
1362,189_200,12.984432104,77.600709768,0.4,0.012915099053784332,0.0128253218011761,0.5128205128205128,1.007,25,2,Morning Peak (08-12),Shivajinagar,BTP171 - Indian Express (Balekundri),1.0,76
1363,148_215,12.922621311764706,77.62277640980392,0.3,0.011580692402045886,0.03446634643466037,1.1794871794871795,0.336,51,0,Late Night (00-04),Madiwala,BTP137 - Madiwala Traffic PS Junction,1.0,195
1364,130_250,12.895220490909091,77.67585026909092,0.3,0.010409163460028835,0.023929111402365137,1.2307692307692308,0.435,55,2,Morning Peak (08-12),Electronic City,No Junction,0.0,150
1365,129_225,12.894629033549695,77.63772934192016,0.3,0.00929516759146773,0.014322292128609755,0.41025641025641024,0.649,22,1,Early Morning (04-08),HSR Layout,No Junction,0.0,4
1366,199_261,12.999373463636363,77.69239176363637,0.2,0.008180621620266764,0.01715015014730978,0.0,0.477,22,0,Late Night (00-04),Mahadevapura,No Junction,0.0,306
1367,184_193,12.977266628125,77.590233290625,0.2,0.007964054092765974,0.009019313808341986,0.5128205128205128,0.883,32,2,Morning Peak (08-12),Cubbon Park,BTP041 - Gopal Gowda Circle,1.0,71
1368,148_214,12.922462093436245,77.62239369150619,0.1,0.005063398888110161,0.014762095883703093,0.5897435897435898,0.343,26,1,Early Morning (04-08),Madiwala,BTP137 - Madiwala Traffic PS Junction,1.0,194
1369,116_196,12.875322347222223,77.59519074722222,0.1,0.00318164279173061,0.00755734629864753,0.48717948717948717,0.421,36,2,Morning Peak (08-12),Hulimavu,No Junction,0.0,1
1370,166_278,12.950158711904763,77.7176838404762,0.1,0.0022033782909553464,0.0030946324311170595,0.8205128205128205,0.712,42,2,Morning Peak (08-12),Whitefield,No Junction,0.0,45
1371,160_213,12.940505835294118,77.62020658235294,0.1,0.002075984825584226,0.004572653800846312,0.6923076923076923,0.454,34,0,Late Night (00-04),Adugodi,No Junction,0.0,214
1372,174_155,12.961585365,77.53370056,0.1,0.002043837018890111,0.001970913229402229,0.46153846153846156,1.037,20,2,Morning Peak (08-12),Vijayanagara,BTP017 - Attiguppe Circle,1.0,248
1373,187_230,12.981318095454547,77.64598840909092,0.0,0.0015149000595297887,0.002066712223096574,0.38461538461538464,0.733,22,2,Morning Peak (08-12),Jeevanbheemanagar,No Junction,0.0,272
1374,246_153,13.06957309,77.529886845,0.0,0.001413469826552772,0.0018500913960114817,0.3076923076923077,0.764,20,3,Afternoon (12-16),Jalahalli,No Junction,0.0,381
1375,199_212,12.999138623809523,77.61923753809523,0.0,0.0010715046162938118,0.0011208207283408074,0.38461538461538464,0.956,21,3,Afternoon (12-16),Pulikeshinagar(F.Town),No Junction,0.0,303
1376,221_218,13.032876786956521,77.62732889565218,0.0,0.0008754165913516817,0.0019324869566262287,0.3333333333333333,0.453,23,0,Late Night (00-04),K.G. Halli,No Junction,0.0,342
1377,265_189,13.098212824242426,77.5844740060606,0.0,0.000820383085359873,0.0013560050997683851,0.717948717948718,0.605,33,0,Late Night (00-04),Yelahanka,No Junction,0.0,389
1378,204_265,13.007186911111111,77.69792921851851,0.0,0.0006118699811398366,0.0007081828485414776,0.6153846153846154,0.864,27,1,Early Morning (04-08),K.R. Pura,No Junction,0.0,99
1379,204_214,13.007137525714285,77.62158840714285,0.0,0.0004928027890205742,0.0007910157127136023,1.6923076923076923,0.623,70,1,Early Morning (04-08),Pulikeshinagar(F.Town),No Junction,0.0,318
1380,177_239,12.966652278260868,77.65879696086957,0.0,0.000416617067303872,0.0004777718661741651,0.5384615384615384,0.872,23,1,Early Morning (04-08),Jeevanbheemanagar,No Junction,0.0,251
1381,174_173,12.96112051,77.56034608333333,0.0,0.0002477334883271017,0.0006042280203100042,0.6923076923076923,0.41,30,0,Late Night (00-04),Chamarajpet,BTP091 - Sirsi Circle,1.0,56
1382,189_227,12.984024545417743,77.64071238052811,0.0,0.0001969594934569378,0.00045174195747004083,0.7692307692307693,0.436,32,2,Morning Peak (08-12),Jeevanbheemanagar,No Junction,0.0,277
1383,177_238,12.966874166129033,77.65813075806452,0.0,0.00018268353497206702,0.00021168428154353075,1.5384615384615385,0.863,62,0,Late Night (00-04),Jeevanbheemanagar,No Junction,0.0,250
1384,161_175,12.941726090286972,77.56344906892619,0.0,0.00016522457740801209,0.00030040832256002193,0.41025641025641024,0.55,20,2,Morning Peak (08-12),Basavanagudi,No Junction,0.0,215
1385,191_205,12.9869434,77.60851832333333,0.0,4.572591711632558e-05,0.00013448799151860464,0.7435897435897436,0.34,30,3,Afternoon (12-16),Pulikeshinagar(F.Town),No Junction,0.0,76
1386,208_156,13.013066130434783,77.53484495217391,0.0,3.9708477153298426e-05,3.317333095513653e-05,0.5897435897435898,1.197,23,2,Morning Peak (08-12),UNKNOWN,No Junction,0.0,325
1387,160_189,12.940836657692309,77.58406428461538,0.0,3.0951165909537494e-05,3.3974935136704167e-05,0.6666666666666666,0.911,26,3,Afternoon (12-16),UNKNOWN,"BTP186 - 9th Cross, 4th Main, Jayanagar",0.9615384615384616,36
1388,143_210,12.915108531034484,77.6158164551724,0.0,1.896707151568198e-05,3.3043678598749095e-05,0.7435897435897436,0.574,29,2,Morning Peak (08-12),UNKNOWN,"BTP164 - 29th Main Road, BTM Layout",1.0,181
1389,200_214,13.00059401,77.621780065,0.0,1.7673095442704163e-05,3.2727954523526226e-05,0.5128205128205128,0.54,20,2,Morning Peak (08-12),UNKNOWN,No Junction,0.0,309
